[2026-09-05 11:54:29] OK - Loi n° 2002-23 du 23 septembre 2002 portant autorisation de ratification de l'ac [5db78e42].pdf (0.1 Mo, application/pdf)
[2026-09-05 11:54:30] OK - Loi n° 2003-09 du 10 mars 2003 portant autorisation de ratification de l'accord  [ebe41e93].pdf (0.1 Mo, application/pdf)
[2026-09-05 11:54:30] OK - Loi n° 2002-27 du 31 décembre 2002 portant autorisation de ratification du proto [b19af4a4].pdf (0.1 Mo, application/pdf)
[2026-09-05 11:54:30] OK - Loi n° 2002-22 du 28 août 2002 modifiant l'article 123 de la loi n° 2000-18 du 0 [7f89a686].pdf (0.1 Mo, application/pdf)
[2026-09-05 11:54:30] OK - Loi n° 2002-08 du 29 novembre 2002 modifiant et complétant la loi n° 81-014 du 1 [26453ddd].pdf (0.1 Mo, application/pdf)
[2026-09-05 11:54:30] OK - Loi n° 2002-26 du 31 décembre 2002 portant autorisation de ratification des conv [f117e722].pdf (0.1 Mo, application/pdf)
[2026-09-05 11:54:30] OK - Loi n° 2001-36 du 14 octobre 2002 portant statut de l'opposition [2e245f58].pdf (0.2 Mo, application/pdf)
[2026-09-05 11:54:30] OK - Loi n° 2003-08 du 10 mars 2003 portant autorisation de ratification de l'accord  [c100eb1e].pdf (0.5 Mo, application/pdf)
[2026-09-05 11:54:31] OK - Loi n° 2002-014 du 27 août 2002 portant conditions d'admission à la retraite des [ba33fb15].pdf (0.1 Mo, application/pdf)
[2026-09-05 11:54:31] OK - Loi n° 2002-19 du 12 juillet 2002 portant autorisation de ratification du protoc [5cd24313].pdf (0.0 Mo, application/pdf)
[2026-09-05 11:54:31] OK - Loi n° 2002-20 du 12 juillet 2002 portant autorisation de ratification de l'acco [a6819d85].pdf (0.0 Mo, application/pdf)
[2026-09-05 11:54:31] OK - Loi n° 2001-37 du 27 août 2002 portant organisation judiciaire en République du  [cb44a68f].pdf (0.2 Mo, application/pdf)
[2026-09-05 11:54:31] OK - Loi n° 2002-18 du 12 juillet 2002 portant autorisation de ratification du protoc [818040a3].pdf (0.0 Mo, application/pdf)
[2026-09-05 11:54:31] OK - Loi n° 2002-12 du 21 juin 2002 portant autorisation de ratification de l'accord  [e5020c48].pdf (0.0 Mo, application/pdf)
[2026-09-05 11:54:31] OK - Loi n° 2002-11 du 21 juin 2002 portant autorisation de ratification de l'accord  [2f1d1024].pdf (0.0 Mo, application/pdf)
[2026-09-05 11:54:31] OK - Loi n° 2002-13 du 21 juin 2002 portant autorisation de ratification de l'Accord  [6961de6b].pdf (0.0 Mo, application/pdf)
[2026-09-05 11:54:31] OK - Loi n° 2002-09 du 21 juin 2002 portant autorisation de ratification de la conven [5f08e52e].pdf (0.0 Mo, application/pdf)
[2026-09-05 11:54:32] OK - Loi n° 2002-10 du 21 juin 2002 portant autorisation de ratification de l'accord  [ef6a69b5].pdf (0.1 Mo, application/pdf)
[2026-09-05 11:54:32] OK - Loi n° 2001-39 du 13 décembre 2001 portant autorisation de ratification de l'acc [bcf947a0].pdf (0.0 Mo, application/pdf)
[2026-09-05 11:54:32] OK - Loi n° 2002-02 du 29 avril 2002 portant autorisation de ratification de l'accord [80f7d41e].pdf (0.0 Mo, application/pdf)
[2026-09-05 11:54:32] OK - Loi n° 2001-09 du 21 juin 2002 portant exercice du droit de grève en République  [d5d3232f].pdf (0.2 Mo, application/pdf)
[2026-09-05 11:54:32] OK - Loi n° 2001-40 du 13 décembre 2001 portant autorisation de ratification de la Co [53be7c47].pdf (0.0 Mo, application/pdf)
[2026-09-05 11:54:32] OK - Loi n° 2001-28 du 11 décembre 2001 portant détermination du traitement, des inde [5d63b781].pdf (0.1 Mo, application/pdf)
[2026-09-05 11:54:32] OK - Loi n° 2001-29 du 11 décembre 2001 portant détermination du traitement, des avan [82dc6ffe].pdf (0.2 Mo, application/pdf)
[2026-09-05 11:54:32] OK - Loi n° 2001-33 du 22 novembre 2001 portant autorisation d'adhésion du Bénin au P [f43ed48a].pdf (0.0 Mo, application/pdf)
[2026-09-05 11:54:32] OK - Loi n° 2001-30 du 11 décembre 2001 portant détermination des indemnités parlemen [448299e1].pdf (0.2 Mo, application/pdf)
[2026-09-05 11:54:32] OK - Loi n° 2002-25 du 31 décembre 2002 portant loi de finances pour la gestion 2003 [fbe42dd8].pdf (1.2 Mo, application/pdf)
[2026-09-05 11:54:33] OK - Loi n° 2002-015 du 30 décembre 2002 portant statut du notariat en République du  [b930e2bf].pdf (1.9 Mo, application/pdf)
[2026-09-05 11:54:33] OK - Loi n° 2001-34 du 22 novembre 2001 portant autorisation de ratification du compr [489b7995].pdf (0.0 Mo, application/pdf)
[2026-09-05 11:54:33] OK - Loi n° 98-019 du 21 mars 2003 portant code de sécurité sociale en République du  [82dfc017].pdf (2.1 Mo, application/pdf)
[2026-09-05 11:54:33] OK - Loi n° 2001-32 du 19 novembre 2001 portant autorisation de ratification de l'acc [37d66d3f].pdf (0.0 Mo, application/pdf)
[2026-09-05 11:54:33] OK - Loi n° 2001-24 du 09 août 2001 portant autorisation de ratification de l'accord  [402fbec2].pdf (0.0 Mo, application/pdf)
[2026-09-05 11:54:33] OK - Loi n° 2001-26 du 09 août 2001 portant autorisation de ratification du Statut de [0e8806c5].pdf (0.0 Mo, application/pdf)
[2026-09-05 11:54:33] OK - Loi n° 98-037 du 22 novembre 2001 portant code de l'artisanat en République du B [30965179].pdf (2.8 Mo, application/pdf)
[2026-09-05 11:54:33] OK - Loi n° 2001-23 du 09 août 2001 portant autorisation de ratification de l'accord  [97f2c346].pdf (0.1 Mo, application/pdf)
[2026-09-05 11:54:33] OK - Loi n° 2001-22 du 09 août 2001 portant autorisation de ratification de l'accord  [0bd6c20f].pdf (0.0 Mo, application/pdf)
[2026-09-05 11:54:33] OK - Loi n° 2001-25 du 09 août 2001 portant autorisation de ratification de l'accord  [7d2b40fa].pdf (0.0 Mo, application/pdf)
[2026-09-05 11:54:34] OK - Loi n° 2001-27 du 09 août 2001 portant autorisation de ratification de l'accord  [a100c103].pdf (0.0 Mo, application/pdf)
[2026-09-05 11:54:34] OK - Loi n° 2001-20 du 26 juillet 2001 portant autorisation d'adhésion à la Conventio [9eecbf52].pdf (0.0 Mo, application/pdf)
[2026-09-05 11:54:34] OK - Loi n° 2001-19 du 26 juillet 2001 portant autorisation de ratification de l'acco [f2fa9e45].pdf (0.1 Mo, application/pdf)
[2026-09-05 11:54:34] OK - Loi n° 2001-14 du 20 juillet 2001 portant autorisation de ratification de l'acco [8134e4f9].pdf (0.0 Mo, application/pdf)
[2026-09-05 11:54:34] OK - Loi n° 2001-15 du 20 juillet 2001 portant autorisation de ratification du protoc [d57f9e54].pdf (0.0 Mo, application/pdf)
[2026-09-05 11:54:34] OK - Loi n° 2000-21 du 28 décembre 2000 portant Loi de Finances pour gestion 2001 [f1085bad].pdf (1.3 Mo, application/pdf)
[2026-09-05 11:54:34] OK - Loi n° 2000-14 du 17 juillet 2000 portant autorisation de ratification de l'acco [62d1cfc1].pdf (0.0 Mo, application/pdf)
[2026-09-05 11:54:34] OK - Loi n° 99-028 du 07 juillet 2000 portant autorisation de ratification des conven [ac9714d5].pdf (0.0 Mo, application/pdf)
[2026-09-05 11:54:34] OK - Loi n° 2000-15 du 20 juillet 2000 portant autorisation de ratification de l'acco [6dd72f76].pdf (0.0 Mo, application/pdf)
[2026-09-05 11:54:34] OK - Loi n° 2000-09 du 04 juillet 2000 portant autorisation de ratification de l'acco [fc8f4065].pdf (0.0 Mo, application/pdf)
[2026-09-05 11:54:34] OK - Loi n° 98-017 du 07 juillet 2000 portant institution, organisation et fonctionne [9422a39e].pdf (0.7 Mo, application/pdf)
[2026-09-05 11:54:35] OK - Loi n° 99-014 du 12 avril 2000 portant création, organisation et fonctionnement  [398282a1].pdf (0.4 Mo, application/pdf)
[2026-09-05 11:54:35] OK - Loi n° 99-027 du 29 mars 2000 portant autorisation de ratification du Traité de  [30fad505].pdf (0.1 Mo, application/pdf)
[2026-09-05 11:54:35] OK - Loi n° 2000-10 du 04 juillet 2000 portant autorisation de ratification du Protoc [66eba66a].pdf (0.0 Mo, application/pdf)
[2026-09-05 11:54:35] OK - Loi n° 2000-08 du 29 juin 2000 portant autorisation de ratification de l'accord  [65f47cc0].pdf (0.1 Mo, application/pdf)
[2026-09-05 11:54:35] OK - Loi n° 98-006 du 09 mars 2000 portant régime électoral communal et municipal en  [3f469243].pdf (1.5 Mo, application/pdf)
[2026-09-05 11:54:35] OK - Loi N° 2026-14 du 14 juillet 2026 portant abrogation des dispositions du titre I [3ea4a319].pdf (0.4 Mo, application/pdf)
[2026-09-05 11:54:35] OK - Loi n° 2000-07 du 22 mai 2000 portant autorisation de ratification de l'accord d [426deda6].pdf (0.0 Mo, application/pdf)
[2026-09-05 11:54:35] OK - Loi n° 2000-06 du 22 mars 2000 portant autorisation de ratification de l'accord  [5c452006].pdf (0.1 Mo, application/pdf)
[2026-09-05 11:54:35] OK - Loi n° 2000-03 du 18 février 2000 portant autorisation de ratification de l'acco [905df4a8].pdf (0.0 Mo, application/pdf)
[2026-09-05 11:54:35] OK - Loi n° 2000-04 du 22 mars 2000 portant autorisation de ratification de l'accord  [cce66c1e].pdf (0.1 Mo, application/pdf)
[2026-09-05 11:54:36] OK - Loi n° 2000-05 du 22 mars 2000 portant autorisation de ratification de l'accord  [dfd868f3].pdf (0.1 Mo, application/pdf)
[2026-09-05 11:54:36] OK - Loi n° 2000-11 du 04 juillet 2000 portant autorisation de ratification de la Con [564f5e7a].pdf (0.0 Mo, application/pdf)
[2026-09-05 11:54:36] OK - Loi n° 2026-12 du 14 juillet 2026 portant modification de l'article 94 de la loi [fd0fe6e9].pdf (0.4 Mo, application/pdf)
[2026-09-05 11:54:36] OK - Loi n° 98-031 du 07 juillet 2000 portant autorisation de ratification _ - du pro [bc65067f].pdf (0.9 Mo, application/pdf)
[2026-09-05 11:54:36] OK - Loi N° 2018-27 du 03 sept. 2018 portant autorisation de ratification de l’accord [c48c2495].pdf (0.5 Mo, application/pdf)
[2026-09-05 11:54:36] OK - Loi N° 2021 - l3 DU 20 DECEMBRE 2021 modifiant et complétant la loi n' 2002-07 d [169177b1].pdf (1.4 Mo, application/pdf)
[2026-09-05 11:54:37] OK - Loi N° 2018-29 du 03 sept. 2018 portant autorisation de ratification de L’accord [32f2c8e2].pdf (0.7 Mo, application/pdf)
[2026-09-05 11:54:37] OK - Loi N° 2018-30 du 03 sept. 2018 portant autorisation de ratification du Protocol [47630dea].pdf (0.4 Mo, application/pdf)
[2026-09-05 11:54:37] OK - Loi N° 2018-28 du 03 sept. 2018 portant autorisation de ratification de l’accord [73aff726].pdf (0.5 Mo, application/pdf)
[2026-09-05 11:54:38] OK - Loi n° 2022-30 du 20 décembre 2022 fixant le régime juridique du bail à usage d' [95776c42].pdf (2.9 Mo, application/pdf)
[2026-09-05 11:54:38] OK - Loi N° 2018-32 du 05 sept. 2018 portant autorisation de ratification de la conve [c57d2b9a].pdf (0.5 Mo, application/pdf)
[2026-09-05 11:54:39] OK - Loi N° 2018-33 du 05 oct. 2018 Portant abrogation de la loi n° 2018-01 adoptée l [9184768b].pdf (0.4 Mo, application/pdf)
[2026-09-05 11:54:39] OK - Loi N° 2018-37 du 13 sept. 2018 portant autorisation de ratification de L’accord [6e02d207].pdf (0.4 Mo, application/pdf)
[2026-09-05 11:54:39] OK - Loi N° 2018-36 du 13 sept. 2018 portant autorisation de ratification de L’accord [517efebe].pdf (0.5 Mo, application/pdf)
[2026-09-05 11:54:39] OK - Loi N° 2024-25 du 12 septembre 2024 portant autorisation de ratification de la c [979447ac].pdf (0.6 Mo, application/pdf)
[2026-09-05 11:54:39] OK - Loi N° 2024-24 du 12 septembre 2024 portant autorisation de ratification de la C [ac6bf8f2].pdf (0.6 Mo, application/pdf)
[2026-09-05 11:54:40] OK - Loi N° 2018-34 du 05 oct. 2018 Modifiant et complétant la loi n°2001-09 du 21 ju [addd6b73].pdf (0.8 Mo, application/pdf)
[2026-09-05 11:54:41] OK - Loi n° 2022-19 du 19 oct. 2022 modifiant et complétant la loi n° 2012-15 du 18 m [5d76f95d].pdf (0.8 Mo, application/pdf)
[2026-09-05 11:54:42] OK - Loi n° 2024-21 du 23 mai 2024 portant autorisation de ratification de l'Accord d [d202a35c].pdf (0.1 Mo, application/pdf)
[2026-09-05 11:54:44] OK - Loi n° 2024-15 du 23 mai 2024 portant définition et répression de l'usure en Rép [19d5c583].pdf (0.7 Mo, application/pdf)
[2026-09-05 11:54:46] OK - Loi N° 2026-04 du 16 mars 2026 portant modification de la loi n° 2024-26 du 17 j [294ff8ad].pdf (0.1 Mo, application/pdf)
[2026-09-05 11:54:46] OK - Loi N° 2018-21 du 06 août 2018 portant règlement définitif du budget de I'Etat g [cdd81b63].pdf (5.7 Mo, application/pdf)
[2026-09-05 11:54:48] OK - Loi organique n° 2024-26 du 17 juillet 2024 portant loi organique sur le Conseil [fafa95c5].pdf (1.9 Mo, application/pdf)
[2026-09-05 11:54:48] OK - Loi N° 2024-12 du 29 mars 2024 portant autorisation de ratification de la Consti [8c792d18].pdf (0.3 Mo, application/pdf)
[2026-09-05 11:54:48] OK - Loi N° 2018-23 du 17 sept. 2018 portant charte des partis politiques République  [e24c4c71].pdf (4.8 Mo, application/pdf)
[2026-09-05 11:54:48] OK - Loi N° 2017-09 du 19 juin 2017 portant autorisation de ratification de la Conven [616f8cb2].pdf (0.2 Mo, application/pdf)
[2026-09-05 11:54:49] OK - Loi n° 2024-22 du 26 juillet 2024 relative à la Commission béninoise des droits  [3093f520].pdf (3.8 Mo, application/pdf)
[2026-09-05 11:54:51] OK - Loi N° 2017-10 du 19 juin 2017 portant autorisation de ratification, de l'accord [bf49bd2c].pdf (0.4 Mo, application/pdf)
[2026-09-05 11:54:51] OK - Loi N° 2002-07 DU 24 AOUT 2004 portant Code des personnes et de la famille en Ré [9e1a1f3d].pdf (8.1 Mo, application/pdf)
[2026-09-05 11:54:52] OK - Loi N° 2025-17 du 10 juillet 2025 portant modification de la loi n° 2020-04 du 0 [d54edb0a].pdf (2.4 Mo, application/pdf)
[2026-09-05 11:54:53] OK - Loi N° 2017-13 du 19 juin 2017 portant autorisation de ratification, du contrat  [9871dbf0].pdf (0.4 Mo, application/pdf)
[2026-09-05 11:54:53] OK - Loi N° 2017-21 du 26 juil. 2017 portant autorisation de ratification, du Protoco [9b720fd2].pdf (0.3 Mo, application/pdf)
[2026-09-05 11:54:54] OK - Loi N° 2017-22 du 03 août 2017 portant autorisation de ratification, de l'accord [c9ed9ad5].pdf (0.4 Mo, application/pdf)
[2026-09-05 11:54:54] OK - Loi N° 2025-20 du 17 décembre 2025 modifiant et complétant la loi n° 90-32 du 11 [3ec2bd35].pdf (6.5 Mo, application/pdf)
[2026-09-05 11:54:54] OK - Loi n° 2024-16 du 23 mai 2024 relative à l'activité d'affacturage en République  [a1341a7b].pdf (3.9 Mo, application/pdf)
[2026-09-05 11:54:55] OK - Loi n° 2025-01 du 26 juin 2026 portant organisation de l'exercice en clientèle p [02584654].pdf (6.9 Mo, application/pdf)
[2026-09-05 11:54:56] OK - Loi N° 2017-25 du 10 août 2017 portant autorisation de ratification, de la Conve [b0bfbc97].pdf (0.4 Mo, application/pdf)
[2026-09-05 11:54:56] OK - Loi N° 2017-23 du 10 août 2017 portant autorisation de ratification de la _Conve [a9abc997].pdf (0.4 Mo, application/pdf)
[2026-09-05 11:54:56] OK - Loi N° 2017-18 du 10 août 2017 portant autorisation de ratification, de l'accord [51b69021].pdf (0.4 Mo, application/pdf)
[2026-09-05 11:54:58] OK - Loi N° 2017-17 du 18 sept. 2017 Portant autorisation de ratification, de l’accor [2ad54b42].pdf (0.3 Mo, application/pdf)
[2026-09-05 11:54:59] OK - Loi N° 2017-26 du 12 oct. 2017 portant autorisation de ratification de I'accord  [88be85d1].pdf (0.3 Mo, application/pdf)
[2026-09-05 11:54:59] OK - Loi N° 2017-19 du 18 sept. 2017 portant autorisation de ratification, de la Conv [3760d40e].pdf (0.4 Mo, application/pdf)
[2026-09-05 11:55:03] OK - Loi N° 2017-06 du 18 sept. 2017 portant autorisation de ratification, de I'accor [0c9bdb65].pdf (4.9 Mo, application/pdf)
[2026-09-05 11:55:05] OK - Loi organique n° 2025-18 du 25 juillet 2025 modifiant et complétant la loi n° 20 [b4172692].pdf (2.8 Mo, application/pdf)
[2026-09-05 11:55:05] OK - Loi n° 2024-32 du 02 septembre 2024 fixant la fête annuelle des religions tradit [96cd0430].pdf (0.7 Mo, application/pdf)
[2026-09-05 11:55:09] OK - Loi N° 2024-03 du 05 mars 2024 modifiant et complétant la loi n° 2004-23 du 25 m [4c111588].pdf (9.7 Mo, application/pdf)
[2026-09-05 11:55:09] OK - Loi n° 2024-31 du 02 septembre 2024 relative à la reconnaissance de la nationali [9e4213bf].pdf (1.6 Mo, application/pdf)
[2026-09-05 11:55:09] OK - Loi N° 2024-13 du 15 mars 2024 modifiant et complétant la loi n° 2019-43 du 15 n [c8e5ea5a].pdf (6.6 Mo, application/pdf)
[2026-09-05 11:55:12] OK - Loi n° 2025-17 du 10 juillet 2025 portant modification de la loi n° 2020-04 du 0 [f377de9e].pdf (2.4 Mo, application/pdf)
[2026-09-05 11:55:12] OK - Loi n° 2025-13 du 02 juillet 2025 portant autorisation de ratification des proto [af7d4a81].pdf (0.8 Mo, application/pdf)
[2026-09-05 11:55:14] OK - Loi N° 2017-05 du 29 août 2017 fixant les conditions et la procédure d'embouche, [1112fa50].pdf (5.6 Mo, application/pdf)
[2026-09-05 11:55:14] OK - Loi n° 2022-14 du 09 juil. 2022 portant orientation agricole, sécurité alimentai [ac41cbc6].pdf (7.7 Mo, application/pdf)
[2026-09-05 11:55:14] OK - Loi N° 2026-01 du 03 février 2026 portant industrie du cinéma et de l'image anim [17a9cdaf].pdf (10.5 Mo, application/pdf)
[2026-09-05 11:55:16] OK - Loi n° 2024-26 du 17 juillet 2024 portant loi organique sur le Conseil économiqu [f73ab97a].pdf (1.9 Mo, application/pdf)
[2026-09-05 11:55:17] OK - Loi n° 2025-15 du 02 juillet 2025 relative à l’entrée, au séjour, à la résidence [9a7ffe12].pdf (4.0 Mo, application/pdf)
[2026-09-05 11:55:19] OK - Loi N° 2017-24 du 18 sept. 2017 portant autorisation de ratification de l'Accord [fc088ff1].pdf (4.9 Mo, application/pdf)
[2026-09-05 11:55:19] OK - Loi n° 2025-11 du 1er juillet 2025 portant modification de la loi n° 2024-31 du  [dce2694f].pdf (1.4 Mo, application/pdf)
[2026-09-05 11:55:19] OK - Loi N° 2017-11 du 19 juin 2017 portant autorisation de ratification, de I'accord [4b57a956].pdf (12.8 Mo, application/pdf)
[2026-09-05 11:55:20] OK - Loi n° 2024-30 du 23 juillet 2024 portant cadre juridique du partenariat public- [a9d7ee7d].pdf (11.3 Mo, application/pdf)
[2026-09-05 11:55:20] OK - Loi n° 2024-25 du 12 septembre 2024 portant autorisation de ratification de la c [b295f051].pdf (0.6 Mo, application/pdf)
[2026-09-05 11:55:20] OK - Loi n° 2024-24 du 12 septembre 2024 portant autorisation de ratification de la C [112f1c34].pdf (0.6 Mo, application/pdf)
[2026-09-05 11:55:22] OK - Loi n° 2024-21 du 23 mai 2024 portant autorisation de ratification de l’Accord d [34bad728].pdf (0.1 Mo, application/pdf)
[2026-09-05 11:55:23] OK - Loi n° 2024-23 du 26 juillet 2024 portant dispositions transitoires et dérogatoi [3fdf0a39].pdf (0.8 Mo, application/pdf)
[2026-09-05 11:55:23] OK - Loi N° 2018-39 du 28 déc. 2018 portant loi de finances, pour la gestion 2019 [044360c4].pdf (19.0 Mo, application/pdf)
[2026-09-05 11:55:23] OK - Loi n° 2025-07 du 24 mars 2025 portant modification de la loi n° 2022-11 du 27 j [4374e54d].pdf (1.8 Mo, application/pdf)
[2026-09-05 11:55:24] OK - Loi n° 2024-28 du 26 juillet 2024 portant création des Ordres nationaux du Bénin [adc46f38].pdf (5.1 Mo, application/pdf)
[2026-09-05 11:55:26] OK - Loi n° 2024-15 du 23 mai 2024 portant définition et répression de l’usure en Rép [0c3b293c].pdf (0.7 Mo, application/pdf)
[2026-09-05 11:55:27] OK - Loi n° 2024-10 du 29 mars 2024 relative au taux d'intérêt légal en République du [c5fcd8bf].pdf (0.1 Mo, application/pdf)
[2026-09-05 11:55:27] OK - Loi N° 2017-14 du 19 juin 2017 portant autorisation de ratification, de I'accord [258a803d].pdf (7.7 Mo, application/pdf)
[2026-09-05 11:55:27] OK - Loi n° 2024-12 du 29 mars 2024 portant autorisation de ratification de la Consti [0f2eda38].pdf (0.3 Mo, application/pdf)
[2026-09-05 11:55:28] OK - Loi n° 2025-04 du 21 mars 2025 portant autorisation d'adhésion de la République  [0913b4e7].pdf (0.8 Mo, application/pdf)
[2026-09-05 11:55:30] OK - Loi n° 2024-16 du 23 mai 2024 relative à l’activité d’affacturage en République  [93ff8214].pdf (3.9 Mo, application/pdf)
[2026-09-05 11:55:31] OK - Loi n° 2024-08 du 1er février 2024 portant autorisation de ratification de l'ann [75eeabc8].pdf (0.7 Mo, application/pdf)
[2026-09-05 11:55:31] OK - Loi n° 2024-06 du 1er février 2024 portant autorisation d'adhésion à la Conventi [ac083f96].pdf (0.1 Mo, application/pdf)
[2026-09-05 11:55:32] OK - Loi n° 2024-27 du 28 juin 2024 portant urbanisme en République du Bénin [3b734c15].pdf (11.3 Mo, application/pdf)
[2026-09-05 11:55:32] OK - Loi n° 2024-07 du 1er février 2024 portant autorisation d'adhésion de la Républi [4d8edc41].pdf (0.5 Mo, application/pdf)
[2026-09-05 11:55:33] OK - Loi n° 2024-27 du 28 juin 2024 sur l'urbanisme en République du Bénin [e3230753].pdf (11.3 Mo, application/pdf)
[2026-09-05 11:55:33] OK - Loi n° 2024-22 du 26 juillet 2024 relative à la Commission béninoise des droits  [e9ffe095].pdf (3.8 Mo, application/pdf)
[2026-09-05 11:55:33] OK - Loi n° 2025-09 du 03 avril 2025 portant cadre juridique de la chefferie traditio [9c23b841].pdf (9.4 Mo, application/pdf)
[2026-09-05 11:55:34] OK - Loi n° 2024-05 du 1er février 2024 portant autorisation de ratification de la Co [8199dd9b].pdf (0.1 Mo, application/pdf)
[2026-09-05 11:55:34] OK - _ Loi n° 2024-04 du 1er février 2024 portant autorisation de ratification de l’a [61cf7d8b].pdf (0.1 Mo, application/pdf)
[2026-09-05 11:55:35] OK - Loi n° 2024-29 du 15 juillet 2024 portant Code de l'aviation civile et commercia [5b53d176].pdf (22.7 Mo, application/pdf)
[2026-09-05 11:55:38] OK - Loi n° 2022-37 du 20 déc. 2022 modifiant et complétant les dispositions des lois [32bcfb82].pdf (0.7 Mo, application/pdf)
[2026-09-05 11:55:38] OK - Loi n° 2024-02 du 1er février 2024 portant autorisation de ratification de l’acc [8ea0d97b].pdf (0.7 Mo, application/pdf)
[2026-09-05 11:55:41] OK - Loi n° 2022-32 du 20 décembre 2022 portant code de la nationalité béninoise [69ded805].pdf (1.6 Mo, application/pdf)
[2026-09-05 11:55:42] OK - Loi n° 2022-34 du 09 déc. 2022 portant autorisation de ratification de l'Accord  [430643c5].pdf (0.6 Mo, application/pdf)
[2026-09-05 11:55:43] OK - Loi n° 2025-03 du 21 mars 2025 portant dispositions spéciales de procédures rela [51991982].pdf (7.2 Mo, application/pdf)
[2026-09-05 11:55:46] OK - Loi n° 2022-31 du 20 décembre 2022 portant statut des réfugiés et des apatrides  [483b4423].pdf (1.3 Mo, application/pdf)
[2026-09-05 11:55:46] OK - Loi n° 2022-26 du 07 déc. 2022 portant autorisation de ratification au protocole [e643427f].pdf (0.1 Mo, application/pdf)
[2026-09-05 11:55:48] OK - Loi n° 2022-28 du 07 déc. 2022 portant régime de prise en charge et de protectio [4b327ac3].pdf (0.4 Mo, application/pdf)
[2026-09-05 11:55:49] OK - Loi n° 2022-30 du 20 décembre 2022 fixant le régime juridique du bail à usage d’ [5fd0dd37].pdf (2.9 Mo, application/pdf)
[2026-09-05 11:55:49] OK - Loi n° 2024-13 du 15 mars 2024 modifiant et complétant la loi n° 2019-43 du 15 n [89fb49fa].pdf (6.6 Mo, application/pdf)
[2026-09-05 11:55:49] OK - Loi n° 2022-29 du 20 décembre 2022 relative au crédit-bail en République du Béni [49f31130].pdf (1.7 Mo, application/pdf)
[2026-09-05 11:55:49] OK - Loi n° 2025-02 du 05 février 2025 portant organisation de la concurrence en Répu [1ecad47d].pdf (10.0 Mo, application/pdf)
[2026-09-05 11:55:49] OK - Loi n° 2022-21 du 19 octobre 2022 modifiant et complétant la loi n° 2001-09 du 2 [d11ee87c].pdf (0.9 Mo, application/pdf)
[2026-09-05 11:55:50] OK - Loi n° 2024-11 du 29 mars 2024 relative aux infractions boursières sur le marché [53c5a4e0].pdf (6.1 Mo, application/pdf)
[2026-09-05 11:55:51] OK - Loi n° 2022-20 du 19 oct. 2022 portant modification des dispositions de l'articl [3e02ab1a].pdf (0.8 Mo, application/pdf)
[2026-09-05 11:55:52] OK - Loi n° 2022-19 du 19 octobre 2022 modifiant et complétant la loi n° 2012-15 du 1 [ed5ef0c1].pdf (0.8 Mo, application/pdf)
[2026-09-05 11:55:52] OK - Loi n° 2022-35 du 23 février 2023 modifiant et complétant la loi n° 2004-03 du 2 [f02c3f33].pdf (3.0 Mo, application/pdf)
[2026-09-05 11:55:56] OK - Loi n° 2022-38 du 03 janvier 2023 fixant le régime des zones économiques spécial [942b6e5e].pdf (7.0 Mo, application/pdf)
[2026-09-05 11:55:56] OK - Loi n° 2022-17 du 19 oct. 2022 portant modification de la loi n° 2020-37 du 03 f [f94878d8].pdf (0.8 Mo, application/pdf)
[2026-09-05 11:55:56] OK - Loi n° 2022-18 du 19 octobre 2022 portant création, composition et organisation  [80b559cf].pdf (1.8 Mo, application/pdf)
[2026-09-05 11:56:02] OK - Loi n° 2022-09 du 27 juin 2022 portant loi organique sur la Cour constitutionnel [8b6e204a].pdf (1.4 Mo, application/pdf)
[2026-09-05 11:56:02] OK - Loi n° 2025-19 du 22 juillet 2025 relative aux associations et aux fondations en [59c9f8b4].pdf (18.4 Mo, application/pdf)
[2026-09-05 11:56:06] OK - Loi n° 2025-06 du 02 juillet 2025 modifiant et complétant la loi n° 2012-15 du 1 [c2bd80cb].pdf (13.0 Mo, application/pdf)
[2026-09-05 11:56:07] OK - Loi n° 2022-07 du 27 juin 2022 portant organisation et réglementation des activi [330663e9].pdf (6.3 Mo, application/pdf)
[2026-09-05 11:56:08] OK - Loi n° 2022-10 du 27 juin 2022 portant composition, organisation, fonctionnement [cf6148b3].pdf (3.7 Mo, application/pdf)
[2026-09-05 11:56:10] OK - Loi n° 2022-05 du 27 juin 2022 portant loi organique sur la Cour des comptes [e2f00d61].pdf (5.4 Mo, application/pdf)
[2026-09-05 11:56:10] OK - Loi n° 2022-02 du 25 janvier 2022 portant autorisation de ratification de la Con [bfac8464].pdf (0.1 Mo, application/pdf)
[2026-09-05 11:56:10] OK - Loi n° 2022-01 du 25 janvier 2022 portant loi-cadre sur l'enseignement et la for [adcc83e4].pdf (1.6 Mo, application/pdf)
[2026-09-05 11:56:11] OK - Loi n° 2022-16 du 19 oct. 2022 portant création, organisation et fonctionnement  [bb39cfcc].pdf (1.8 Mo, application/pdf)
[2026-09-05 11:56:11] OK - Loi n° 2022-13 du 05 juil. 2022 portant loi organique sur la Haute autorité de l [8915a033].pdf (5.1 Mo, application/pdf)
[2026-09-05 11:56:11] OK - Loi n° 2024-30 du 23 juillet 2024 portant cadre juridique des partenariats publi [30b5683e].pdf (11.3 Mo, application/pdf)
[2026-09-05 11:56:12] OK - Loi n° 2018-37 du 13 septembre 2018 portant autorisation de ratification de l’ac [159bb763].pdf (0.4 Mo, application/pdf)
[2026-09-05 11:56:13] OK - Loi n° 2022-06 du 27 juin 2022 portant statut des magistrats de la Cour des comp [52d28ecf].pdf (3.1 Mo, application/pdf)
[2026-09-05 11:56:15] OK - Loi n° 2018-36 du 13 septembre 2018 portant autorisation de ratification de l’ac [e3543b13].pdf (0.5 Mo, application/pdf)
[2026-09-05 11:56:16] OK - Loi n° 2018-27 du 03 septembre 2018 portant autorisation de ratification de l’ac [1f388d8a].pdf (0.5 Mo, application/pdf)
[2026-09-05 11:56:17] OK - Loi n° 2018-24 du 02 août 2018 portant autorisation de ratification de l’accord  [45cc592a].pdf (0.5 Mo, application/pdf)
[2026-09-05 11:56:17] OK - Loi n° 2018-28 du 03 septembre 2018 portant autorisation de ratification de l’ac [545bd649].pdf (0.5 Mo, application/pdf)
[2026-09-05 11:56:17] OK - Loi 2° 2022-12 du 05 juil. 2022 portant règles particulières de procédure applic [0d5cff96].pdf (9.1 Mo, application/pdf)
[2026-09-05 11:56:17] OK - Loi n° 2018-25 du 02 août 2018 portant autorisation de ratification de l’accord  [ee246584].pdf (0.5 Mo, application/pdf)
[2026-09-05 11:56:17] OK - Loi n° 2018-29 du 03 septembre 2018 portant autorisation de ratification de l’ac [705de730].pdf (0.7 Mo, application/pdf)
[2026-09-05 11:56:17] OK - Loi n° 2024-14 du 02 septembre 2024 portant réglementation bancaire en Républiqu [dd2c6ce5].pdf (29.7 Mo, application/pdf)
[2026-09-05 11:56:18] OK - Loi n° 2018-38 du 17 octobre 2018 portant création de la Caisse des Dépôts et Co [46973189].pdf (3.5 Mo, application/pdf)
[2026-09-05 11:56:22] OK - Loi portant autorisation de ratification de l’accord de prêt signé à Cotonou le  [81bc0774].pdf (0.3 Mo, application/pdf)
[2026-09-05 11:56:22] OK - Loi n° 2022-08 du 27 juin 2022 portant règles particulières de procédure suivies [eef0e5f6].pdf (11.2 Mo, application/pdf)
[2026-09-05 11:56:22] OK - Loi portant création de la Police républicaine en République du Bénin [49cee1eb].pdf (0.9 Mo, application/pdf)
[2026-09-05 11:56:23] OK - Loi portant autorisation de ratification de l’Accord de Bangui instituant l’Orga [f901c5f5].pdf (0.2 Mo, application/pdf)
[2026-09-05 11:56:24] OK - Loi portant autorisation de ratification de la Convention de crédit signée le 10 [4bb0a401].pdf (0.4 Mo, application/pdf)
[2026-09-05 11:56:24] OK - Loi n° 2018-22 du 06 août 2018 portant règlement définitif du budget de l'État,  [ae165689].pdf (5.3 Mo, application/pdf)
[2026-09-05 11:56:26] OK - Loi n° 2018-21 du 06 août 2018 portant règlement définitif du budget de l'État,  [e8c7fc30].pdf (5.7 Mo, application/pdf)
[2026-09-05 11:56:26] OK - Loi portant autorisation de ratification de la “Convention MEDICRIME” [3a44110f].pdf (0.4 Mo, application/pdf)
[2026-09-05 11:56:27] OK - Loi n° 2024-29 du 15 juillet 2024 portant Code de l’aviation civile et commercia [4715a94a].pdf (22.7 Mo, application/pdf)
[2026-09-05 11:56:27] OK - Loi portant autorisation de ratification de l’accord de prêt additionnel signé à [f99576de].pdf (0.4 Mo, application/pdf)
[2026-09-05 11:56:27] OK - Loi portant autorisation de ratification du Protocole portant amendement relatif [f287a556].pdf (0.3 Mo, application/pdf)
[2026-09-05 11:56:27] OK - Loi n° 2017-19 du 18 septembre 2017 portant autorisation de ratification de la C [cbbc2657].pdf (0.4 Mo, application/pdf)
[2026-09-05 11:56:28] OK - Loi portant interdiction de la production, de l’importation, de l’exportation, d [b0e1bb59].pdf (2.7 Mo, application/pdf)
[2026-09-05 11:56:28] OK - Loi n° 2022-36 du 10 juillet 2023 portant gestion des produits chimiques et de l [02f4eefa].pdf (9.7 Mo, application/pdf)
[2026-09-05 11:56:28] OK - Loi n° 2017-17 du 18 septembre 2017 portant autorisation de ratification de l'ac [e2d189f7].pdf (0.3 Mo, application/pdf)
[2026-09-05 11:56:28] OK - Loi n° 2017-18 du 10 août 2017 portant autorisation de ratification de l'accord  [0bd6c530].pdf (0.4 Mo, application/pdf)
[2026-09-05 11:56:28] OK - Loi n° 2022-14 du 19 juillet 2022 portant orientation agricole, sécurité aliment [ef6aa5e7].pdf (7.7 Mo, application/pdf)
[2026-09-05 11:56:31] OK - Loi n° 2025-05 du 03 avril 2025 portant loi-cadre sur la construction et l'habit [419f1f7d].pdf (21.7 Mo, application/pdf)
[2026-09-05 11:56:33] OK - La Loi n° 2017-06 correspond à la loi béninoise portant protection et promotion  [15bd95f1].pdf (0.3 Mo, application/pdf)
[2026-09-05 11:56:34] OK - Loi n° 2017-41 du 29 decembre 2017 portant création de la police républicaine en [cf268556].pdf (0.9 Mo, application/pdf)
[2026-09-05 11:56:34] OK - Loi portant production, conditionnement, étiquetage, vente et usage du tabac, de [3ef00237].pdf (4.5 Mo, application/pdf)
[2026-09-05 11:56:34] OK - Loi n° 2018-18 du 06 août 2018 sur les changements climatiques en République du  [deea4dd5].pdf (14.5 Mo, application/pdf)
[2026-09-05 11:56:34] OK - Loi n° 2022-04 du 16 février 2022 sur l'hygiène publique en République du Bénin [bf876a5c].pdf (9.7 Mo, application/pdf)
[2026-09-05 11:56:37] OK - Loi n° 2017-16 du 18 septembre 2017 portant autorisation de ratification de l'ac [7f6c0a45].pdf (0.3 Mo, application/pdf)
[2026-09-05 11:56:37] OK - Loi N° 2017-04 du 19 oct. 2017 portant code des marchés publics en République du [b2b76586].pdf (24.2 Mo, application/pdf)
[2026-09-05 11:56:39] OK - Loi n° 2018-37 du 13 septembre 2018 portant autorisation de ratification de l’ac [874a5801].pdf (0.4 Mo, application/pdf)
[2026-09-05 11:56:40] OK - Loi n° 2018-35 du 05 octobre 2018 modifiant et complétant la loi n° 2015-18 du 1 [13c698ea].pdf (0.6 Mo, application/pdf)
[2026-09-05 11:56:40] OK - Loi n° 2018-36 du 13 septembre 2018 portant autorisation de ratification de l’ac [f8a22ba0].pdf (0.5 Mo, application/pdf)
[2026-09-05 11:56:40] OK - Loi n°2017-27 du 18 décembre 2017 relative à la production, au conditionnement,  [3a4c3502].pdf (4.5 Mo, application/pdf)
[2026-09-05 11:56:42] OK - Loi n° 2018-33 du 05 octobre 2018 portant abrogation de la loi n° 2018-01 adopté [023cb0e3].pdf (0.4 Mo, application/pdf)
[2026-09-05 11:56:42] OK - Loi n° 2017-05 du 29 août 2017 au Bénin porte sur les conditions et la procédure [80d8c822].pdf (5.6 Mo, application/pdf)
[2026-09-05 11:56:43] OK - Loi n° 2018-34 du 05 octobre 2018 modifiant et complétant la loi n° 2001-09 du 2 [7cb9a4af].pdf (0.8 Mo, application/pdf)
[2026-09-05 11:56:44] OK - Loi n° 2017-28 du 01 déc 2017 portant prévention, prise en charge et contrôle de [7e1c994e].pdf (5.9 Mo, application/pdf)
[2026-09-05 11:56:45] OK - Loi n° 2018-30 du 03 septembre 2018 portant autorisation de ratification du Prot [b7991dac].pdf (0.4 Mo, application/pdf)
[2026-09-05 11:56:45] OK - Loi N° 2020-02 du 20 mars 2020 portant code des investissements en République du [de8b2aeb].pdf (4.3 Mo, application/pdf)
[2026-09-05 11:56:45] OK - Loi n° 2018-32 du 05 septembre 2018 portant autorisation de ratification de la c [eaf7e79a].pdf (0.5 Mo, application/pdf)
[2026-09-05 11:56:46] OK - Loi n° 2018-29 du 03 septembre 2018 portant autorisation de ratification de l’ac [bd3063f4].pdf (0.7 Mo, application/pdf)
[2026-09-05 11:56:46] OK - Loi n° 2018-27 du 03 septembre 2018 portant autorisation de ratification de l’ac [c2368478].pdf (0.5 Mo, application/pdf)
[2026-09-05 11:56:47] OK - Loi n° 2018-28 du 03 septembre 2018 portant autorisation de ratification de l’ac [43f926cd].pdf (0.5 Mo, application/pdf)
[2026-09-05 11:56:47] OK - Loi portant prévention, prise en charge et contrôle des hépatites B et C en Répu [2febb7c0].pdf (5.9 Mo, application/pdf)
[2026-09-05 11:56:47] OK - Loi n° 2018-39 du 28 décembre 2018 portant loi de finances pour la gestion 2019 [3b3a536a].pdf (19.0 Mo, application/pdf)
[2026-09-05 11:56:49] OK - Loi N° 2017-06 du 29 sept. 2017 portant protection et promotion des droits des p [5ac8c480].pdf (4.9 Mo, application/pdf)
[2026-09-05 11:56:49] OK - Loi n° 2018-25 du 02 août 2018 portant autorisation de ratification de l’accord  [68b04056].pdf (0.5 Mo, application/pdf)
[2026-09-05 11:56:50] OK - Loi n° 2018-24 du 02 août 2018 portant autorisation de ratification de l’accord  [c909caec].pdf (0.5 Mo, application/pdf)
[2026-09-05 11:56:53] OK - Loi n° 2018-26 du 03 août 2018 portant autorisation d’enregistrement à titre dér [a45408c6].pdf (1.7 Mo, application/pdf)
[2026-09-05 11:56:57] OK - Loi n° 2026-05 du 03 février 2026 portant modification de la loi n° 2020-09 du 2 [13de23cf].pdf (1.9 Mo, application/pdf)
[2026-09-05 11:57:01] OK - Loi n° 2025-17 du 10 juillet 2025 portant modification de la loi n° 2020-04 du 0 [176c29b4].pdf (2.4 Mo, application/pdf)
[2026-09-05 11:57:05] OK - Loi n° 2025-18 du 25 juillet 2025 modifiant et complétant la loi n° 2022-09 du 2 [11335b3c].pdf (2.8 Mo, application/pdf)
[2026-09-05 11:57:08] OK - Loi n° 2018-22 du 06 août 2018 portant règlement définitif du budget de l’État,  [2a8bb63d].pdf (5.3 Mo, application/pdf)
[2026-09-05 11:57:10] OK - Loi n° 2018-21 du 06 août 2018 portant règlement définitif du budget de l’État,  [ac996646].pdf (5.7 Mo, application/pdf)
[2026-09-05 11:57:11] OK - Loi n° 2025-15 du 02 juillet 2025 relative à l'entrée, au séjour, à la résidence [838fbf1f].pdf (4.0 Mo, application/pdf)
[2026-09-05 11:57:11] OK - Loi n° 2018-23 du 17 septembre 2018 portant charte des partis politiques en Répu [accdad7c].pdf (4.8 Mo, application/pdf)
[2026-09-05 11:57:12] OK - loi n° 2025-12 du 02 juillet 2025 portant modification de la loi n° 2017-08 du 1 [2d1166bc].pdf (0.8 Mo, application/pdf)
[2026-09-05 11:57:14] OK - Loi n° 2025-20 du 17 décembre 2025 portant révision de la Constitution du 11 déc [948ac5ad].pdf (6.5 Mo, application/pdf)
[2026-09-05 11:57:19] OK - Loi n° 2025-16 du 10 juillet 2025 portant vision nationale de développement à l’ [bf7ee05e].pdf (9.1 Mo, application/pdf)
[2026-09-05 11:57:20] OK - Loi n°2025-04 DU 21 MARS 2025 portant autorisation d'adhésion de la République d [63bbc38a].pdf (0.8 Mo, application/pdf)
[2026-09-05 11:57:20] OK - Loi n°2025-07 DU 24 mars 2025 portant modification de la loi n°2022-11 du 27 jui [d864021e].pdf (1.8 Mo, application/pdf)
[2026-09-05 11:57:22] OK - Loi n° 2025-08 du 24 mars 2025 portant modification de la loi n° 2022-06 du 27 j [fc4d8072].pdf (1.9 Mo, application/pdf)
[2026-09-05 11:57:23] OK - Loi n°2024-06 du 1er février 2024 portant autorisation d’adhésion à la conventio [35702567].pdf (0.1 Mo, application/pdf)
[2026-09-05 11:57:23] OK - Loi n° 2017-15 du 10 août 2017 modifiant et complétant la loi n° 2013-01 du 14 a [d6a44236].pdf (11.6 Mo, application/pdf)
[2026-09-05 11:57:24] OK - Loi n°2014-07 du 1er février 2024 portant d'adhésion de la République du Bénin à [f1212248].pdf (0.5 Mo, application/pdf)
[2026-09-05 11:57:25] OK - Loi portant Loi de finances pour la gestion 2018 en République du Bénin [b51587e5].pdf (16.9 Mo, application/pdf)
[2026-09-05 11:57:26] OK - LOI N° 2020 - 17 DU 03 JUILLET 2020 portant statut spécial des fonctionnaires de [8914062c].pdf (8.2 Mo, application/pdf)
[2026-09-05 11:57:26] OK - Loi n°17-40 du 29 Décembre 2017 portant loi de finance pour la gestion 2018 [78a55087].pdf (16.9 Mo, application/pdf)
[2026-09-05 11:57:29] OK - Loi n° 2024-08 DU 1er février 2024 portant autorisation de ratification de l'ann [abdcb9c7].pdf (0.7 Mo, application/pdf)
[2026-09-05 11:57:29] OK - Loi n°2024-10 du 29 mars 2024 relative aux taux d’intérêt légal en République du [cf9c5a92].pdf (0.1 Mo, application/pdf)
[2026-09-05 11:57:30] OK - Loi n°2024-12 du 29 mars 2024 portant autorisation de ratification de la constit [33c010c4].pdf (0.3 Mo, application/pdf)
[2026-09-05 11:57:31] OK - Loi n° 2026-01 du 03 février 2026 portant industrie du cinéma et de l’image anim [400546fc].pdf (10.5 Mo, application/pdf)
[2026-09-05 11:57:31] OK - Loi N°2022 - 04 DU l6 FEVRTER 2022 sur l'hygiène publique en République du Bénin [fcd64c70].pdf (9.7 Mo, application/pdf)
[2026-09-05 11:57:32] OK - Loi n° 2017-04 du 19 octobre 2017 portant code des marchés publics en République [0f554d9e].pdf (24.2 Mo, application/pdf)
[2026-09-05 11:57:32] OK - Loi n° 2024-21 DU 23 MAI 2024 portant autorisation de ratification de l'Organisa [84412fc1].pdf (0.1 Mo, application/pdf)
[2026-09-05 11:57:32] OK - Loi n°2024-15 du 23 mai 2024 portant définition , répression de l'usure en Répub [284f650c].pdf (0.7 Mo, application/pdf)
[2026-09-05 11:57:33] OK - Loi N°2018-18 du 06 Aout 2018 sur les changements climatiques en République du B [18d9f999].pdf (14.5 Mo, application/pdf)
[2026-09-05 11:57:36] OK - Loi n° 2025-09 du 03 avril 2025 portant cadre juridique de la chefferie traditio [956ba242].pdf (9.4 Mo, application/pdf)
[2026-09-05 11:57:37] OK - Loi n °2024-23 du 26 juillet 2024 portant dispositions transitoires aux disposit [54e38881].pdf (0.8 Mo, application/pdf)
[2026-09-05 11:57:37] OK - Loi n°2024-24 du 12 septembre 2024 portant autorisation et ractification de la c [6b58e873].pdf (0.6 Mo, application/pdf)
[2026-09-05 11:57:37] OK - Loi n° 2024-25 du 12 septembre 2024 portant portant ractification de la conventi [1a43c397].pdf (0.6 Mo, application/pdf)
[2026-09-05 11:57:37] OK - Loi n° 2024-11 du 29 mars 2024 relatives aux infractions boursières sur le march [ff12eb35].pdf (6.1 Mo, application/pdf)
[2026-09-05 11:57:41] OK - LOI N° 2024-05 DU 1er FEVRIER 2024 portant autorisation de ratification de la co [dc0d0028].pdf (0.1 Mo, application/pdf)
[2026-09-05 11:57:41] OK - LOI N° 2024-04 DU 1er FEVRIER 2024 portant autorisation de ratification de l'acc [b97a4945].pdf (0.1 Mo, application/pdf)
[2026-09-05 11:57:41] OK - Loi n °2024-26 du 17 juillet 2024 portant loi organique sur le Conseil Economiqu [6f8edfa3].pdf (1.9 Mo, application/pdf)
[2026-09-05 11:57:42] OK - La loi n°2024-22 du 26 juillet 2024 relative à la Comission Béninoise des Droits [cbddc9b7].pdf (3.8 Mo, application/pdf)
[2026-09-05 11:57:43] OK - Loi N° 2020 - 37 DU 03 FEVRTER 2021 portant protection de la santé des personnes [ae918bab].pdf (3.1 Mo, application/pdf)
[2026-09-05 11:57:46] OK - Loi n° 2024-31 du 02 septembre 2024 relative à la reconnaissance de la nationali [9a067d02].pdf (1.6 Mo, application/pdf)
[2026-09-05 11:57:49] OK - Loi n'2024- 28 du 26 juillet portant création des ordres nationaux du Benin [79c24e84].pdf (5.1 Mo, application/pdf)
[2026-09-05 11:57:50] OK - LOI N° 2024-02 DU 1er FEVRIER 2024 portant autorisation de ratification de l'acc [5ef6f3aa].pdf (0.7 Mo, application/pdf)
[2026-09-05 11:57:51] OK - Loi N° 2017- 39 du 26 décembre 2017 portant Interdiction de la production, de l' [7b7180aa].pdf (16.9 Mo, application/pdf)
[2026-09-05 11:57:54] OK - Loi n° 2024-16 du 23 mai 2024 relative à l'activité d'affacturage en République  [79a35879].pdf (3.9 Mo, application/pdf)
[2026-09-05 11:57:54] OK - Loi N° 2017- 04 du 19 oct 2017 portant code des marchés publics en République du [daa6167b].pdf (24.2 Mo, application/pdf)
[2026-09-05 11:57:55] OK - Loi n°2025-08 du 24 mars 2025 portant modification de la loi n°2022-06 du 27 jui [7a910cf7].pdf (1.9 Mo, application/pdf)
[2026-09-05 11:57:55] OK - Loi 2025-04 du 21 mars 2025 [f84ffa09].pdf (0.8 Mo, application/pdf)
[2026-09-05 11:57:56] OK - Loi n°2025-08 du 24 mars 2025 portant modification de la loi n°2022-06 du 27 jui [5037b774].pdf (1.9 Mo, application/pdf)
[2026-09-05 11:57:57] OK - Loi n°2024-13 du 15 mars 2024 modifiant et complétant la loi n°2019-43 du 15 nov [002083d7].pdf (6.6 Mo, application/pdf)
[2026-09-05 11:57:59] OK - Loi 2025-07 portant modification de la loi n°2022-11 du 27 juin 2022 [10b5ef00].pdf (1.8 Mo, application/pdf)
[2026-09-05 11:58:00] OK - Loi n 2024 -30 du 23 juillet portant cadre juridique du partenariat public-privé [4419491a].pdf (11.3 Mo, application/pdf)
[2026-09-05 11:58:01] OK - Loi 2022-37 du 20 décembre 2022 modifiant et complétant les dispositions des loi [44323782].pdf (0.7 Mo, application/pdf)
[2026-09-05 11:58:01] OK - Loi n°2025-06 DU 02 Juillet 2025 modifiant et complétant la loi n° 2012-15 du 18 [9c58412f].pdf (13.0 Mo, application/pdf)
[2026-09-05 11:58:02] OK - Loi n°2025-02 du 05 février 2025 portant organisation de la concurrence en Répub [79230e5f].pdf (10.0 Mo, application/pdf)
[2026-09-05 11:58:02] OK - Loi n°2024-31 du 02 Septembre 2024 [c429222d].pdf (1.4 Mo, application/pdf)
[2026-09-05 11:58:03] OK - Loi n°2025-03 du 21 mars 2025 [be0d36fd].pdf (7.2 Mo, application/pdf)
[2026-09-05 11:58:08] OK - LOI N°2024-25 du 12 Septembre 2024 [eaf563c6].pdf (0.6 Mo, application/pdf)
[2026-09-05 11:58:09] OK - Loi n°2024-27 du 28 juin 2024 sur l'urbanisme en Republique du Benin [7a7f2d27].pdf (11.3 Mo, application/pdf)
[2026-09-05 11:58:10] OK - LOI N°2024-32 du 02 Septembre 2024 [8f3e28a1].pdf (0.7 Mo, application/pdf)
[2026-09-05 11:58:10] OK - LOI N°2021-15 du 23 Mai 2024 [cb9f8a34].pdf (0.7 Mo, application/pdf)
[2026-09-05 11:58:10] OK - LOI N°2021-22 du 26 Juillet 2024 [d2345599].pdf (3.8 Mo, application/pdf)
[2026-09-05 11:58:12] OK - LOI N°2017-44 du 05 Février 2018 [8f852a95].jpg (0.0 Mo, image/jpeg)
[2026-09-05 11:58:14] OK - LOI N°2024-31 du 02 Septembre 2024 [64ff110a].pdf (1.6 Mo, application/pdf)
[2026-09-05 11:58:15] OK - Loi N°2018-35 du 05 octobre 2018 [90692264].pdf (0.6 Mo, application/pdf)
[2026-09-05 11:58:15] OK - Loi N°2018-30 du 03 septembre 2018 [9ac5d5a6].pdf (0.4 Mo, application/pdf)
[2026-09-05 11:58:15] OK - LOI N°2018-11 du 18 mai 2018 [a9880926].jpg (0.0 Mo, image/jpeg)
[2026-09-05 11:58:16] OK - LOI N°2024-26 du 17 Juillet 2024 [029d8d44].pdf (1.9 Mo, application/pdf)
[2026-09-05 11:58:16] OK - Loi N°2018-15 du 02 juillet 2018 [9d9a09d2].pdf (0.4 Mo, application/pdf)
[2026-09-05 11:58:16] OK - LOI N°24-16 DU 23 MAI 2024 [8c5131bf].pdf (3.9 Mo, application/pdf)
[2026-09-05 11:58:17] OK - Loi 2025-17 du 10 juillet 2025 modification de la loi n°2020-04 du 08 mai 2020 [0c792d99].pdf (2.4 Mo, application/pdf)
[2026-09-05 11:58:17] OK - LOI N°2018-39 DU 28 DECEMBRE 2018 [aa00c24a].jpg (0.0 Mo, image/jpeg)
[2026-09-05 11:58:18] OK - LOI N°2018-18 DU 06 AOÛT 2018 [b875f891].jpg (0.0 Mo, image/jpeg)
[2026-09-05 11:58:22] OK - Loi n°2025-09 du 03 Avril 2025 [e6f8dd13].pdf (9.4 Mo, application/pdf)
[2026-09-05 11:58:22] OK - LOI N° 2024-03 DU 05 MARS 2024 modifiant et complétant la loi n° 2004-23du 25 ma [b5e1e450].pdf (9.7 Mo, application/pdf)
[2026-09-05 11:58:23] OK - Loi N°2018-28 du 03 septembre 2018 [c5f3b300].pdf (0.5 Mo, application/pdf)
[2026-09-05 11:58:25] OK - Loi n°2025-16 du 10 juillet 2025 [e4a13f54].pdf (9.1 Mo, application/pdf)
[2026-09-05 11:58:25] OK - LOI N°2018-21 du 04 Août 2018 [7086f4d4].jpg (0.0 Mo, image/jpeg)
[2026-09-05 11:58:26] OK - LOI N°2017-44 du 05 Février 2018 [70dcfcf9].jpg (0.0 Mo, image/jpeg)
[2026-09-05 11:58:27] OK - LOI N°2018-02 du 02 juillet 2018 [71099acb].jpg (0.0 Mo, image/jpeg)
[2026-09-05 11:58:29] OK - Loi N°2018-03 du 26 janvier 2018 [6bebdbf9].pdf (0.4 Mo, application/pdf)
[2026-09-05 11:58:34] OK - Loi n°2023-494 du 26 Septembre 2023 [97a1e7fc].pdf (11.1 Mo, application/pdf)
[2026-09-05 11:58:35] OK - Loi N°2018-26 du 03 août 2018 [775e91fd].pdf (1.7 Mo, application/pdf)
[2026-09-05 11:58:36] OK - Loi N°2018-24 du 02 août 2018 [dd4915d5].pdf (0.5 Mo, application/pdf)
[2026-09-05 11:58:39] OK - Loi N°2018-23 du 17 septembre 2018 [d29e169c].pdf (4.8 Mo, application/pdf)
[2026-09-05 11:58:39] OK - Loi N°2018-06 du 30 mars 2018 [4ee98f98].pdf (0.3 Mo, application/pdf)
[2026-09-05 11:58:41] OK - Loi n°2018-37 du 13 septembre 2018 [51fdf770].pdf (0.4 Mo, application/pdf)
[2026-09-05 11:58:42] OK - Loi n°2026-01 du 03 février 2026 [c91007c7].pdf (10.5 Mo, application/pdf)
[2026-09-05 11:58:42] OK - Loi N°2018-25 du 02 août 2018 [e4137d64].pdf (0.5 Mo, application/pdf)
[2026-09-05 11:58:42] OK - Loi n°2025-06 du 02 juillet 2025 modifiant et complétant la loi n°2012-15 du 18  [cf2e51a3].pdf (13.0 Mo, application/pdf)
[2026-09-05 11:58:43] OK - LOI N°2018-13 du 02 juillet 2018 [5560f734].jpg (0.0 Mo, image/jpeg)
[2026-09-05 11:58:44] OK - Loi N°2018-02 du 02 juillet 2018 [5127181c].pdf (1.9 Mo, application/pdf)
[2026-09-05 11:58:44] OK - Loi N° 2018-38 du 17 octobre 2018 [dbc2299c].pdf (3.5 Mo, application/pdf)
[2026-09-05 11:58:44] OK - LOI N°2018-24 du 30 Août 2018 [60b46b02].jpg (0.0 Mo, image/jpeg)
[2026-09-05 11:58:45] OK - Loi N° 2018-36 du 13 septembre 2018 [55acb1c2].pdf (0.5 Mo, application/pdf)
[2026-09-05 11:58:45] OK - LOI N°2017-20 du 20 Avril 2018 [62d6a2a8].jpg (0.0 Mo, image/jpeg)
[2026-09-05 11:58:46] OK - Loi N°2018-04 du 30 mars 2018 [61f94fc6].pdf (0.3 Mo, application/pdf)
[2026-09-05 11:58:47] OK - Loi N°2018-07 du 30 mars 2018 [6296c5c0].pdf (0.4 Mo, application/pdf)
[2026-09-05 11:58:48] OK - Loi N°2018-05 du 30 mars 2018 [6412f1fa].pdf (0.4 Mo, application/pdf)
[2026-09-05 11:58:49] OK - Loi N°2018-11 du 18 mai 2018 [085ed06a].pdf (0.4 Mo, application/pdf)
[2026-09-05 11:58:50] OK - Loi n'2024-29 du 15 juillet 2024 portant code de l'aviation civile et commercial [73edb554].pdf (22.7 Mo, application/pdf)
[2026-09-05 11:58:51] OK - LOI N°2018-19 DU 22 JUIN 2018 [33089915].jpg (0.0 Mo, image/jpeg)
[2026-09-05 11:58:51] OK - Loi N°2018-29 du 03 septembre 2018 [1148601a].pdf (0.7 Mo, application/pdf)
[2026-09-05 11:58:52] OK - LOI N°2018-10 du 02 Juillet 2018 [33e842a5].jpg (0.0 Mo, image/jpeg)
[2026-09-05 11:58:52] OK - Loi N°2018-13 du 02 juillet 2018 [6b27c320].pdf (6.8 Mo, application/pdf)
[2026-09-05 11:58:53] OK - Loi N° 2018-34 du 05 octobre 2018 [18e4c210].pdf (0.8 Mo, application/pdf)
[2026-09-05 11:58:56] OK - Loi N°2018-19 du 22 juin 2018 [2e2b2ee3].pdf (0.3 Mo, application/pdf)
[2026-09-05 11:58:57] OK - Loi N°2019-42 du 13 novembre 2019 [0074f20e].pdf (0.3 Mo, application/pdf)
[2026-09-05 11:58:57] OK - Loi N°2017-44 du 05 février 2018 [1093757c].pdf (3.7 Mo, application/pdf)
[2026-09-05 11:58:58] OK - Loi N°2019-02 du 17 janvier 2019 [047f8e35].pdf (0.3 Mo, application/pdf)
[2026-09-05 11:58:58] OK - Loi n°2025-05 DU 03 Avril 2025 portant loi-cadre sur la construction et l'habita [fcdaa0bf].pdf (21.7 Mo, application/pdf)
[2026-09-05 11:58:58] OK - Loi N°2018-33 du 05 octobre 2018 [0947a4a9].pdf (0.4 Mo, application/pdf)
[2026-09-05 11:58:59] OK - Loi N°2019-20 du 05 avril 2019 [098ab6cf].pdf (0.4 Mo, application/pdf)
[2026-09-05 11:58:59] OK - Loi N°2018-21 du 06 août 2018 [0824f6a5].pdf (5.7 Mo, application/pdf)
[2026-09-05 11:59:00] OK - Loi N°2018-10 du 02 juillet 2018 [f446bf74].pdf (21.9 Mo, application/pdf)
[2026-09-05 11:59:01] OK - LOI N°2022-34 DU 09 DECEMBRE 2023 [36c48d32].jpg (0.0 Mo, image/jpeg)
[2026-09-05 11:59:01] OK - LOI N°2018-20 du 23 Avril 2019 [3ac674f2].jpg (0.0 Mo, image/jpeg)
[2026-09-05 11:59:02] OK - LOI N°2019-20 du 05 Avril 2019 [3ce4f179].jpg (0.0 Mo, image/jpeg)
[2026-09-05 11:59:02] OK - Loi N°2019-12 du 25 février 2019 [05b48099].pdf (0.6 Mo, application/pdf)
[2026-09-05 11:59:02] OK - LOI N°2019-12 DU 25 FEVRIER 2019 [6669389d].jpg (0.0 Mo, image/jpeg)
[2026-09-05 11:59:02] OK - LOI N°2022-32 DU 20 DECEMBRE 2022 [6ed53734].jpg (0.0 Mo, image/jpeg)
[2026-09-05 11:59:04] OK - LOI N°2023-37 du 20 Décembre 2023 [76583caf].jpg (0.0 Mo, image/jpeg)
[2026-09-05 11:59:05] OK - Loi N° 2018-22 du 06 août 2018 [37a7722a].pdf (5.3 Mo, application/pdf)
[2026-09-05 11:59:05] OK - Loi N°2019-04 du 17 janvier 2019 [3deb1465].pdf (0.4 Mo, application/pdf)
[2026-09-05 11:59:05] OK - Loi N°2022-26 du 07 décembre 2022 [73b50d56].pdf (0.1 Mo, application/pdf)
[2026-09-05 11:59:05] OK - LOI N°2022-29 du 28 Décembre 2022 [78005347].jpg (0.0 Mo, image/jpeg)
[2026-09-05 11:59:06] OK - LOI N°2019-46 DU 27 DECEMBRE 2019 [84c65580].jpg (0.0 Mo, image/jpeg)
[2026-09-05 11:59:07] OK - Loi N°2019-39 du 07 novembre 2019 [79f4400a].pdf (0.3 Mo, application/pdf)
[2026-09-05 11:59:07] OK - LOI N°2018 - 43 DU 15 NOVEMBRE 2018 [88afd200].jpg (0.0 Mo, image/jpeg)
[2026-09-05 11:59:07] OK - Loi N°2022-29 du 20 décembre 2022 [31e0a7c6].pdf (1.7 Mo, application/pdf)
[2026-09-05 11:59:08] OK - Loi N°2022-34 du 09 décembre 2022 [784e363c].pdf (0.6 Mo, application/pdf)
[2026-09-05 11:59:08] OK - Loi N°2017-42 du 02 juillet 2018 [6d9aae07].pdf (13.6 Mo, application/pdf)
[2026-09-05 11:59:09] OK - LOI N°2019-41 DU 15 NOVEMBRE 2019 [9b9f43bc].jpg (0.0 Mo, image/jpeg)
[2026-09-05 11:59:10] OK - Loi N°2019-21 du 05 avril 2019 [8aca1f58].pdf (0.4 Mo, application/pdf)
[2026-09-05 11:59:11] OK - Loi N°2022-30 du 20 décembre 2022 [23ccb56d].pdf (2.9 Mo, application/pdf)
[2026-09-05 11:59:11] OK - Loi N°2019-03 du 17 janvier 2019 [9ab0f91f].pdf (0.4 Mo, application/pdf)
[2026-09-05 11:59:12] OK - Loi N°2019-11 du 25 février 2019 [976afa27].pdf (0.7 Mo, application/pdf)
[2026-09-05 11:59:12] OK - Loi n° 2025-14 du 02 juillet 2025 portant réglementation de la microfinance en R [bf11f871].pdf (36.6 Mo, application/pdf)
[2026-09-05 11:59:12] OK - Loi N°2019-15 du 22 mars 2019 [9810f8cf].pdf (0.4 Mo, application/pdf)
[2026-09-05 11:59:13] OK - Loi N°2019-10 du 15 février 2019 [9bb9a576].pdf (0.4 Mo, application/pdf)
[2026-09-05 11:59:14] OK - Loi N°2019-41 du 15 novembre 2019 [ae51c848].pdf (0.5 Mo, application/pdf)
[2026-09-05 11:59:14] OK - Loi N°2018-27 du 03 septembre 2018 [a63a44c8].pdf (0.5 Mo, application/pdf)
[2026-09-05 11:59:15] OK - Loi N°2022-31 du 20 décembre 2022 [a1b2a29a].pdf (1.3 Mo, application/pdf)
[2026-09-05 11:59:15] OK - LOI N°2019-06 DU 15 NOVEMBRE 2019 [c87e8111].jpg (0.0 Mo, image/jpeg)
[2026-09-05 11:59:15] OK - LOI N°2022-32 DU 20 DECEMBRE 2022 [c7f699d5].jpg (0.0 Mo, image/jpeg)
[2026-09-05 11:59:16] OK - LOI N°2019-45 DU 25 NOVEMBRE 2019 [d171b9b1].jpg (0.0 Mo, image/jpeg)
[2026-09-05 11:59:16] OK - LOI N°2019-40 DU 07 NOVEMBRE 2019 [d26b4e4f].jpg (0.0 Mo, image/jpeg)
[2026-09-05 11:59:16] OK - Loi N°2022-28 du 07 décembre 2022 [bc0c86ec].pdf (0.4 Mo, application/pdf)
[2026-09-05 11:59:17] OK - LOI N°2019-14 DU 22 MARS 2019 [c62e145e].pdf (0.4 Mo, application/pdf)
[2026-09-05 11:59:18] OK - LOI N°2018- 31 DU 09 OCTOBRE 2018 [528e1e8e].jpg (0.0 Mo, image/jpeg)
[2026-09-05 11:59:19] OK - LOI N°2018-31 DU 09 OCTOBRE 2018 [5d034b09].jpg (0.0 Mo, image/jpeg)
[2026-09-05 11:59:21] OK - Loi N°2019-16 du 22 mars 2019 [53627010].pdf (0.4 Mo, application/pdf)
[2026-09-05 11:59:22] OK - Loi N°2019-17 du 22 mars 2019 [6496d27f].pdf (0.4 Mo, application/pdf)
[2026-09-05 11:59:23] OK - Loi N°2019-45 du 25 novembre 2019 [c6832776].pdf (1.8 Mo, application/pdf)
[2026-09-05 11:59:23] OK - Loi N°2022-37 du 20 décembre 2022 [554ee90b].pdf (0.7 Mo, application/pdf)
[2026-09-05 11:59:24] OK - Loi N°2018-39 du 28 décembre 2018 [a4507f6c].pdf (19.0 Mo, application/pdf)
[2026-09-05 11:59:26] OK - LOI N°2019-20 du 05 Avril 2019 [fbab5826].jpg (0.0 Mo, image/jpeg)
[2026-09-05 11:59:26] OK - Loi N°2018-32 du 05 septembre 2018 [e0e0d567].pdf (0.5 Mo, application/pdf)
[2026-09-05 11:59:26] OK - LOI N°2022-17 DU 19 OCTOBRE 2022 [e26a9790].jpg (0.0 Mo, image/jpeg)
[2026-09-05 11:59:26] OK - Loi N°2022-32 du 20 décembre 2022 [4a0fb4ab].pdf (1.6 Mo, application/pdf)
[2026-09-05 11:59:26] OK - Loi N°2019-46 du 27 décembre 2019 [14d72e85].pdf (16.3 Mo, application/pdf)
[2026-09-05 11:59:27] OK - Loi N°2015-18 du 17 janvier 2018 [7f9f3215].pdf (18.2 Mo, application/pdf)
[2026-09-05 11:59:27] OK - Loi N°2019-20 du 05 avril 2019 [ed88439d].pdf (0.4 Mo, application/pdf)
[2026-09-05 11:59:27] OK - Loi N°2019-01 du 17 janvier 2019 [f7530603].pdf (0.4 Mo, application/pdf)
[2026-09-05 11:59:28] OK - LOI N°2022-18 DU 19 OCTOBRE2022 [e4560ce4].jpg (0.0 Mo, image/jpeg)
[2026-09-05 11:59:29] OK - Loi N°2019-40 du 07 novembre 2019 [deaa4ae7].pdf (2.6 Mo, application/pdf)
[2026-09-05 11:59:29] OK - LOI N°2020-04 du 03 Février 2021 [efeaaf9e].jpg (0.0 Mo, image/jpeg)
[2026-09-05 11:59:30] OK - Loi N°2018-20 du 23 avril 2019 [b6eba927].pdf (7.4 Mo, application/pdf)
[2026-09-05 11:59:31] OK - Loi N°2019-18 du 05 avril 2019 [e521eee7].pdf (0.5 Mo, application/pdf)
[2026-09-05 11:59:31] OK - LOI N°2020-37 DU 03 FEVRIER 2021 [fc6b8bcb].jpg (0.0 Mo, image/jpeg)
[2026-09-05 11:59:33] OK - LOI N°2022-38 DU 03 JANVIER 2023 [8cdc3dec].jpg (0.0 Mo, image/jpeg)
[2026-09-05 11:59:34] OK - Loi N°2018-18 du 06 août 2018 [318faed3].pdf (14.5 Mo, application/pdf)
[2026-09-05 11:59:35] OK - LOI N°2022-13 DU 05 JUILLET 2022 [9ab72da3].jpg (0.0 Mo, image/jpeg)
[2026-09-05 11:59:36] OK - Loi N°2022 - 21 du 19 octobre 2022 [fc4e6ad3].pdf (0.9 Mo, application/pdf)
[2026-09-05 11:59:38] OK - LOI N° 2020-34 du 06 janvier 2021 [e44b718d].pdf (3.1 Mo, application/pdf)
[2026-09-05 11:59:38] OK - LOI N°2021-03 DU 1er FEVRIER 2021 [9d573dd2].jpg (0.0 Mo, image/jpeg)
[2026-09-05 11:59:38] OK - Loi N°2018-12 du 02 juillet [d5eee38f].pdf (16.5 Mo, application/pdf)
[2026-09-05 11:59:38] OK - Loi N°2021-13 du 20 décembre 2021 [f52bf9c0].pdf (1.4 Mo, application/pdf)
[2026-09-05 11:59:39] OK - Loi N°2021-05 du 08 juillet 2021 [9cf22e07].pdf (0.3 Mo, application/pdf)
[2026-09-05 11:59:40] OK - LOI N°2022-06 DU 27 JUIN 2022 [a493f6ab].jpg (0.0 Mo, image/jpeg)
[2026-09-05 11:59:40] OK - LOI N°2022-09 DU 27 JUIN 2022 [aa0f4148].jpg (0.0 Mo, image/jpeg)
[2026-09-05 11:59:40] OK - Loi n° 2024-01 du 20 février 2024 portant loi uniforme relative à la lutte contr [a1698f01].pdf (65.5 Mo, application/pdf)
[2026-09-05 11:59:41] OK - Loi N°2020-37 du 03 février 2021 [eb7e0306].pdf (3.1 Mo, application/pdf)
[2026-09-05 11:59:43] OK - Loi N°2022-35 du 23 février 2023 [fea5ae83].pdf (3.0 Mo, application/pdf)
[2026-09-05 11:59:45] OK - Loi N°2019-43 du 15 novembre 2019 [64dc0388].pdf (8.3 Mo, application/pdf)
[2026-09-05 11:59:46] OK - Loi N°2022-20 du 19 octobre 2022 [aaa8c609].pdf (0.8 Mo, application/pdf)
[2026-09-05 11:59:46] OK - Loi N°2021-08 du 04 octobre 2021 [189fe0b8].pdf (0.4 Mo, application/pdf)
[2026-09-05 11:59:47] OK - LOI N°2022-38 DU 03 JANVIER 2023 [2f510021].jpg (0.0 Mo, image/jpeg)
[2026-09-05 11:59:49] OK - Loi N°2022 - 17 du 19 octobre 2022 [ef5c1532].pdf (4.2 Mo, application/pdf)
[2026-09-05 11:59:50] OK - LOI N°2022-19 DU 19 OCTOBRE 2022 [352a0cda].jpg (0.0 Mo, image/jpeg)
[2026-09-05 11:59:51] OK - Loi n° 2018-31 du 09 octobre 2018 portant code électoral en République du Bénin [77a38538].pdf (40.2 Mo, application/pdf)
[2026-09-05 11:59:54] OK - Loi N° 2022 -16 du 19 octobre 2022 [ae7a7ef9].pdf (1.8 Mo, application/pdf)
[2026-09-05 11:59:55] OK - Loi N°2021-06 du 04 octobre 2021 [1ccaee05].pdf (0.4 Mo, application/pdf)
[2026-09-05 11:59:55] OK - LOI N°2021-12 DU 20 DECEMBRE 2023 [396f503f].jpg (0.0 Mo, image/jpeg)
[2026-09-05 11:59:55] OK - LOI N°2022-19 DU 19 OCTOBRE 2022 [33f4f972].pdf (0.8 Mo, application/pdf)
[2026-09-05 11:59:59] OK - Loi N°2021-12 du 20 décembre 2021 [35fa421d].pdf (0.9 Mo, application/pdf)
[2026-09-05 12:00:00] OK - Loi N°2021-11 du 20 décembre 2021 [acbe3302].pdf (3.3 Mo, application/pdf)
[2026-09-05 12:00:02] OK - Loi N°2020-35 du 06 janvier 2021 [73c12b40].pdf (0.9 Mo, application/pdf)
[2026-09-05 12:00:03] OK - LOI N°2022-16 du 19 Octobre 2022 [775eec8d].jpg (0.0 Mo, image/jpeg)
[2026-09-05 12:00:03] OK - LOI N°2022-12 DU 05 JUILLET 2022 [8e119082].pdf (9.1 Mo, application/pdf)
[2026-09-05 12:00:03] OK - Loi N°2021-03 du 1er février 2021 [990ace3c].pdf (5.0 Mo, application/pdf)
[2026-09-05 12:00:04] OK - LOI N°2022-05 du 27 Juin 2022 [7a84edf5].jpg (0.0 Mo, image/jpeg)
[2026-09-05 12:00:04] OK - Loi N°2020-37 du 03 février 2021 [318c8520].pdf (3.1 Mo, application/pdf)
[2026-09-05 12:00:05] OK - Loi N° 2021-16 du 23 décembre 2021 [ace53651].pdf (7.9 Mo, application/pdf)
[2026-09-05 12:00:06] OK - Loi N° 2022 - 18 du 19 octobre 2022 [71daec6f].pdf (1.8 Mo, application/pdf)
[2026-09-05 12:00:06] OK - LOI N°2021-13 DU 20 DECEMBRE 2021 [80e92119].jpg (0.0 Mo, image/jpeg)
[2026-09-05 12:00:06] OK - LOI N°2022-18 DU 19 OCTOBRE2022 [810afe02].jpg (0.0 Mo, image/jpeg)
[2026-09-05 12:00:07] OK - LOI N°2020-37 DU 03 FEVRIER 2021 [81ced0b9].jpg (0.0 Mo, image/jpeg)
[2026-09-05 12:00:07] OK - LOI N°2021-14 DU 20 DECEMBRE 2021 [84a3560a].jpg (0.0 Mo, image/jpeg)
[2026-09-05 12:00:07] OK - Loi N°2021-04 du 08 juillet 2021 [668167c7].pdf (3.6 Mo, application/pdf)
[2026-09-05 12:00:08] OK - LOI N°2021-03 DU 1er FEVRIER 2021 [8638e093].jpg (0.0 Mo, image/jpeg)
[2026-09-05 12:00:09] OK - LOI N°2020-37 DU 03 FEVRIER 2021 [879ffe19].jpg (0.0 Mo, image/jpeg)
[2026-09-05 12:00:10] OK - Loi N° 2022 - 38 du 03 janvier 2023 [18bf11db].pdf (7.0 Mo, application/pdf)
[2026-09-05 12:00:10] OK - LOI N°2020-37 du 03 Février 2021 [4c35d05f].jpg (0.0 Mo, image/jpeg)
[2026-09-05 12:00:10] OK - LOI N°2022-06 DU 27 JUIN 2022 [8a512c6b].jpg (0.0 Mo, image/jpeg)
[2026-09-05 12:00:11] OK - LOI N°2022-20 du 19 Octobre 2022 [4482eb8c].jpg (0.0 Mo, image/jpeg)
[2026-09-05 12:00:11] OK - LOI N°2021-11 du 20 Décembre 2021 [4f291dfb].jpg (0.0 Mo, image/jpeg)
[2026-09-05 12:00:12] OK - LOI N°2022-12 du 05 Juillet 2022 [54096511].jpg (0.0 Mo, image/jpeg)
[2026-09-05 12:00:15] OK - LOI N°2021-07 du 23 Décembre 2021 [5e35083e].jpg (0.0 Mo, image/jpeg)
[2026-09-05 12:00:15] OK - LOI N°2020-37 DU 03 FEVRIER 2021 [b4b7094f].jpg (0.0 Mo, image/jpeg)
[2026-09-05 12:00:15] OK - LOI N°2022-10 du 27 Juin 2022 [564e8752].jpg (0.0 Mo, image/jpeg)
[2026-09-05 12:00:15] OK - LOI N°2021-16 DU 23 DECEMBRE 2021 [b75ad246].jpg (0.0 Mo, image/jpeg)
[2026-09-05 12:00:16] OK - LOI N°2022-36 DU 10 JUILLET 2023 [b8e31cfa].jpg (0.0 Mo, image/jpeg)
[2026-09-05 12:00:16] OK - Loi N°2022-14 du 19 juillet 2022 [f70173ac].pdf (7.7 Mo, application/pdf)
[2026-09-05 12:00:18] OK - Loi N°2021-01 du 03 février 2021 [2d81e57b].pdf (8.7 Mo, application/pdf)
[2026-09-05 12:00:19] OK - LOI N°2021-04 du 08 Juillet 2021 [bec9e6c1].jpg (0.0 Mo, image/jpeg)
[2026-09-05 12:00:19] OK - LOI N°2022-05 du 27 Juin 2022 [bab17c98].jpg (0.0 Mo, image/jpeg)
[2026-09-05 12:00:19] OK - LOI N°2022-35 du 23 Février 2023 [c402d205].jpg (0.0 Mo, image/jpeg)
[2026-09-05 12:00:19] OK - LOI N°2022-36 du 10 Juillet 2023 [c4a85c77].jpg (0.0 Mo, image/jpeg)
[2026-09-05 12:00:20] OK - LOI N°2021-07 du 04 Octobre 2023 [c692dbf7].jpg (0.0 Mo, image/jpeg)
[2026-09-05 12:00:20] OK - Loi N°2020-37 du 03 février 2021 [7ac2203e].pdf (3.1 Mo, application/pdf)
[2026-09-05 12:00:21] OK - LOI N°2022-21 DU 19 OCTOBRE 2022 [caf3f6eb].jpg (0.0 Mo, image/jpeg)
[2026-09-05 12:00:22] OK - Loi N°2022-36 du 10 juillet 2023 [0613be0d].pdf (9.7 Mo, application/pdf)
[2026-09-05 12:00:22] OK - LOI N°2021-07 du 20 Décembre 2021 [d400b200].jpg (0.0 Mo, image/jpeg)
[2026-09-05 12:00:22] OK - LOI N°2021-06 du 04 Octobre 2021 [d4cc9e24].jpg (0.0 Mo, image/jpeg)
[2026-09-05 12:00:23] OK - loi N°2022 - 07 du 27 Juin 2022 [86786158].pdf (6.3 Mo, application/pdf)
[2026-09-05 12:00:23] OK - LOI N°2021-09 du 22 Octobre 2021 [d774ed6a].jpg (0.0 Mo, image/jpeg)
[2026-09-05 12:00:23] OK - LOI N°2019-43 DU 15 NOVEMBRE 2019 [b4915638].jpg (0.0 Mo, image/jpeg)
[2026-09-05 12:00:24] OK - LOIN°2022-01 DU 25 JANVIER 2022 [bbaedcdf].jpg (0.0 Mo, image/jpeg)
[2026-09-05 12:00:25] OK - Loi N°2022-08 du 27 Juin 2022 [2f64b362].pdf (11.2 Mo, application/pdf)
[2026-09-05 12:00:26] OK - LOI N°2022-04 du 16 Février 2022 [ca5335ab].jpg (0.0 Mo, image/jpeg)
[2026-09-05 12:00:28] OK - Loi N° 2020-10 du 27 avril 2020 [c7be1fb1].pdf (0.5 Mo, application/pdf)
[2026-09-05 12:00:28] OK - Loi N°2021-07 du 04 octobre 2021 [c88877a5].pdf (0.4 Mo, application/pdf)
[2026-09-05 12:00:28] OK - LOI N°2020-13 du 04 Juin 2020 [ce2aa506].jpg (0.0 Mo, image/jpeg)
[2026-09-05 12:00:30] OK - Loi N° 2020-24 du 02 septembre 2020 [cb9b73f2].pdf (0.7 Mo, application/pdf)
[2026-09-05 12:00:30] OK - Loi N°2021-09 du 22 octobre 2021 [3b74a34c].pdf (12.0 Mo, application/pdf)
[2026-09-05 12:00:31] OK - LOI N°2000-05 DU 1er AVRIL 2020 [dbda163e].jpg (0.0 Mo, image/jpeg)
[2026-09-05 12:00:31] OK - Loi N° 2020 - 35 DU 06 JANVIER 2021 [c9fdb577].pdf (0.9 Mo, application/pdf)
[2026-09-05 12:00:34] OK - Loi N° 2020-15 du 03 juillet 2020 [d37209a1].pdf (0.9 Mo, application/pdf)
[2026-09-05 12:00:34] OK - Loi N° 2022-02 du 25 janvier 2022 [1c4137dd].pdf (0.1 Mo, application/pdf)
[2026-09-05 12:00:34] OK - Loi N° 2022-01 du 25 janvier 2022 [bf2dfeee].pdf (1.6 Mo, application/pdf)
[2026-09-05 12:00:34] OK - LOI N°2020-16 du 03 Juillet 2020 [2d5f717c].jpg (0.0 Mo, image/jpeg)
[2026-09-05 12:00:35] OK - Loi N°2022 - 06 du 27 Juin 2022 [cbc57d40].pdf (3.1 Mo, application/pdf)
[2026-09-05 12:00:35] OK - CDIJ L 2022-10 du 27 Juin 2022 [5abb345c].pdf (3.7 Mo, application/pdf)
[2026-09-05 12:00:37] OK - LOI N°2020-10 du 27 Avril 2020 [38f80f11].jpg (0.0 Mo, image/jpeg)
[2026-09-05 12:00:38] OK - LOI N°2019-43 du 15 Novembre 2019 [3d5363d6].jpg (0.0 Mo, image/jpeg)
[2026-09-05 12:00:38] OK - Loi N° 2020-26 du 29 septembre 2020 [3a5bec27].html (0.0 Mo, text/html)
[2026-09-05 12:00:42] OK - Loi N°2021-01 du 03 février 2021 [6af92d68].pdf (8.7 Mo, application/pdf)
[2026-09-05 12:00:42] OK - LOI N°2020-05 DU 1er AVRIL 2020 [e4048a0c].jpg (0.0 Mo, image/jpeg)
[2026-09-05 12:00:42] OK - Loi N° 2020-07 du 17 Février 2020 [38bbdd52].pdf (1.5 Mo, application/pdf)
[2026-09-05 12:00:46] OK - LOI N°2020-20 DU 02 SEPTEMBRE 2020 [e70637ee].jpg (0.0 Mo, image/jpeg)
[2026-09-05 12:00:46] OK - LOI N°2020-05 du 1er Avril 2020 [eb77f0b3].jpg (0.0 Mo, image/jpeg)
[2026-09-05 12:00:47] OK - LOI N° 2022 -12 du 05 juillet 2022 [85c13c0b].pdf (9.1 Mo, application/pdf)
[2026-09-05 12:00:51] OK - Loi N°2022 -13 du 05 juillet 2022 [cf60eb21].pdf (5.1 Mo, application/pdf)
[2026-09-05 12:00:52] OK - LOI N. 2019 - 40 DU 07 NOVEMBRE 2019 [e0f613ef].pdf (2.6 Mo, application/pdf)
[2026-09-05 12:00:53] OK - Loi N° 2020-32 du 23 octobre 2020 [fac79bf2].pdf (0.3 Mo, application/pdf)
[2026-09-05 12:00:53] OK - Loi N° 2020-13 du 04 juin 2020 [ef4ba39c].pdf (0.6 Mo, application/pdf)
[2026-09-05 12:00:53] OK - Loi N°2020-05 du 1er Avril 2020 [c66c9c8a].pdf (4.5 Mo, application/pdf)
[2026-09-05 12:00:55] OK - LOI N°2020-11 DU 27 AVRIL 2020 [fec7e5d7].jpg (0.0 Mo, image/jpeg)
[2026-09-05 12:00:56] OK - Loi N° 2017-20 du 20 avril 2018 [3da6b4e0].pdf (2.2 Mo, application/pdf)
[2026-09-05 12:00:58] OK - Loi N° 2020-25 du 02 septembre 2020 [fdcd8f83].pdf (0.6 Mo, application/pdf)
[2026-09-05 12:00:59] OK - Loi N°2017-20 du 20 avril 2018 [b129cc42].pdf (48.9 Mo, application/pdf)
[2026-09-05 12:01:00] OK - Loi N° 2020-01 du 04 févr. 2020 [8eaf086c].pdf (0.4 Mo, application/pdf)
[2026-09-05 12:01:03] OK - Loi N° 2020-23 du 29 septembre 2020 [ec9c643b].pdf (3.7 Mo, application/pdf)
[2026-09-05 12:01:03] OK - loi N° 2020-03 du 20 mars 2020 [3534bcfa].pdf (6.8 Mo, application/pdf)
[2026-09-05 12:01:03] OK - Loi N° 2020-09 du 23 avril 2020 [90bda59f].pdf (1.3 Mo, application/pdf)
[2026-09-05 12:01:04] OK - Loi N° 2020-25 du 02 sept. 2020 [42e64830].pdf (0.6 Mo, application/pdf)
[2026-09-05 12:01:05] OK - Loi N° 2020-17 du 03 juillet 2020 [db2cb942].pdf (13.1 Mo, application/pdf)
[2026-09-05 12:01:08] OK - LOI N°2020-12 du 27 Avril 2020 [58beb961].jpg (0.0 Mo, image/jpeg)
[2026-09-05 12:01:08] OK - LOI N°2020-18 du 03 Juillet 2020 [5a052eb7].jpg (0.0 Mo, image/jpeg)
[2026-09-05 12:01:10] OK - Loi N° 2022-04 du 16 février 2022 [e0c289ec].pdf (9.7 Mo, application/pdf)
[2026-09-05 12:01:10] OK - LOI N°2019-43 du 15 Novembre 2019 [28bd3796].pdf (8.3 Mo, application/pdf)
[2026-09-05 12:01:11] OK - Loi N° 2020-20 du 02 septembre 2020 [405ab912].pdf (7.4 Mo, application/pdf)
[2026-09-05 12:01:11] OK - LOI N°2020-08 DU 23 AVRIL 2020 [608df92b].jpg (0.0 Mo, image/jpeg)
[2026-09-05 12:01:11] OK - LOI N°2017-20 du 20 Avril 2018 [5c663a41].jpg (0.0 Mo, image/jpeg)
[2026-09-05 12:01:12] OK - LOI N°2020-19 du 03 Juillet 2020 [57ad469e].jpg (0.0 Mo, image/jpeg)
[2026-09-05 12:01:13] OK - Loi N° 65-24 [530b3840].pdf (0.2 Mo, application/pdf)
[2026-09-05 12:01:13] OK - LOI N°2022-02 DU 25 JANVIER 2022 [6970fe34].jpg (0.0 Mo, image/jpeg)
[2026-09-05 12:01:13] OK - Loi N° 2020-28 du 02 septembre 2020 [98c6084f].pdf (2.0 Mo, application/pdf)
[2026-09-05 12:01:14] OK - LOI N°2019-40 du 07 Novembre 2019 [6ac2d458].jpg (0.0 Mo, image/jpeg)
[2026-09-05 12:01:14] OK - LOI N°2020-12 du 27 Avril 2020 [72b20cd7].jpg (0.0 Mo, image/jpeg)
[2026-09-05 12:01:15] OK - Loi N°2022 - 05 du 27 Juin 2022 [468713de].pdf (5.4 Mo, application/pdf)
[2026-09-05 12:01:16] OK - LOI N°2020-08 DU 23 AVRIL 2020 [7ae1375b].jpg (0.0 Mo, image/jpeg)
[2026-09-05 12:01:16] OK - LOI N°2020-31 du 23 octobre 2020 [72c4783b].jpg (0.0 Mo, image/jpeg)
[2026-09-05 12:01:16] OK - Loi N° 2020-08 du 23 avril 2020 [4c2b2f90].pdf (3.7 Mo, application/pdf)
[2026-09-05 12:01:17] OK - Loi N° 2020-12 du 27 avril 2020 [6f198ee8].pdf (0.5 Mo, application/pdf)
[2026-09-05 12:01:17] OK - LOI N°2019-40 DU 07 NOVEMBRE 2019 [83d39bce].jpg (0.0 Mo, image/jpeg)
[2026-09-05 12:01:17] OK - Loi N° 2021-01 du 03 février 2021 [457220e8].pdf (8.7 Mo, application/pdf)
[2026-09-05 12:01:18] OK - LOI N°2017-20 DU 20 AVRIL 2018 [8456bebd].jpg (0.0 Mo, image/jpeg)
[2026-09-05 12:01:18] OK - Loi N° 2020-14 du 03 juillet 2020 [7ce18351].pdf (0.2 Mo, application/pdf)
[2026-09-05 12:01:19] OK - Loi N° 2020-31 du 23 octobre 2020 [7d524723].pdf (0.3 Mo, application/pdf)
[2026-09-05 12:01:20] OK - Loi N° 2016-07 du 24 juin 2016 [6b9fc47a].pdf (0.2 Mo, application/pdf)
[2026-09-05 12:01:20] OK - Loi N° 2020-17 du 03 juillet 2020 [d17307a3].pdf (13.1 Mo, application/pdf)
[2026-09-05 12:01:20] OK - Loi N° 2016-20 [67ccd447].pdf (0.2 Mo, application/pdf)
[2026-09-05 12:01:21] OK - Loi N° 2016-01 du 29 février 2016 [82164ceb].pdf (0.1 Mo, application/pdf)
[2026-09-05 12:01:22] OK - Loi N° 2020-16 du 03 juillet 2020 [92be68af].pdf (11.9 Mo, application/pdf)
[2026-09-05 12:01:22] OK - LOI N°87-014 DU 21 SEPTEMBRE 1987 [dd285b97].jpg (0.0 Mo, image/jpeg)
[2026-09-05 12:01:24] OK - LOI N°2016-10 du 8 Juillet 2016 [e87562a9].jpg (0.0 Mo, image/jpeg)
[2026-09-05 12:01:24] OK - Loi N° 65-23 [8a41d347].pdf (0.2 Mo, application/pdf)
[2026-09-05 12:01:24] OK - LOI N°2016-21 du 23 Août 2016 [ee665734].jpg (0.0 Mo, image/jpeg)
[2026-09-05 12:01:26] OK - LOI N°2016-19 DU 23 AOÛT 2016 [f38536a1].jpg (0.0 Mo, image/jpeg)
[2026-09-05 12:01:27] OK - Loi N° 2016-02 du 25 mai 2016 [f22f4068].pdf (0.1 Mo, application/pdf)
[2026-09-05 12:01:28] OK - Loi N° 2020-30 du 28 octobre 2020 [68ce0df9].pdf (6.7 Mo, application/pdf)
[2026-09-05 12:01:28] OK - LOI N°2016-19 DU 23 AOÛT 2016 [f80dba0c].jpg (0.0 Mo, image/jpeg)
[2026-09-05 12:01:29] OK - Loi N° 2016-04 du 25 mai 2016 [f587069f].pdf (0.2 Mo, application/pdf)
[2026-09-05 12:01:30] OK - LOI N°2016-16 DU 28 JUILLET 2016 [fa3f3ea0].jpg (0.0 Mo, image/jpeg)
[2026-09-05 12:01:30] OK - Loi N° 65-26 [eba30040].pdf (0.9 Mo, application/pdf)
[2026-09-05 12:01:31] OK - LOI N°2016-05 DU 25 MAI 2016 [fb9097a3].jpg (0.0 Mo, image/jpeg)
[2026-09-05 12:01:31] OK - Loi N° 65-31 [f4ead964].pdf (0.4 Mo, application/pdf)
[2026-09-05 12:01:31] OK - LOI N°2016-15 DU 28 JUILLET 2016 [fd72fd8c].jpg (0.0 Mo, image/jpeg)
[2026-09-05 12:01:31] OK - Loi N° 65-29 [783ef0d0].pdf (5.2 Mo, application/pdf)
[2026-09-05 12:01:32] OK - LOI N°2016-11 du 8 Juillet 2016 [ba9b3a9f].jpg (0.0 Mo, image/jpeg)
[2026-09-05 12:01:32] OK - LOI N°2016-18 du 03 Août 2016 [bab77c56].jpg (0.0 Mo, image/jpeg)
[2026-09-05 12:01:33] OK - LOI N°2016-04 du 25 Mai 2016 [bd6d0903].jpg (0.0 Mo, image/jpeg)
[2026-09-05 12:01:33] OK - LOI N°2016-02 DU 25 MAI 2016 [c2fafb8d].jpg (0.0 Mo, image/jpeg)
[2026-09-05 12:01:34] OK - LOI N°2016-17 DU 04 OCTOBRE 2016 [ca791ff0].jpg (0.0 Mo, image/jpeg)
[2026-09-05 12:01:34] OK - LOI N°2016-15 DU 28 JUILLET 2016 [d06c5c76].jpg (0.0 Mo, image/jpeg)
[2026-09-05 12:01:35] OK - Loi N° 2016-10 du 8 juillet 2016 portant loi uniforme relative au traitement des [8a5bdf02].pdf (2.7 Mo, application/pdf)
[2026-09-05 12:01:35] OK - Loi N° 2016-18 [c53b160e].pdf (0.2 Mo, application/pdf)
[2026-09-05 12:01:35] OK - Loi N° 2016-34 [f7d621e9].pdf (0.1 Mo, application/pdf)
[2026-09-05 12:01:36] OK - Loi N° 61-6 [121eadb3].pdf (0.2 Mo, application/pdf)
[2026-09-05 12:01:36] OK - Loi N° 2016-21 [09976c24].pdf (0.2 Mo, application/pdf)
[2026-09-05 12:01:38] OK - Loi N° 2016-03 du 25 mai 2016 [1420c8af].pdf (0.2 Mo, application/pdf)
[2026-09-05 12:01:39] OK - LOI N°2016-25 DU 04 NOVEMBRE 2016 [3817fbbe].jpg (0.0 Mo, image/jpeg)
[2026-09-05 12:01:40] OK - LOI N° 2016-34 DU 26 DECEMBRE 2016 [3c78b7bc].jpg (0.0 Mo, image/jpeg)
[2026-09-05 12:01:40] OK - Loi N° 2016-17 [d20cd2f0].pdf (1.2 Mo, application/pdf)
[2026-09-05 12:01:40] OK - LOI N°2016-21 du 23 Août 2016 [352f0dd6].jpg (0.0 Mo, image/jpeg)
[2026-09-05 12:01:40] OK - Loi N° 2016-25 [86c6abb9].pdf (4.8 Mo, application/pdf)
[2026-09-05 12:01:41] OK - Loi N° 2016-08 du 24 juin 2016 [383f4d24].pdf (0.2 Mo, application/pdf)
[2026-09-05 12:01:41] OK - Loi N° 2017-25 du 10 août 2017 [2153be1e].pdf (0.4 Mo, application/pdf)
[2026-09-05 12:01:41] OK - LOI N° 2016-22 DU 23 AOUT 2016 [3d0b808b].jpg (0.0 Mo, image/jpeg)
[2026-09-05 12:01:41] OK - Loi N° 2020-18 du 03 juillet 2020 [f138aee6].pdf (13.6 Mo, application/pdf)
[2026-09-05 12:01:42] OK - Loi N° 65-21 [19139af9].pdf (0.6 Mo, application/pdf)
[2026-09-05 12:01:43] OK - Loi N° 2016-09 du 24 juin 2016 [44b0b5f6].pdf (0.2 Mo, application/pdf)
[2026-09-05 12:01:43] OK - LOI N°2016-01 DU 29 FEVRIER 2016 [505d0116].jpg (0.0 Mo, image/jpeg)
[2026-09-05 12:01:43] OK - LOI N°2016-04 DU 25 MAI 2016 [521520f4].jpg (0.0 Mo, image/jpeg)
[2026-09-05 12:01:44] OK - LOI N°2016-17 DU 04 OCTOBRE 2016 [5714b1f9].jpg (0.0 Mo, image/jpeg)
[2026-09-05 12:01:44] OK - LOI N°2016-14 DU 20 JUILLET 2016 [579485eb].jpg (0.0 Mo, image/jpeg)
[2026-09-05 12:01:44] OK - Loi N° 2012-05 du 26 janvier 2012 [54b51b67].pdf (0.1 Mo, application/pdf)
[2026-09-05 12:01:45] OK - Loi N° 2016-11 du 08 juillet 2016 portant loi uniforme sur le contentieux des in [8739b418].pdf (6.4 Mo, application/pdf)
[2026-09-05 12:01:45] OK - LOI N°2005-02 du 12 Janvier 2005 [57d1e588].jpg (0.0 Mo, image/jpeg)
[2026-09-05 12:01:45] OK - Loi N° 2020-19 du 03 juillet 2020 [963ebb67].pdf (14.2 Mo, application/pdf)
[2026-09-05 12:01:46] OK - Loi N° 2020-02 du 20 mars 2020 [7bf71411].pdf (6.7 Mo, application/pdf)
[2026-09-05 12:01:46] OK - Loi N° 62-24 [159adbf3].pdf (4.1 Mo, application/pdf)
[2026-09-05 12:01:47] OK - Loi N° 65-33 [56006072].pdf (0.4 Mo, application/pdf)
[2026-09-05 12:01:47] OK - LOI N°2012-05 du 26 Janvier 2012 [5e645fda].jpg (0.0 Mo, image/jpeg)
[2026-09-05 12:01:47] OK - Loi N° 2016-16 [1ad2f015].pdf (3.7 Mo, application/pdf)
[2026-09-05 12:01:47] OK - Loi N° 2016-05 du 25 mai 2016 [5c06bd48].pdf (0.2 Mo, application/pdf)
[2026-09-05 12:01:48] OK - Loi N°2021-14 du 20 décembre 2021 [75468b46].pdf (33.8 Mo, application/pdf)
[2026-09-05 12:01:48] OK - LOI N°2016-10 DU 8 JUILLET 2016 [987740e5].jpg (0.0 Mo, image/jpeg)
[2026-09-05 12:01:48] OK - Loi N°2018-31 du 09 octobre 2019 [b7d9596a].pdf (40.2 Mo, application/pdf)
[2026-09-05 12:01:49] OK - LOI N°2016-03 DU 25 MAI 2016 [9a8bd6d7].jpg (0.0 Mo, image/jpeg)
[2026-09-05 12:01:49] OK - Loi N° 89-015 du 12 mai 1989 [8b64c15a].pdf (0.3 Mo, application/pdf)
[2026-09-05 12:01:49] OK - loi N° 2020-33 du 24 décembre 2020 [cc82a721].pdf (15.2 Mo, application/pdf)
[2026-09-05 12:01:49] OK - Loi N° 2016-23 [8cdbe724].pdf (0.2 Mo, application/pdf)
[2026-09-05 12:01:49] OK - Loi N° 2016-22 [8ff1da0c].pdf (0.2 Mo, application/pdf)
[2026-09-05 12:01:50] OK - Loi N° 2016-19 [9492a4bf].pdf (0.2 Mo, application/pdf)
[2026-09-05 12:01:50] OK - LOI N°2017-04 DU 19 OCTOBRE 2017 [93dafc1f].jpg (0.0 Mo, image/jpeg)
[2026-09-05 12:01:50] OK - Loi N° 62-14 [49e9cbc1].pdf (2.5 Mo, application/pdf)
[2026-09-05 12:01:50] OK - Loi N° 2016-26 [9b53703b].pdf (0.2 Mo, application/pdf)
[2026-09-05 12:01:50] OK - Loi N° 88-009 [8d8d20f7].pdf (0.1 Mo, application/pdf)
[2026-09-05 12:01:51] OK - Loi N° 88-007 [96e865d7].pdf (0.1 Mo, application/pdf)
[2026-09-05 12:01:52] OK - Loi N° 2016-15 [52c6953b].pdf (3.9 Mo, application/pdf)
[2026-09-05 12:01:52] OK - LOI N°88-009 DU 77 AOÛT 1988 [a9add9b6].jpg (0.0 Mo, image/jpeg)
[2026-09-05 12:01:53] OK - LOI N°89-010 DU 12 MAI 1989 [b3e5ec6c].jpg (0.0 Mo, image/jpeg)
[2026-09-05 12:01:53] OK - LOI N°89-009 DU 12 MAI 1989 [b9e103c8].jpg (0.0 Mo, image/jpeg)
[2026-09-05 12:01:53] OK - Loi N° 87-021 [9ec6bbd1].html (0.0 Mo, text/html)
[2026-09-05 12:01:53] OK - Loi N° 89-009 du 12 mai 1989 [9a6ccded].pdf (0.3 Mo, application/pdf)
[2026-09-05 12:01:54] OK - Loi N° 89-015 [b85a1db9].pdf (0.3 Mo, application/pdf)
[2026-09-05 12:01:55] OK - LOI N°2008-04 DU 24 SEPTEMBRE 2008 [bfcd4b65].jpg (0.0 Mo, image/jpeg)
[2026-09-05 12:01:55] OK - Loi N° 87-018 [9aeee3d5].pdf (0.9 Mo, application/pdf)
[2026-09-05 12:01:56] OK - Loi N° 86-015 [bad0a3f0].pdf (0.4 Mo, application/pdf)
[2026-09-05 12:01:56] OK - Loi N° 84-006 [9d8063fe].pdf (0.9 Mo, application/pdf)
[2026-09-05 12:01:56] OK - LOI N°86-016 DU 26 SEPTEMBRE 1986 [d60cd628].jpg (0.0 Mo, image/jpeg)
[2026-09-05 12:01:56] OK - Loi N° 89-010 du 12 mai 1989 [bec71272].pdf (0.4 Mo, application/pdf)
[2026-09-05 12:01:56] OK - Loi N° 87-019 [af029c10].pdf (0.6 Mo, application/pdf)
[2026-09-05 12:01:56] OK - LOI N°88-007 du 26 Avril 1988 [69c3548f].jpg (0.0 Mo, image/jpeg)
[2026-09-05 12:01:57] OK - LOI N°2001-40 DU 13 DECEMBRE 2001 [711ccd93].jpg (0.0 Mo, image/jpeg)
[2026-09-05 12:01:57] OK - Loi N° 86-019 [d7ac59d9].pdf (0.1 Mo, application/pdf)
[2026-09-05 12:01:58] OK - LOI N°89-009 du 12 Mai 1989 [72e0a987].jpg (0.0 Mo, image/jpeg)
[2026-09-05 12:01:59] OK - LOI N°87-013 du 21 Septembre 1987 [81f09259].jpg (0.0 Mo, image/jpeg)
[2026-09-05 12:01:59] OK - Loi N° 99-001 du 13 janvier 1999 [c3b232ab].pdf (1.3 Mo, application/pdf)
[2026-09-05 12:01:59] OK - LOI N°87-012 DU 21 SEPTEMBRE 1987 [e8471c57].jpg (0.0 Mo, image/jpeg)
[2026-09-05 12:02:00] OK - LOI N°87-012 DU 21 SEPTEMBRE 1987 [eb3a65b8].jpg (0.0 Mo, image/jpeg)
[2026-09-05 12:02:01] OK - Loi N° 86-017 [e7952803].pdf (0.1 Mo, application/pdf)
[2026-09-05 12:02:01] OK - LOI N°86-021 DU 26 SEPTEMBRE 1986 [f363df35].jpg (0.0 Mo, image/jpeg)
[2026-09-05 12:02:01] OK - LOI N°89-017 DU 12 MAI 1989 [ee57dc69].jpg (0.0 Mo, image/jpeg)
[2026-09-05 12:02:01] OK - Loi N° 89-008 du 12 mai 1989 [86b830b9].pdf (0.4 Mo, application/pdf)
[2026-09-05 12:02:01] OK - Loi N° 89-012 du 12 mai 1989 [73b9796c].pdf (0.6 Mo, application/pdf)
[2026-09-05 12:02:02] OK - Loi N° 2016-14 [a131dfb3].pdf (5.2 Mo, application/pdf)
[2026-09-05 12:02:03] OK - Loi N° 87-011 [fbcfb067].pdf (0.2 Mo, application/pdf)
[2026-09-05 12:02:03] OK - LOI N°2017-04 du 19 Octobre 2017 [5793ddd4].jpg (0.0 Mo, image/jpeg)
[2026-09-05 12:02:03] OK - Loi N° 87-017 du 21 septembre 1987 [4596c91b].pdf (0.1 Mo, application/pdf)
[2026-09-05 12:02:04] OK - Loi N° 87-010 [571a8b42].pdf (0.1 Mo, application/pdf)
[2026-09-05 12:02:04] OK - Loi N° 89-013 [461da1b9].pdf (0.2 Mo, application/pdf)
[2026-09-05 12:02:04] OK - Loi N° 87-012 [c4699d85].pdf (3.1 Mo, application/pdf)
[2026-09-05 12:02:05] OK - LOI 87-015 du 21 Septembre 1987 [5d67ccb4].jpg (0.0 Mo, image/jpeg)
[2026-09-05 12:02:05] OK - Loi N° 86-018 [58727e34].pdf (0.1 Mo, application/pdf)
[2026-09-05 12:02:06] OK - LOI N°89-014 du 12 Mai 1989 [621f3611].jpg (0.0 Mo, image/jpeg)
[2026-09-05 12:02:07] OK - Loi N° 64-37 [5d25351f].pdf (0.3 Mo, application/pdf)
[2026-09-05 12:02:07] OK - Loi N° 86-020 [b59dfb22].pdf (2.7 Mo, application/pdf)
[2026-09-05 12:02:07] OK - Loi N° 89-016 [6177121c].pdf (0.2 Mo, application/pdf)
[2026-09-05 12:02:08] OK - Loi N° 86-016 [5dac58de].pdf (0.1 Mo, application/pdf)
[2026-09-05 12:02:08] OK - Loi N° 88-008 [5d2187ad].pdf (0.4 Mo, application/pdf)
[2026-09-05 12:02:09] OK - Loi N° 62-38 [8b2858d7].pdf (8.9 Mo, application/pdf)
[2026-09-05 12:02:09] OK - LOI N°84-006 du 15 Mars 1984 [36165c67].jpg (0.0 Mo, image/jpeg)
[2026-09-05 12:02:09] OK - Loi N° 2016-13 portant règlement définitif du budget de l'état, gestion 2014 [5f294557].pdf (11.3 Mo, application/pdf)
[2026-09-05 12:02:09] OK - Loi N° 86-021 [e83008b5].pdf (3.9 Mo, application/pdf)
[2026-09-05 12:02:10] OK - Loi N° 84-004 du 8 mars 1984 [94978b3c].pdf (9.9 Mo, application/pdf)
[2026-09-05 12:02:10] OK - Loi N° 87-015 [12285383].pdf (0.3 Mo, application/pdf)
[2026-09-05 12:02:10] OK - Loi N° 62-40 [5c3cee26].pdf (1.9 Mo, application/pdf)
[2026-09-05 12:02:10] OK - LOI N°99-001 DU 13 JANVIER 1999 [3a83a0c3].jpg (0.0 Mo, image/jpeg)
[2026-09-05 12:02:10] OK - Loi N° 89-014 [25453e2f].pdf (0.4 Mo, application/pdf)
[2026-09-05 12:02:10] OK - Loi N° 89-011 du 12 mai 1989 [265db51b].pdf (0.4 Mo, application/pdf)
[2026-09-05 12:02:10] OK - Loi N° 2008-04 [3c81f9ae].pdf (0.1 Mo, application/pdf)
[2026-09-05 12:02:10] OK - Loi N° 87-013 [635f44c6].pdf (1.3 Mo, application/pdf)
[2026-09-05 12:02:11] OK - Loi N° 89-017 [0d15e973].pdf (0.1 Mo, application/pdf)
[2026-09-05 12:02:11] OK - LOI N°86-010 DU 26 FEVRIER 1986 [2dcc0d12].jpg (0.0 Mo, image/jpeg)
[2026-09-05 12:02:11] OK - LOI N°81-013 fu 10 Octobre 1981 [3383c9d2].jpg (0.0 Mo, image/jpeg)
[2026-09-05 12:02:11] OK - LOI N°88-006 du 26 Avril 1988 [342cbd76].jpg (0.0 Mo, image/jpeg)
[2026-09-05 12:02:11] OK - LOI N°88-003 DU 26 AVRIL 1988 [37c3d90e].jpg (0.0 Mo, image/jpeg)
[2026-09-05 12:02:11] OK - LOI N°87-009 du 25 Septembre 1987 [6b7b64f8].jpg (0.0 Mo, image/jpeg)
[2026-09-05 12:02:12] OK - LOI N°9-89-020 du 12 Mai 1989 [6d39d98c].jpg (0.0 Mo, image/jpeg)
[2026-09-05 12:02:12] OK - LOI N°81-014 DU 10 OCTOBRE 1981 [786e65ec].jpg (0.0 Mo, image/jpeg)
[2026-09-05 12:02:12] OK - LOI N°86-012 DU 26 FEVRIER 1986 [7f28a1ec].jpg (0.0 Mo, image/jpeg)
[2026-09-05 12:02:13] OK - Loi N° 89-018 [781e5d98].pdf (0.2 Mo, application/pdf)
[2026-09-05 12:02:13] OK - Loi N° 86-011 [7d5a215c].pdf (0.1 Mo, application/pdf)
[2026-09-05 12:02:13] OK - LOI N°2012-42 DU 28 DECEMBRE 2012 [80dc8c0b].jpg (0.0 Mo, image/jpeg)
[2026-09-05 12:02:13] OK - Loi N° 89-006 du 12 mai 1989 [6b8ad5cc].pdf (0.7 Mo, application/pdf)
[2026-09-05 12:02:13] OK - LOI N°86-014 du 26 Septembre 1986 [82496db2].jpg (0.0 Mo, image/jpeg)
[2026-09-05 12:02:14] OK - Loi N° 89-005 du 12 mai 1989 [775646da].pdf (0.5 Mo, application/pdf)
[2026-09-05 12:02:14] OK - LOI N°89-002 du 12 Mai 1989 [856e9b70].jpg (0.0 Mo, image/jpeg)
[2026-09-05 12:02:14] OK - Loi N° 87-009 [13edd939].pdf (1.5 Mo, application/pdf)
[2026-09-05 12:02:14] OK - LOI N°81-014 DU 10 OCTOBRE 1981 [8c81e070].jpg (0.0 Mo, image/jpeg)
[2026-09-05 12:02:14] OK - Loi N° 86-010 [2ce489d9].pdf (2.3 Mo, application/pdf)
[2026-09-05 12:02:14] OK - LOI N°89-004 DU 12 MAI 1989 [aa2f10b8].jpg (0.0 Mo, image/jpeg)
[2026-09-05 12:02:14] OK - Loi N°87-008 [a5966bce].pdf (0.1 Mo, application/pdf)
[2026-09-05 12:02:14] OK - LOI Constitutionnelle N°84-011 du 15 Mars 1984 [af6b5125].jpg (0.0 Mo, image/jpeg)
[2026-09-05 12:02:15] OK - LOI N°87-009 DU 21 SEPTEMBRE 1987 [b3ec3b38].jpg (0.0 Mo, image/jpeg)
[2026-09-05 12:02:16] OK - LOI N°86-010 du 16 Février 1986 [46d02c29].jpg (0.0 Mo, image/jpeg)
[2026-09-05 12:02:17] OK - Loi N° 84-011 [c1b71aab].pdf (0.3 Mo, application/pdf)
[2026-09-05 12:02:17] OK - Loi N° 89-003 du 12 mai 1989 [7e808f18].pdf (2.1 Mo, application/pdf)
[2026-09-05 12:02:17] OK - Loi N° 89-007 du 12 mai 1989 [c1854278].pdf (0.4 Mo, application/pdf)
[2026-09-05 12:02:17] OK - Loi N° 87-020 du 21 septembre 1987 [127fa419].pdf (0.7 Mo, application/pdf)
[2026-09-05 12:02:18] OK - LOI N°89-006 DU 12 MAI 1989 [ea2914e3].jpg (0.0 Mo, image/jpeg)
[2026-09-05 12:02:19] OK - Loi N° 89-019 [52eb03d9].pdf (0.4 Mo, application/pdf)
[2026-09-05 12:02:20] OK - Loi N° 89-020 [4c197f18].pdf (0.9 Mo, application/pdf)
[2026-09-05 12:02:20] OK - Loi N° 88-006 [b178d681].pdf (1.1 Mo, application/pdf)
[2026-09-05 12:02:20] OK - LOI N°2012-42 DU 25 DECEMBRE 2012 [f67d5173].jpg (0.0 Mo, image/jpeg)
[2026-09-05 12:02:21] OK - Loi N° 87-016 [17988645].pdf (3.5 Mo, application/pdf)
[2026-09-05 12:02:21] OK - Loi N° 89-002 du 12 mai 1989 [f26006b2].pdf (0.3 Mo, application/pdf)
[2026-09-05 12:02:22] OK - Loi N° 86-007 [dee76702].pdf (0.1 Mo, application/pdf)
[2026-09-05 12:02:22] OK - Loi N° 86-009 [4787eb10].pdf (1.5 Mo, application/pdf)
[2026-09-05 12:02:25] OK - Loi N° 86-012 [c671a3ea].pdf (1.5 Mo, application/pdf)
[2026-09-05 12:02:26] OK - Loi N° 88-004 [fa70502e].pdf (0.2 Mo, application/pdf)
[2026-09-05 12:02:26] OK - LOI N°84-007 DU 15 MARS 1984 [aa58da88].jpg (0.0 Mo, image/jpeg)
[2026-09-05 12:02:27] OK - Loi N° 89-004 du 12 mai 1989 [5139bded].pdf (2.4 Mo, application/pdf)
[2026-09-05 12:02:27] OK - Loi N° 82-004 du 20 mai 1982 [e17922f6].pdf (0.4 Mo, application/pdf)
[2026-09-05 12:02:27] OK - Loi N° 86-006 [8f1b5074].pdf (0.1 Mo, application/pdf)
[2026-09-05 12:02:27] OK - Loi N° 88-003 [9b4764c4].pdf (0.3 Mo, application/pdf)
[2026-09-05 12:02:28] OK - Loi N° 88-005 [80cc3123].pdf (5.2 Mo, application/pdf)
[2026-09-05 12:02:29] OK - LOI N°88-001 DU 25 AVRIL 19085 [ab02e700].jpg (0.0 Mo, image/jpeg)
[2026-09-05 12:02:29] OK - LOI N°2009-15 DU 25 MAI 2009 [ae0b585f].jpg (0.0 Mo, image/jpeg)
[2026-09-05 12:02:30] OK - Loi N° 2005-40 du 22 décembre 2005 [0812a1b4].jpg (0.0 Mo, image/jpeg)
[2026-09-05 12:02:30] OK - Loi N° 2017-04 du 19 octobre 2017 [d5fd6953].pdf (16.3 Mo, application/pdf)
[2026-09-05 12:02:31] OK - Loi N° 88-001 [a96fdfc4].pdf (2.4 Mo, application/pdf)
[2026-09-05 12:02:31] OK - LOI N°86-005 DU 26 FEVRIER 1986 [2c08c2ec].jpg (0.0 Mo, image/jpeg)
[2026-09-05 12:02:31] OK - Loi N° 87-006 [1c130425].pdf (0.2 Mo, application/pdf)
[2026-09-05 12:02:32] OK - LOI N°81-004 DU 23 MARS 1981 [37abf01b].jpg (0.0 Mo, image/jpeg)
[2026-09-05 12:02:34] OK - Loi N° 86-008 [3bacb1b8].pdf (0.1 Mo, application/pdf)
[2026-09-05 12:02:34] OK - Loi N° 65-12 [f6819fdd].pdf (1.2 Mo, application/pdf)
[2026-09-05 12:02:35] OK - Loi constitutionnelle N° 89-001 du 12 mai 1989 [3a606292].pdf (0.3 Mo, application/pdf)
[2026-09-05 12:02:36] OK - LOI CONSTITUTIONNELLE N°89-001 du 12 Mai 1989 [6a499f9d].jpg (0.0 Mo, image/jpeg)
[2026-09-05 12:02:39] OK - LOI ORGANIQUE N°93-018 du26 Septembre 1993 [6e339e50].jpg (0.0 Mo, image/jpeg)
[2026-09-05 12:02:39] OK - LOI N°87-007 du 21 Septembre 1987 [6ecd605a].jpg (0.0 Mo, image/jpeg)
[2026-09-05 12:02:40] OK - Loi N° 82-002 [ac013fd3].pdf (4.0 Mo, application/pdf)
[2026-09-05 12:02:42] OK - Loi N° 82-008 [1abf46d1].pdf (4.4 Mo, application/pdf)
[2026-09-05 12:02:43] OK - LOI N°81-010 DU 10 OCTOBRE 1981 [71bbede8].jpg (0.0 Mo, image/jpeg)
[2026-09-05 12:02:43] OK - Loi N° 86-014 [f8feddef].pdf (6.2 Mo, application/pdf)
[2026-09-05 12:02:43] OK - LOI N°81-012 du 10 Octobre 1981 [79753dd9].jpg (0.0 Mo, image/jpeg)
[2026-09-05 12:02:44] OK - Loi N° 2012-42 [c2ee2e23].pdf (9.3 Mo, application/pdf)
[2026-09-05 12:02:44] OK - Loi N° 81-012 du 10 octobre 1981 [3bf96b16].pdf (3.4 Mo, application/pdf)
[2026-09-05 12:02:45] OK - Loi N° 65-27 [73e6f469].pdf (0.4 Mo, application/pdf)
[2026-09-05 12:02:45] OK - LOI N°65-27 [7a47828c].jpg (0.0 Mo, image/jpeg)
[2026-09-05 12:02:47] OK - LOI N°86-007 du 25 Février 1986 [82c0b539].jpg (0.0 Mo, image/jpeg)
[2026-09-05 12:02:47] OK - Loi N° 65-36 [2d3be827].pdf (3.0 Mo, application/pdf)
[2026-09-05 12:02:47] OK - LOI N°81-008 du 23 Mars 1981 [851c5ce5].jpg (0.0 Mo, image/jpeg)
[2026-09-05 12:02:48] OK - Loi N° 83-009 [3d448ec9].pdf (4.5 Mo, application/pdf)
[2026-09-05 12:02:48] OK - Loi N° 86-005 [70589d3f].pdf (2.0 Mo, application/pdf)
[2026-09-05 12:02:49] OK - Loi N° 65-35 [3d99237d].pdf (7.1 Mo, application/pdf)
[2026-09-05 12:02:49] OK - LOI CONSTITUTIONNELLE N°89-001 du 12 Mai 1989 [568481ad].jpg (0.0 Mo, image/jpeg)
[2026-09-05 12:02:50] OK - Loi N° 83-006 du 17 mai 1983 [f5c12a1a].pdf (3.1 Mo, application/pdf)
[2026-09-05 12:02:50] OK - Loi N° 84-009 du 15 mars 1984 [5bc88692].pdf (5.2 Mo, application/pdf)
[2026-09-05 12:02:50] OK - LOI N°81-006 du 23 Mars 1981 [5f3d3e75].jpg (0.0 Mo, image/jpeg)
[2026-09-05 12:02:51] OK - LOI ORGANIQUE N°81-005 du 10 Octobre 1981 [627932c4].jpg (0.0 Mo, image/jpeg)
[2026-09-05 12:02:52] OK - Loi N° 81-013 [19b4fc69].pdf (5.1 Mo, application/pdf)
[2026-09-05 12:02:52] OK - LOI N°83-007 DU 17 MAI 1983 [b60aa84d].jpg (0.0 Mo, image/jpeg)
[2026-09-05 12:02:53] OK - Loi N° 86-004 [52a69d10].pdf (0.6 Mo, application/pdf)
[2026-09-05 12:02:54] OK - Loi N° 81-011 [4d4f1bed].pdf (0.5 Mo, application/pdf)
[2026-09-05 12:02:54] OK - Loi N° 81-014 [b13aa178].pdf (10.1 Mo, application/pdf)
[2026-09-05 12:02:56] OK - LOI N°86-004 DU 26 FEVRIER 1986 [db101cdf].jpg (0.0 Mo, image/jpeg)
[2026-09-05 12:02:57] OK - Loi N° 84-005 du 15 mars 1984 [6c33ec2c].pdf (5.3 Mo, application/pdf)
[2026-09-05 12:02:58] OK - Loi N° 82-007 [c2c73a7c].pdf (1.2 Mo, application/pdf)
[2026-09-05 12:02:59] OK - Loi N° 83-007 du 17 mai 1983 [ba126225].pdf (1.2 Mo, application/pdf)
[2026-09-05 12:02:59] OK - Loi N° 87-007 [491c87fd].pdf (0.6 Mo, application/pdf)
[2026-09-05 12:02:59] OK - Loi N° 65-16 [bec663a5].pdf (0.3 Mo, application/pdf)
[2026-09-05 12:02:59] OK - LOI N°83-005 DU 17 MAI 1983 [c49a55f0].jpg (0.0 Mo, image/jpeg)
[2026-09-05 12:02:59] OK - Loi N° 81-010 [56b1c4d6].pdf (2.6 Mo, application/pdf)
[2026-09-05 12:03:00] OK - Loi N° 84-007 [5ddc6e9b].pdf (2.6 Mo, application/pdf)
[2026-09-05 12:03:01] OK - Loi N° 86-002 [cc3abfc7].pdf (1.3 Mo, application/pdf)
[2026-09-05 12:03:03] OK - Loi N° 86-013 [f5ec3ee6].pdf (12.5 Mo, application/pdf)
[2026-09-05 12:03:03] OK - Loi N° 85-003 du 11 février 1985 [d3708bf0].pdf (0.5 Mo, application/pdf)
[2026-09-05 12:03:03] OK - Loi N° 81-009 du 10 octobre 1981 [f118aaa3].pdf (10.9 Mo, application/pdf)
[2026-09-05 12:03:04] OK - Loi N° 2005-40 du 22 décembre 2005 [0760bca5].jpg (0.0 Mo, image/jpeg)
[2026-09-05 12:03:04] OK - Loi N° 82-005 [81a67913].pdf (8.7 Mo, application/pdf)
[2026-09-05 12:03:04] OK - Loi N° 62-45 [dca697fc].pdf (0.5 Mo, application/pdf)
[2026-09-05 12:03:04] OK - Loi N° 62-19 [c259d1b1].pdf (0.3 Mo, application/pdf)
[2026-09-05 12:03:05] OK - Loi N° 65-9 [03f4647a].pdf (0.2 Mo, application/pdf)
[2026-09-05 12:03:09] OK - Loi N° 85-002 du 11 février 1985 [03e5cccc].pdf (2.8 Mo, application/pdf)
[2026-09-05 12:03:09] OK - Loi N° 62-47 [0e2baf01].pdf (0.6 Mo, application/pdf)
[2026-09-05 12:03:09] OK - Loi N° 81-002 [c82aa841].pdf (0.7 Mo, application/pdf)
[2026-09-05 12:03:10] OK - Loi N° 85-001 [1bcdc7ba].pdf (0.3 Mo, application/pdf)
[2026-09-05 12:03:10] OK - Loi N° 65-18 [200b9890].pdf (0.4 Mo, application/pdf)
[2026-09-05 12:03:10] OK - Loi N° 65-3 [c47b95ed].pdf (1.0 Mo, application/pdf)
[2026-09-05 12:03:11] OK - Loi N° 82-003 [221f6840].pdf (0.5 Mo, application/pdf)
[2026-09-05 12:03:11] OK - Loi N° 65-10 [080fbc89].pdf (1.0 Mo, application/pdf)
[2026-09-05 12:03:13] OK - LOI N°2006-06 du 1er Juin 2006 [3429dcfd].jpg (0.0 Mo, image/jpeg)
[2026-09-05 12:03:14] OK - LOI N° 83-004 DU 17 MAI 1983 [3c9d9a16].jpg (0.0 Mo, image/jpeg)
[2026-09-05 12:03:14] OK - LOI N°2017-29 du 15 Mars 2018 [39500f78].jpg (0.0 Mo, image/jpeg)
[2026-09-05 12:03:14] OK - Loi N° 62-32 [295ab026].pdf (0.5 Mo, application/pdf)
[2026-09-05 12:03:14] OK - Loi N°2021-15 du 23 décembre 2021 [ee243e2f].pdf (87.5 Mo, application/pdf)
[2026-09-05 12:03:16] OK - Loi N° 62-39 tendant à ratifier le décret n° 475 _ PR-MFT-BD. du 25 octorbre 196 [3048222c].pdf (0.5 Mo, application/pdf)
[2026-09-05 12:03:16] OK - Loi N° 81-001 [d0fc472e].pdf (5.7 Mo, application/pdf)
[2026-09-05 12:03:16] OK - Loi N° 62-18 [131dab37].pdf (0.8 Mo, application/pdf)
[2026-09-05 12:03:17] OK - Loi N° 83-002 du 17 mai 1983 [1cc27552].pdf (1.8 Mo, application/pdf)
[2026-09-05 12:03:17] OK - Loi N° 62-46 [2da9fe24].pdf (1.0 Mo, application/pdf)
[2026-09-05 12:03:17] OK - LOI N°85-005 DU 19 MAI 1985 [ec1b0f9f].jpg (0.0 Mo, image/jpeg)
[2026-09-05 12:03:18] OK - LOI N°83-001 DU 3 FEVRIER 1983 [ec4b70a1].jpg (0.0 Mo, image/jpeg)
[2026-09-05 12:03:18] OK - Loi N° 81-006 du 23 mars 1981 [de226199].pdf (0.6 Mo, application/pdf)
[2026-09-05 12:03:18] OK - Loi N° 83-003 [bf37d089].pdf (12.1 Mo, application/pdf)
[2026-09-05 12:03:18] OK - Loi N° 65-11 [e05431d1].pdf (0.3 Mo, application/pdf)
[2026-09-05 12:03:19] OK - Loi N° 65-14 [e43f4b3d].pdf (0.3 Mo, application/pdf)
[2026-09-05 12:03:19] OK - LOI N°62-18 [f1abc685].jpg (0.0 Mo, image/jpeg)
[2026-09-05 12:03:19] OK - Loi N° 81-005 du 23 mars 1981 [0ab984e8].pdf (5.3 Mo, application/pdf)
[2026-09-05 12:03:20] OK - Loi N° 85-004 du 11 fevrier 1985 [352252ee].pdf (0.2 Mo, application/pdf)
[2026-09-05 12:03:20] OK - Loi N° 65-8 [d9ea311a].pdf (7.0 Mo, application/pdf)
[2026-09-05 12:03:20] OK - LOI N°81-001 DU 23 MARS 1981 [fd83bcff].jpg (0.0 Mo, image/jpeg)
[2026-09-05 12:03:20] OK - LOI N°2011-09 du 11 Juillet 2011 [8edde99d].jpg (0.0 Mo, image/jpeg)
[2026-09-05 12:03:20] OK - LOI N°83-005 DU 17 MAI 1983 [fc0943c5].jpg (0.0 Mo, image/jpeg)
[2026-09-05 12:03:20] OK - Loi N° 62-44 [f15fef5d].pdf (0.5 Mo, application/pdf)
[2026-09-05 12:03:21] OK - Loi N° 62-26 [f55aaa74].pdf (0.5 Mo, application/pdf)
[2026-09-05 12:03:21] OK - Loi N° 84-001 [ccd4b630].pdf (4.4 Mo, application/pdf)
[2026-09-05 12:03:21] OK - Loi N° 81-008 du 23 mars 1981 [ce85e17e].pdf (9.7 Mo, application/pdf)
[2026-09-05 12:03:22] OK - LOI N°2005-11 DU 02 MARS 2005 [a1bbcab7].jpg (0.0 Mo, image/jpeg)
[2026-09-05 12:03:22] OK - Loi N° 83-001 [904be984].pdf (0.3 Mo, application/pdf)
[2026-09-05 12:03:22] OK - Loi N° 62-42 [f3b6a6be].pdf (0.8 Mo, application/pdf)
[2026-09-05 12:03:22] OK - Loi N° 84-008 du 15 mars 1984 [ca61608a].pdf (10.1 Mo, application/pdf)
[2026-09-05 12:03:22] OK - LOI N°84-003 DU 6 MARS 1984 [aa6c5223].jpg (0.0 Mo, image/jpeg)
[2026-09-05 12:03:22] OK - Loi N° 65-15 [9860c527].pdf (0.3 Mo, application/pdf)
[2026-09-05 12:03:22] OK - LOI N°62-18 [48c62046].jpg (0.0 Mo, image/jpeg)
[2026-09-05 12:03:22] OK - LOI N°2001-35 DU 21 FEVRIER 2001 [b1622e2e].jpg (0.0 Mo, image/jpeg)
[2026-09-05 12:03:22] OK - Loi N° 62-25 [9bb458fd].pdf (0.4 Mo, application/pdf)
[2026-09-05 12:03:23] OK - LOI N°81-001 du 25 Mars 1981 [4c2482e1].jpg (0.0 Mo, image/jpeg)
[2026-09-05 12:03:23] OK - Décret N° 61-190 _PR.MJL [948556e8].pdf (0.9 Mo, application/pdf)
[2026-09-05 12:03:23] OK - LOI N°85-002 du 11 Février 1985 [64ba42cf].jpg (0.0 Mo, image/jpeg)
[2026-09-05 12:03:23] OK - LOI N°85-003 du 11 Février 1985 [73b0df6f].jpg (0.0 Mo, image/jpeg)
[2026-09-05 12:03:24] OK - LOI N°61-20 [76bb65f7].jpg (0.0 Mo, image/jpeg)
[2026-09-05 12:03:24] OK - LOI N°62-32 [763e436a].jpg (0.0 Mo, image/jpeg)
[2026-09-05 12:03:24] OK - Loi N° 62-8 [b22ef85d].pdf (0.8 Mo, application/pdf)
[2026-09-05 12:03:24] OK - LOI N°85-004 DU 11 FEVRIER 1985 [7f3c23cc].jpg (0.0 Mo, image/jpeg)
[2026-09-05 12:03:24] OK - LOI N°62-11 [6de0b7c9].jpg (0.0 Mo, image/jpeg)
[2026-09-05 12:03:25] OK - Loi N° 61-20 [749e8e81].pdf (0.5 Mo, application/pdf)
[2026-09-05 12:03:26] OK - LOI N°62-20 [7d698ab7].jpg (0.0 Mo, image/jpeg)
[2026-09-05 12:03:26] OK - Loi N° 62-7 [7ac0585d].pdf (0.2 Mo, application/pdf)
[2026-09-05 12:03:26] OK - Loi N° 61-28 [73b6d4ad].pdf (0.4 Mo, application/pdf)
[2026-09-05 12:03:27] OK - LOI N°61-8 [8a7b26c5].jpg (0.0 Mo, image/jpeg)
[2026-09-05 12:03:28] OK - Loi N° 62-36 [f077d13b].pdf (0.3 Mo, application/pdf)
[2026-09-05 12:03:29] OK - Loi N° 81-004 du 23 mars 1981 [61c9b28b].pdf (12.8 Mo, application/pdf)
[2026-09-05 12:03:30] OK - LOI N°64-1 [fc2d1d8f].jpg (0.0 Mo, image/jpeg)
[2026-09-05 12:03:32] OK - Loi N° 61-58 [f400ee2a].pdf (0.9 Mo, application/pdf)
[2026-09-05 12:03:32] OK - Loi N° 61-8 [81b48528].pdf (0.4 Mo, application/pdf)
[2026-09-05 12:03:32] OK - Loi N° 64-9 [b5c4dea0].pdf (0.3 Mo, application/pdf)
[2026-09-05 12:03:32] OK - Loi N° 64-27 [b6dea8ca].pdf (0.4 Mo, application/pdf)
[2026-09-05 12:03:32] OK - LOI N°90-025 DU 10 SEPTEMBRE 1990 [c5b02dc9].jpg (0.0 Mo, image/jpeg)
[2026-09-05 12:03:34] OK - Loi N° 82-006 [63582858].pdf (6.0 Mo, application/pdf)
[2026-09-05 12:03:34] OK - Loi N° 65-34 [b4842551].pdf (0.5 Mo, application/pdf)
[2026-09-05 12:03:34] OK - Loi N° 62-6 [bc7e976f].pdf (0.3 Mo, application/pdf)
[2026-09-05 12:03:34] OK - Loi N° 2011-043 [6860af5f].pdf (1.9 Mo, application/pdf)
[2026-09-05 12:03:34] OK - Loi N° 83-004 [5e0ddd9c].pdf (2.8 Mo, application/pdf)
[2026-09-05 12:03:35] OK - LOI N°2011-43 DU 27 DECEMBRE 2011 [d815b58f].jpg (0.0 Mo, image/jpeg)
[2026-09-05 12:03:36] OK - Loi N° 62-23 [9bac3df0].pdf (4.6 Mo, application/pdf)
[2026-09-05 12:03:37] OK - Loi N° 62-3 [d5b962a1].pdf (0.3 Mo, application/pdf)
[2026-09-05 12:03:37] OK - Loi N° 2005-40 du 22 décembre 2005 [09e01a97].jpg (0.0 Mo, image/jpeg)
[2026-09-05 12:03:38] OK - Loi N° 62-33 [d7a43240].pdf (0.5 Mo, application/pdf)
[2026-09-05 12:03:39] OK - Loi N° 64-1 [e6fbefbd].pdf (1.5 Mo, application/pdf)
[2026-09-05 12:03:41] OK - Loi N° 62-20 [161a36b8].pdf (0.5 Mo, application/pdf)
[2026-09-05 12:03:41] OK - Loi N° 65-6 [aba53f22].pdf (7.1 Mo, application/pdf)
[2026-09-05 12:03:41] OK - Loi N° 62-1 [1aa0ba7f].pdf (0.5 Mo, application/pdf)
[2026-09-05 12:03:42] OK - Loi N° 65-19 [e3a8d7ba].pdf (3.7 Mo, application/pdf)
[2026-09-05 12:03:42] OK - Loi N° 64-21 [d5724ee5].pdf (2.8 Mo, application/pdf)
[2026-09-05 12:03:42] OK - Loi N° 61-55 [1ce34cc0].pdf (0.3 Mo, application/pdf)
[2026-09-05 12:03:43] OK - Loi N° 62-28 [20e51bb2].pdf (0.3 Mo, application/pdf)
[2026-09-05 12:03:43] OK - Loi N° 64-40 [7b1e6299].pdf (7.7 Mo, application/pdf)
[2026-09-05 12:03:44] OK - LOI N°92-029 du 26 Août 1992 [38e97674].jpg (0.0 Mo, image/jpeg)
[2026-09-05 12:03:45] OK - LOI N°64-28 [3fe7b7d7].jpg (0.0 Mo, image/jpeg)
[2026-09-05 12:03:45] OK - Loi N° 61-3 [2111df30].pdf (1.3 Mo, application/pdf)
[2026-09-05 12:03:45] OK - Loi N° 62-4 [214c85c1].pdf (0.9 Mo, application/pdf)
[2026-09-05 12:03:46] OK - Loi N° 83-005 [992d1738].pdf (8.7 Mo, application/pdf)
[2026-09-05 12:03:47] OK - Loi N° 61-37 [3c06609b].pdf (0.5 Mo, application/pdf)
[2026-09-05 12:03:48] OK - Loi N° 64-14 [d5f756db].pdf (4.0 Mo, application/pdf)
[2026-09-05 12:03:48] OK - Loi N° 64-5 [3ff2b77e].pdf (0.4 Mo, application/pdf)
[2026-09-05 12:03:49] OK - LOI N°2005-02 du 12 Janvier 2005 [577779f8].jpg (0.0 Mo, image/jpeg)
[2026-09-05 12:03:49] OK - LOI N°61-28 [588c939d].jpg (0.0 Mo, image/jpeg)
[2026-09-05 12:03:50] OK - Loi N° 65-20 [c61cf225].pdf (4.1 Mo, application/pdf)
[2026-09-05 12:03:50] OK - LOI N°2017-19 du 18 Septembre 2017 [5ca716cf].jpg (0.0 Mo, image/jpeg)
[2026-09-05 12:03:51] OK - LOI N°62-20 [5d2d3eda].jpg (0.0 Mo, image/jpeg)
[2026-09-05 12:03:51] OK - Loi N° 61-1 [46af90a9].pdf (0.5 Mo, application/pdf)
[2026-09-05 12:03:51] OK - LOI N°98-040 du 31 Décembre 1998 [93ee6e46].jpg (0.0 Mo, image/jpeg)
[2026-09-05 12:03:52] OK - Loi N° 65-1 [07595275].pdf (3.1 Mo, application/pdf)
[2026-09-05 12:03:53] OK - Loi N° 64-28 [05b16948].pdf (3.8 Mo, application/pdf)
[2026-09-05 12:03:53] OK - Loi N° 64-2 [44a11c10].pdf (1.6 Mo, application/pdf)
[2026-09-05 12:03:53] OK - Loi N° 62-17 [216bd404].pdf (2.6 Mo, application/pdf)
[2026-09-05 12:03:53] OK - Loi N° 2017-19 [994a8ab4].pdf (0.4 Mo, application/pdf)
[2026-09-05 12:03:54] OK - Loi N° 64-03 [7d7f5ee9].pdf (9.5 Mo, application/pdf)
[2026-09-05 12:03:54] OK - Loi N° 2011-042 [8c296bcd].pdf (0.1 Mo, application/pdf)
[2026-09-05 12:03:54] OK - Loi N° 62-11 [ace04da8].pdf (0.2 Mo, application/pdf)
[2026-09-05 12:03:54] OK - Loi N° 61-48 [33795f3c].pdf (2.0 Mo, application/pdf)
[2026-09-05 12:03:55] OK - LOI N°2017-40 DU 29 DECEMBRE 2017 [9418e76d].jpg (0.0 Mo, image/jpeg)
[2026-09-05 12:03:55] OK - Loi N° 2011-039 [9d745cde].pdf (0.1 Mo, application/pdf)
[2026-09-05 12:03:56] OK - Loi N° 62-2 [8f27b695].pdf (0.4 Mo, application/pdf)
[2026-09-05 12:03:56] OK - Loi N° 84-003 [926976ba].pdf (12.2 Mo, application/pdf)
[2026-09-05 12:03:56] OK - Loi N° 2011-038 [a232d7bf].pdf (0.1 Mo, application/pdf)
[2026-09-05 12:03:56] OK - Loi N° 61-2 [908b69e7].pdf (0.4 Mo, application/pdf)
[2026-09-05 12:03:56] OK - LOI 61-32 DU 14 AOÛT 1961 [abe8e641].jpg (0.0 Mo, image/jpeg)
[2026-09-05 12:03:56] OK - LOI N°2012-39 DU 27 NOVEMBRE 2012 [a23f0905].jpg (0.0 Mo, image/jpeg)
[2026-09-05 12:03:56] OK - LOI N°2011-38 DU 28 DECEMBRE 2011 [b302a59d].jpg (0.0 Mo, image/jpeg)
[2026-09-05 12:03:57] OK - Loi N° 61-57 [8f0c841b].pdf (0.7 Mo, application/pdf)
[2026-09-05 12:03:58] OK - Loi N° 62-10 [acb16371].pdf (2.7 Mo, application/pdf)
[2026-09-05 12:03:59] OK - LOI N°2017-18 DU 10 AOUT 2017 [b4191bdf].jpg (0.0 Mo, image/jpeg)
[2026-09-05 12:03:59] OK - Loi N° 2011-041 [b3b76275].pdf (0.0 Mo, application/pdf)
[2026-09-05 12:03:59] OK - LOI N°2012-34 DU 19 SEPTEMBRE 2012 [ba7d366c].jpg (0.0 Mo, image/jpeg)
[2026-09-05 12:04:00] OK - LOI N°61-7 [b8b1412e].jpg (0.0 Mo, image/jpeg)
[2026-09-05 12:04:00] OK - Loi N° 61-59 [41d52fc4].pdf (7.0 Mo, application/pdf)
[2026-09-05 12:04:00] OK - Loi N° 2010-45 du 2 décembre 2010 [cbba6a99].pdf (0.0 Mo, application/pdf)
[2026-09-05 12:04:00] OK - Loi N° 2010-44 du 24 novembre 2010 [a23672a0].pdf (1.1 Mo, application/pdf)
[2026-09-05 12:04:01] OK - Loi N° 2012-33 du 19 septembre 2012 [b352daa1].pdf (0.6 Mo, application/pdf)
[2026-09-05 12:04:01] OK - Loi N° 64-6 [bfbd9dfb].pdf (0.2 Mo, application/pdf)
[2026-09-05 12:04:01] OK - Loi N° 62-13 [92a78c2f].pdf (1.8 Mo, application/pdf)
[2026-09-05 12:04:01] OK - LOI N°2017-15 DU 10 AOÛT 2017 [d80251ad].jpg (0.0 Mo, image/jpeg)
[2026-09-05 12:04:01] OK - Loi N° 2010-43 du 22 octobre 2010 [ced9547a].pdf (0.0 Mo, application/pdf)
[2026-09-05 12:04:01] OK - Loi N° 2017-17 [cf34a2e7].pdf (0.3 Mo, application/pdf)
[2026-09-05 12:04:01] OK - LOI N°2017-17 du 18 Septembre 2017 [66e60cba].jpg (0.0 Mo, image/jpeg)
[2026-09-05 12:04:02] OK - LOI N°2010-45 du 02 Décembre 2010 [679c1787].jpg (0.0 Mo, image/jpeg)
[2026-09-05 12:04:02] OK - LOI N°61-07 [6c17e8b5].jpg (0.0 Mo, image/jpeg)
[2026-09-05 12:04:02] OK - Loi N° 61-52 [5b4aad76].pdf (6.4 Mo, application/pdf)
[2026-09-05 12:04:02] OK - LOI N°2011-40 du 28 Décembre 2011 [6d1a6f88].jpg (0.0 Mo, image/jpeg)
[2026-09-05 12:04:02] OK - LOI N°2010-45 DU 2 DECEMBRE 2010 [6e64fb4e].jpg (0.0 Mo, image/jpeg)
[2026-09-05 12:04:03] OK - Loi N° 61-32 [8ad1c080].pdf (4.4 Mo, application/pdf)
[2026-09-05 12:04:03] OK - LOI N°64-26 [75d3f8e6].jpg (0.0 Mo, image/jpeg)
[2026-09-05 12:04:03] OK - LOI N°93-017 du 28 Septembre 1993 [76770e3a].jpg (0.0 Mo, image/jpeg)
[2026-09-05 12:04:03] OK - LOI N°2010-43 DU 22 OCTOBRE 2010 [76a6fe05].jpg (0.0 Mo, image/jpeg)
[2026-09-05 12:04:03] OK - LOI N°2011-37 DU 19 DECEMBRE 2011 [7923f251].jpg (0.0 Mo, image/jpeg)
[2026-09-05 12:04:03] OK - LOI N°2011-42 DU 28 DECEMBRE 2011 [7bfd382c].jpg (0.0 Mo, image/jpeg)
[2026-09-05 12:04:03] OK - LOI N°61-2 [7f993406].jpg (0.0 Mo, image/jpeg)
[2026-09-05 12:04:04] OK - LOI N°2010-44 du 24 Novembre 2010 [836d28d0].jpg (0.0 Mo, image/jpeg)
[2026-09-05 12:04:04] OK - LOI N°2012-33 DU 19 SEPTEMBRE 2012 [8634ece3].jpg (0.0 Mo, image/jpeg)
[2026-09-05 12:04:04] OK - Loi N° 2012-39 [810b04ce].pdf (0.0 Mo, application/pdf)
[2026-09-05 12:04:04] OK - Loi N° 2012-41 [81177b0c].pdf (0.1 Mo, application/pdf)
[2026-09-05 12:04:04] OK - LOI N°2012-38 DU 27 DECEMBRE 2012 [de16b518].jpg (0.0 Mo, image/jpeg)
[2026-09-05 12:04:04] OK - Loi N° 61-7 [71188d5e].pdf (0.6 Mo, application/pdf)
[2026-09-05 12:04:04] OK - Loi N° 65-22 [3d4ae44d].pdf (6.0 Mo, application/pdf)
[2026-09-05 12:04:05] OK - Loi N° 2017-18 [80dd82fd].pdf (0.4 Mo, application/pdf)
[2026-09-05 12:04:05] OK - Loi N° 65-5 [156e0e8f].pdf (8.9 Mo, application/pdf)
[2026-09-05 12:04:05] OK - LOI N°2010-41 DU 22 OCTOBRE 2010 [e1acf5aa].jpg (0.0 Mo, image/jpeg)
[2026-09-05 12:04:05] OK - LOI N°2012-38 DU 27 DECEMBRE 2012 [e93f1ab6].jpg (0.0 Mo, image/jpeg)
[2026-09-05 12:04:05] OK - LOI N°2012-40 DU 27 DECEMBRE 2012 [e785472b].jpg (0.0 Mo, image/jpeg)
[2026-09-05 12:04:05] OK - Loi N° 2011-040 [e1759367].pdf (0.1 Mo, application/pdf)
[2026-09-05 12:04:05] OK - LOI N°2011-42 DU 28 DECEMBRE 2011 [ea494ffe].jpg (0.0 Mo, image/jpeg)
[2026-09-05 12:04:05] OK - Loi N° 64-15 [60aa0dc2].pdf (7.6 Mo, application/pdf)
[2026-09-05 12:04:06] OK - LOI N°2011-39 DU 28 DECEMBRE 2011 [f465f65a].jpg (0.0 Mo, image/jpeg)
[2026-09-05 12:04:06] OK - Loi N° 62-29 [890dac3e].pdf (0.7 Mo, application/pdf)
[2026-09-05 12:04:06] OK - LOI N°62-2 [453ebaed].jpg (0.0 Mo, image/jpeg)
[2026-09-05 12:04:07] OK - Loi N° 2012-38 [45a3c03a].pdf (0.1 Mo, application/pdf)
[2026-09-05 12:04:07] OK - LOI N°61-10 [4f9f774c].jpg (0.0 Mo, image/jpeg)
[2026-09-05 12:04:07] OK - Loi N° 64-10 [f8b20c9c].pdf (0.3 Mo, application/pdf)
[2026-09-05 12:04:07] OK - LOI N°2017-15 DU 10 AOÛT 2017 [513b28bd].jpg (0.0 Mo, image/jpeg)
[2026-09-05 12:04:07] OK - LOI N°2017-08 du 10 Août 2017 [57400dae].jpg (0.0 Mo, image/jpeg)
[2026-09-05 12:04:07] OK - LOI N°2017-40 du 27 Décembre 2012 [51ee9b51].jpg (0.0 Mo, image/jpeg)
[2026-09-05 12:04:08] OK - Loi N° 61-10 [f7162641].pdf (0.5 Mo, application/pdf)
[2026-09-05 12:04:08] OK - LOI N°2012-41 du 27 Décembre 2012 [5aecb842].jpg (0.0 Mo, image/jpeg)
[2026-09-05 12:04:08] OK - LOI N°2017-17 du 18 Septembre 2017 [5c142e35].jpg (0.0 Mo, image/jpeg)
[2026-09-05 12:04:09] OK - LOI N°61-9 du 22 Février 1961 [64acc7b0].jpg (0.0 Mo, image/jpeg)
[2026-09-05 12:04:09] OK - Loi N° 61-9 [45c4e9c4].pdf (0.7 Mo, application/pdf)
[2026-09-05 12:04:09] OK - Loi N° 64-7 [5f5f72f5].pdf (0.1 Mo, application/pdf)
[2026-09-05 12:04:10] OK - LOI N°2012-33 du 12 Septembre 2012 [65c7eac2].jpg (0.0 Mo, image/jpeg)
[2026-09-05 12:04:10] OK - Loi N° 61-56 [c99a916c].pdf (10.3 Mo, application/pdf)
[2026-09-05 12:04:11] OK - Loi N°64-26 [feaaaa82].pdf (1.9 Mo, application/pdf)
[2026-09-05 12:04:11] OK - LOI N°2010-43 DU 22 OCTOBRE 2010 [2ff589a8].jpg (0.0 Mo, image/jpeg)
[2026-09-05 12:04:11] OK - LOI N°2013-17 du 11 Octobre 2013 [2b7b42de].jpg (0.0 Mo, image/jpeg)
[2026-09-05 12:04:11] OK - LOI N°2011-39 DU 28 DECEMBRE 2011 [2bdee3ab].jpg (0.0 Mo, image/jpeg)
[2026-09-05 12:04:11] OK - Loi N° 2012-40 [25498f2f].pdf (0.0 Mo, application/pdf)
[2026-09-05 12:04:12] OK - Loi N° 61-5 [18530e15].pdf (0.2 Mo, application/pdf)
[2026-09-05 12:04:12] OK - LOI N°2011-41 DU 28 DECEMBRE 2011 [351e1554].jpg (0.0 Mo, image/jpeg)
[2026-09-05 12:04:13] OK - Loi N° 2012-34 du 19 septembre 2012 [0c3eb614].pdf (0.6 Mo, application/pdf)
[2026-09-05 12:04:13] OK - Loi N° 61-49 [e4fd359f].pdf (2.5 Mo, application/pdf)
[2026-09-05 12:04:13] OK - LOI N° 2012-41 DU 27 DECEMBRE 2012 [3d614ed0].jpg (0.0 Mo, image/jpeg)
[2026-09-05 12:04:14] OK - Loi N° 64-11 [312c1414].pdf (0.5 Mo, application/pdf)
[2026-09-05 12:04:14] OK - Loi N° 65-30 [30bb65af].pdf (0.4 Mo, application/pdf)
[2026-09-05 12:04:14] OK - LOI N°2017-09 DU 19 JUIN 2017 [31d275f9].jpg (0.0 Mo, image/jpeg)
[2026-09-05 12:04:14] OK - LOI N°2012-31 DU 14 SEPTEMBRE 2012 [32498a82].jpg (0.0 Mo, image/jpeg)
[2026-09-05 12:04:14] OK - LOI N°2012-24 DU 24 JUILLET 2012 [338805e4].jpg (0.0 Mo, image/jpeg)
[2026-09-05 12:04:14] OK - Loi N° 2010-41 [3f6d52c1].pdf (0.0 Mo, application/pdf)
[2026-09-05 12:04:15] OK - Loi N° 61-54 [5865dad5].pdf (1.8 Mo, application/pdf)
[2026-09-05 12:04:15] OK - LOI N°2017-10 du 19 Juin 2017 [349391a8].jpg (0.0 Mo, image/jpeg)
[2026-09-05 12:04:16] OK - LOI N°2017-08 du 19 Juin 2017 [3867c895].jpg (0.0 Mo, image/jpeg)
[2026-09-05 12:04:16] OK - LOI N°2010-38 du 22 Octobre 2010 [39640af8].jpg (0.0 Mo, image/jpeg)
[2026-09-05 12:04:17] OK - LOI N°93-021 du 02 Décembre 1993 [39c42e45].jpg (0.0 Mo, image/jpeg)
[2026-09-05 12:04:17] OK - Loi N° 64-16 [516eb178].pdf (3.0 Mo, application/pdf)
[2026-09-05 12:04:17] OK - LOI N°2012-31 du 14 Septembre 2012 [6c6a9276].jpg (0.0 Mo, image/jpeg)
[2026-09-05 12:04:17] OK - LOI N°2012-30 du 10 Juillet 2012 [6ccfef57].jpg (0.0 Mo, image/jpeg)
[2026-09-05 12:04:17] OK - LOI N°2017-27 du 18 Décembre 2017 [6d956f02].jpg (0.0 Mo, image/jpeg)
[2026-09-05 12:04:17] OK - LOI N°2010-39 DU 22 OCTOBRE 2010 [6fead8d4].jpg (0.0 Mo, image/jpeg)
[2026-09-05 12:04:19] OK - Loi N° 62-16 [3c79ba48].pdf (1.0 Mo, application/pdf)
[2026-09-05 12:04:19] OK - Loi N° 2010-36 [6bc3552f].pdf (0.2 Mo, application/pdf)
[2026-09-05 12:04:19] OK - LOI N°2010-39 DU 22 OCTOBRE 2010 [73c76843].jpg (0.0 Mo, image/jpeg)
[2026-09-05 12:04:19] OK - LOI N°2017-14 DU 19 JUIN 2017 [73d6d31a].jpg (0.0 Mo, image/jpeg)
[2026-09-05 12:04:20] OK - Loi N° 2017-10 du 19 juin 2017 [6e168a6f].pdf (0.4 Mo, application/pdf)
[2026-09-05 12:04:20] OK - LOI N°2017-39 DU 26 DECEMBRE 2017 [7b8c830e].jpg (0.0 Mo, image/jpeg)
[2026-09-05 12:04:20] OK - LOI N°2010-39 DU 22 OCTOBRE 2010 [75573e4c].jpg (0.0 Mo, image/jpeg)
[2026-09-05 12:04:20] OK - Loi N° 2011-033 [74525169].pdf (0.1 Mo, application/pdf)
[2026-09-05 12:04:20] OK - Loi N° 2017-22 du 03 août 2017 [71eb3ac8].pdf (0.4 Mo, application/pdf)
[2026-09-05 12:04:21] OK - LOI N°2017-39 du 26 Décembre 2017 [7d87fb08].jpg (0.0 Mo, image/jpeg)
[2026-09-05 12:04:22] OK - LOI N°2010-37 du 22 Octobre 2010 [8d0c75bf].jpg (0.0 Mo, image/jpeg)
[2026-09-05 12:04:22] OK - LOI N°2010-36 DU 25 OCTOBRE 2010 [94376998].jpg (0.0 Mo, image/jpeg)
[2026-09-05 12:04:22] OK - LOI N°2011-34 DU 15 DECEMBRE 2011 [7e9b8cee].jpg (0.0 Mo, image/jpeg)
[2026-09-05 12:04:22] OK - Loi N° 2017-40 [448e8036].pdf (12.7 Mo, application/pdf)
[2026-09-05 12:04:23] OK - LOI N°2012-27 DU 13 JUILLET 2012 [7dc1bdde].jpg (0.0 Mo, image/jpeg)
[2026-09-05 12:04:23] OK - LOI N°2017-23 DU 10 AOUT 2017 [9d644b5b].jpg (0.0 Mo, image/jpeg)
[2026-09-05 12:04:23] OK - LOI N°2017-23 DU 10 AOUT 2017 [a1a94aac].jpg (0.0 Mo, image/jpeg)
[2026-09-05 12:04:23] OK - Loi N° 2010-39 [98843b6a].pdf (0.1 Mo, application/pdf)
[2026-09-05 12:04:24] OK - Loi N° 64-17 [de486fa7].pdf (14.3 Mo, application/pdf)
[2026-09-05 12:04:24] OK - 2019-06 du 15 novembre 2019 [d6ed71b4].pdf (106.7 Mo, application/pdf)
[2026-09-05 12:04:24] OK - Loi N° 2010-38 [884cd277].pdf (0.1 Mo, application/pdf)
[2026-09-05 12:04:24] OK - Loi N° 2017-09 du 19 juin 2017 [968f157e].pdf (0.2 Mo, application/pdf)
[2026-09-05 12:04:25] OK - Loi N° 2017-13 [9520a264].pdf (0.4 Mo, application/pdf)
[2026-09-05 12:04:25] OK - Loi N° 2012-26 [9a774978].pdf (0.4 Mo, application/pdf)
[2026-09-05 12:04:25] OK - Loi N° 2012-37 [a359e765].pdf (0.0 Mo, application/pdf)
[2026-09-05 12:04:25] OK - LOI N°2017-28 DU 1er DECEMBRE 2017 [abf7ec09].jpg (0.0 Mo, image/jpeg)
[2026-09-05 12:04:26] OK - Loi N° 2010-40 [a1b064a6].pdf (0.1 Mo, application/pdf)
[2026-09-05 12:04:26] OK - Loi N° 2011-035 [a4d38f54].pdf (0.1 Mo, application/pdf)
[2026-09-05 12:04:26] OK - LOI N°2012-37 DU 27 DECEMBRE 2012 [b804e794].jpg (0.0 Mo, image/jpeg)
[2026-09-05 12:04:27] OK - LOI N°2012-26 DU 07 AOUT 2012 [bdc25f19].jpg (0.0 Mo, image/jpeg)
[2026-09-05 12:04:27] OK - Loi N° 2012-27 du 13 juillet 2012 [b2edeef1].pdf (0.1 Mo, application/pdf)
[2026-09-05 12:04:27] OK - Loi N° 2012-36 [8dc80310].pdf (4.7 Mo, application/pdf)
[2026-09-05 12:04:27] OK - LOI N°2017-24 DU 18 SEPTEMBRE 2017 [c2beba8e].jpg (0.0 Mo, image/jpeg)
[2026-09-05 12:04:27] OK - Loi N° 2012-43 du 05 février 2013 [8cf4f25e].pdf (1.6 Mo, application/pdf)
[2026-09-05 12:04:27] OK - Loi N° 2011-034 [ba05d2b0].pdf (0.1 Mo, application/pdf)
[2026-09-05 12:04:27] OK - Loi N° 2012-28 du 13 juillet 2012 [c1c41227].pdf (0.1 Mo, application/pdf)
[2026-09-05 12:04:27] OK - LOI N°2017-29 DU 15 MARS 2018 [c2f82495].jpg (0.0 Mo, image/jpeg)
[2026-09-05 12:04:27] OK - LOI N°2012-43 DU 05 FEVRIER 2013 [c30c60d7].jpg (0.0 Mo, image/jpeg)
[2026-09-05 12:04:28] OK - Loi N° 2017-23 du 10 août 2017 [aa15e1ec].pdf (0.4 Mo, application/pdf)
[2026-09-05 12:04:28] OK - LOI N°2011-35 DU 19 DECEMBRE 2011 [c4467551].jpg (0.0 Mo, image/jpeg)
[2026-09-05 12:04:28] OK - LOI N°2012-28 DU 13 JUILLET 2012 [c8aed77c].jpg (0.0 Mo, image/jpeg)
[2026-09-05 12:04:29] OK - LOI N°2017-22 DU 03 AOUT 2017 [cdc9a4e2].jpg (0.0 Mo, image/jpeg)
[2026-09-05 12:04:29] OK - Loi N° 2017-28 [20683007].pdf (5.9 Mo, application/pdf)
[2026-09-05 12:04:29] OK - Loi N° 2011-032 [ccb09d5f].pdf (0.1 Mo, application/pdf)
[2026-09-05 12:04:29] OK - LOI N°2017-13 DU 19 JUIN 2017 [ce1d75b9].jpg (0.0 Mo, image/jpeg)
[2026-09-05 12:04:29] OK - LOI N°2010-46 DU 31 DECEMBRE 2010 [49912f27].jpg (0.0 Mo, image/jpeg)
[2026-09-05 12:04:29] OK - LOI N°2011-35 DU 19 DECEMBRE 2011 [d1d48c3b].jpg (0.0 Mo, image/jpeg)
[2026-09-05 12:04:30] OK - LOI N°31 du 18 Novembre 2011 [d476ee2b].jpg (0.0 Mo, image/jpeg)
[2026-09-05 12:04:30] OK - LOI N°2010-40 du 06 Décembre 2010 [4d662c35].jpg (0.0 Mo, image/jpeg)
[2026-09-05 12:04:30] OK - LOI N°2012-30 DU 10 JUILLET 2012 [4b1f530b].jpg (0.0 Mo, image/jpeg)
[2026-09-05 12:04:30] OK - LOI N°2012-28 du 13 Juillet 2012 [511a2a64].jpg (0.0 Mo, image/jpeg)
[2026-09-05 12:04:30] OK - Loi N° 2012-30 du 10 juillet 2012 [48db4c72].pdf (0.1 Mo, application/pdf)
[2026-09-05 12:04:30] OK - LOI N°2011-32 du 18 Novembre 2011 [525a2e95].jpg (0.0 Mo, image/jpeg)
[2026-09-05 12:04:30] OK - Loi N° 2012-32 du 19 septembre 2012 [4a57b8f4].pdf (0.0 Mo, application/pdf)
[2026-09-05 12:04:32] OK - LOI N°2017-27 du 18 Décembre 2017 [5930a569].jpg (0.0 Mo, image/jpeg)
[2026-09-05 12:04:32] OK - Loi N° 2017-15 [3149a9d5].pdf (11.6 Mo, application/pdf)
[2026-09-05 12:04:32] OK - LOI N°2012-29 du 10 Juillet 2012 [5f4fd476].jpg (0.0 Mo, image/jpeg)
[2026-09-05 12:04:33] OK - LOI N°2012-32 du 19 Septembre 2012 [646fe88c].jpg (0.0 Mo, image/jpeg)
[2026-09-05 12:04:33] OK - LOI N°2017-28 du 1er Décembre 2017 [e025856e].jpg (0.0 Mo, image/jpeg)
[2026-09-05 12:04:33] OK - Loi N° 2010-39 [e5dd7440].pdf (0.1 Mo, application/pdf)
[2026-09-05 12:04:33] OK - LOI N°2012-36 DU 15 FEVRIER 2013 [f6de6a38].jpg (0.0 Mo, image/jpeg)
[2026-09-05 12:04:33] OK - Loi N° 2011-031 [5a406643].pdf (0.1 Mo, application/pdf)
[2026-09-05 12:04:34] OK - Loi N° 2012-25 du 20 juin 2012 [f49ba159].pdf (0.1 Mo, application/pdf)
[2026-09-05 12:04:34] OK - Loi N° 2012-31 du 14 septembre 2012 [f347c72b].pdf (0.1 Mo, application/pdf)
[2026-09-05 12:04:34] OK - Loi N° 2010- 46 du 31 décembre 2010 [389f7b3a].pdf (16.4 Mo, application/pdf)
[2026-09-05 12:04:34] OK - Loi N° 2017-24 du 18 septembre 2017 [e7437fbe].pdf (0.2 Mo, application/pdf)
[2026-09-05 12:04:34] OK - LOI N°2017-14 DU 19 JUIN 2017 [f79e6166].jpg (0.0 Mo, image/jpeg)
[2026-09-05 12:04:35] OK - Loi N° 2017-26 du 12 octobre 2017 [ee4d9510].pdf (0.3 Mo, application/pdf)
[2026-09-05 12:04:35] OK - LOI N°2012-26 du 07 Août 2012 [fce2a406].jpg (0.0 Mo, image/jpeg)
[2026-09-05 12:04:35] OK - Loi N° 2011-037 [566c6c06].pdf (0.1 Mo, application/pdf)
[2026-09-05 12:04:35] OK - LOI N°2010-29 DU 13 JUILLET 2010 [e1d7de58].jpg (0.0 Mo, image/jpeg)
[2026-09-05 12:04:35] OK - Loi N° 2012-29 du 10 juillet 2012 [fd799d80].pdf (0.0 Mo, application/pdf)
[2026-09-05 12:04:36] OK - LOI N°2011-30 DU 18 NOVEMBRE 2011 [e8c027d9].jpg (0.0 Mo, image/jpeg)
[2026-09-05 12:04:36] OK - Loi N° 2011-029 [e4eae1dd].pdf (0.1 Mo, application/pdf)
[2026-09-05 12:04:37] OK - LOI N°2011-24 DU 09 JANVIER 2011 [eb3eeefb].jpg (0.0 Mo, image/jpeg)
[2026-09-05 12:04:37] OK - LOI N°2010-28 DU 26 JUIN 2010 [f6884050].jpg (0.0 Mo, image/jpeg)
[2026-09-05 12:04:37] OK - LOI N°2012-23 DU 25 MAI 2012 [f3eb3ffb].jpg (0.0 Mo, image/jpeg)
[2026-09-05 12:04:37] OK - LOI N°2011-30 du 18 Novembre 2011 [fccdbaee].jpg (0.0 Mo, image/jpeg)
[2026-09-05 12:04:37] OK - Loi N° 2017-29 [49f4d0f1].pdf (7.0 Mo, application/pdf)
[2026-09-05 12:04:38] OK - LOI N°2010-29 du 13 Juillet 2010 [8e764b5d].jpg (0.0 Mo, image/jpeg)
[2026-09-05 12:04:38] OK - LOI N°2013-14 DU 27 SEPTEMBRE 2013 [963507e0].jpg (0.0 Mo, image/jpeg)
[2026-09-05 12:04:38] OK - LOI N°2013-20 DU 11 OCTOBRE 2013 [a0ea83c6].jpg (0.0 Mo, image/jpeg)
[2026-09-05 12:04:38] OK - LOI N°2017-07 DU 19 JUIN 2017 [b29abcc6].jpg (0.0 Mo, image/jpeg)
[2026-09-05 12:04:38] OK - LOI N°2012-24 DU 24 JUILLET 2012 [aa92aa0b].jpg (0.0 Mo, image/jpeg)
[2026-09-05 12:04:38] OK - Loi N° 2011-028 [963ab04a].pdf (0.1 Mo, application/pdf)
[2026-09-05 12:04:38] OK - Loi N° 2017-27 [cbbe9983].pdf (4.5 Mo, application/pdf)
[2026-09-05 12:04:39] OK - Loi N° 2017-39 [f1a8f7b2].pdf (2.7 Mo, application/pdf)
[2026-09-05 12:04:39] OK - Loi N° 2010-32 [2962511c].pdf (0.0 Mo, application/pdf)
[2026-09-05 12:04:39] OK - LOI N°2011-26 DU 09 JANVIER 2011 [33425525].jpg (0.0 Mo, image/jpeg)
[2026-09-05 12:04:39] OK - Loi N° 2017-08 du 19 juin 2017 [b1ed2f2e].pdf (8.3 Mo, application/pdf)
[2026-09-05 12:04:39] OK - Loi N° 62-30 [3623fe66].pdf (8.7 Mo, application/pdf)
[2026-09-05 12:04:39] OK - Loi N° 2010-29 [e2ad7dd1].pdf (1.4 Mo, application/pdf)
[2026-09-05 12:04:40] OK - Loi N° 2012-20 du 07 mai 2012 [35da5e37].pdf (0.1 Mo, application/pdf)
[2026-09-05 12:04:40] OK - LOI N° 2012-20 DU 07 MAI 2012 [3c3b49d5].jpg (0.0 Mo, image/jpeg)
[2026-09-05 12:04:40] OK - LOI N°2013-17 DU 11 OCTOBRE 2013 [3f5640bb].jpg (0.0 Mo, image/jpeg)
[2026-09-05 12:04:40] OK - Loi N° 2011-030 [3e281d2a].pdf (0.1 Mo, application/pdf)
[2026-09-05 12:04:40] OK - Loi N° 2011-026 [09621ca6].pdf (0.5 Mo, application/pdf)
[2026-09-05 12:04:40] OK - LOI N°2012-20 DU 07 MAI 2012 [671af161].jpg (0.0 Mo, image/jpeg)
[2026-09-05 12:04:40] OK - Loi N° 2010-30 [3f5ff01a].pdf (0.1 Mo, application/pdf)
[2026-09-05 12:04:40] OK - LOI N°2012-21 du 27 Août 2012 [67eee7f1].jpg (0.0 Mo, image/jpeg)
[2026-09-05 12:04:40] OK - Loi N° 2012-23 du 25 mai 2012 [6994ddb4].pdf (0.1 Mo, application/pdf)
[2026-09-05 12:04:40] OK - Loi N° 2013-15 [154242cb].pdf (0.6 Mo, application/pdf)
[2026-09-05 12:04:40] OK - LOI N°2011-27 du 18 Janvier 2012 [6e1a3e07].jpg (0.0 Mo, image/jpeg)
[2026-09-05 12:04:41] OK - LOI N°2013-19 DU 11 OCTOBRE 2013 [74bac765].jpg (0.0 Mo, image/jpeg)
[2026-09-05 12:04:41] OK - LOI N°2011-25 DU 1er OCTOBRE 2011 [75b30fbd].jpg (0.0 Mo, image/jpeg)
[2026-09-05 12:04:41] OK - LOI N°2017-21 DU 26 JUILLET 2017 [79d1cbaf].jpg (0.0 Mo, image/jpeg)
[2026-09-05 12:04:41] OK - LOI N°2012-22 DU 25 MAI 2012 [7e49530a].jpg (0.0 Mo, image/jpeg)
[2026-09-05 12:04:42] OK - Loi N° 2011-027 [6c64742d].pdf (0.5 Mo, application/pdf)
[2026-09-05 12:04:42] OK - LOI N°2013-13 du 30 Juillet 2013 [8251a158].jpg (0.0 Mo, image/jpeg)
[2026-09-05 12:04:42] OK - LOI N°2010-27 DU 26 JUIN 2010 [7f25b177].jpg (0.0 Mo, image/jpeg)
[2026-09-05 12:04:42] OK - LOI N°2011-25 du 1er Octobre 2011 [88cfa614].jpg (0.0 Mo, image/jpeg)
[2026-09-05 12:04:42] OK - LOI N°2010-28 du 26 Juin 2010 [85d30e6d].jpg (0.0 Mo, image/jpeg)
[2026-09-05 12:04:42] OK - LOI N°2010-33 DU 07 JANVIER 2011 [4314f367].jpg (0.0 Mo, image/jpeg)
[2026-09-05 12:04:42] OK - LOI N°2017-41 du 29 Décembre 2017 [476e2ef4].jpg (0.0 Mo, image/jpeg)
[2026-09-05 12:04:42] OK - Loi N° 90-010 [e354b2ef].pdf (2.8 Mo, application/pdf)
[2026-09-05 12:04:42] OK - LOI N°2010-30 du 13 Juillet 2010 [49adb9b4].jpg (0.0 Mo, image/jpeg)
[2026-09-05 12:04:43] OK - Loi N° 2017-14 [cbaf4afd].pdf (7.7 Mo, application/pdf)
[2026-09-05 12:04:43] OK - Loi N° 2010-35 [7927417f].pdf (0.4 Mo, application/pdf)
[2026-09-05 12:04:43] OK - Loi N° 2017-11 [399a507b].pdf (4.4 Mo, application/pdf)
[2026-09-05 12:04:43] OK - Loi N° 2011-025 [4c680dd4].pdf (0.1 Mo, application/pdf)
[2026-09-05 12:04:44] OK - Loi N° 2010-28 [52674da5].pdf (0.1 Mo, application/pdf)
[2026-09-05 12:04:44] OK - LOI N°2013-11 du 30 Juillet 2013 [564d6925].jpg (0.0 Mo, image/jpeg)
[2026-09-05 12:04:44] OK - LOI N°2017-07 du 19 Juin 2017 [58b6a2ca].jpg (0.0 Mo, image/jpeg)
[2026-09-05 12:04:44] OK - Loi N° 2012-21 du 27 août 2012 [80005a9c].pdf (1.5 Mo, application/pdf)
[2026-09-05 12:04:44] OK - LOI N°2013-18 du 11 Octobre 2013 [5f2ff6f1].jpg (0.0 Mo, image/jpeg)
[2026-09-05 12:04:45] OK - LOI N°2011-27 du 18 Janvier 2012 [58d19f00].jpg (0.0 Mo, image/jpeg)
[2026-09-05 12:04:45] OK - LOI N°2013-20 DU 11 OCTOBRE 2013 [b54e3d81].jpg (0.0 Mo, image/jpeg)
[2026-09-05 12:04:45] OK - LOI N°2011-29 DU 18 NOVEMBRE 2011 [bcf20500].jpg (0.0 Mo, image/jpeg)
[2026-09-05 12:04:45] OK - Loi N° 2013-18 [4ffbf445].pdf (0.7 Mo, application/pdf)
[2026-09-05 12:04:46] OK - LOI N°2010-33 DU 07 JANVIER 2011 [bd9040ee].jpg (0.0 Mo, image/jpeg)
[2026-09-05 12:04:46] OK - LOI N°2012-21 DU 27 AOÛT 2012 [c2eb2015].jpg (0.0 Mo, image/jpeg)
[2026-09-05 12:04:46] OK - Loi N° 2013-16 du 11 octobre 2013 [5341a44e].pdf (0.7 Mo, application/pdf)
[2026-09-05 12:04:46] OK - Loi N° 2017-21 du 26 juillet 2017 [5a693456].pdf (0.3 Mo, application/pdf)
[2026-09-05 12:04:47] OK - Loi N° 2013-17 [5fc2592b].pdf (0.6 Mo, application/pdf)
[2026-09-05 12:04:47] OK - Loi N° 2017-06 du 29 septembre 2017 [403db7da].pdf (4.9 Mo, application/pdf)
[2026-09-05 12:04:47] OK - LOI N°2012-22 DU 25 MAI 2012 [ca11dcb8].jpg (0.0 Mo, image/jpeg)
[2026-09-05 12:04:47] OK - LOI N°90-010 [cadab8a3].jpg (0.0 Mo, image/jpeg)
[2026-09-05 12:04:48] OK - Loi N° 2013-20 [b42fd64e].pdf (0.7 Mo, application/pdf)
[2026-09-05 12:04:48] OK - LOI N°2010-27 DU 26 JUIN 2010 [cb9a8bf8].jpg (0.0 Mo, image/jpeg)
[2026-09-05 12:04:48] OK - LOI N°2017-06 DU 24 SEPTEMBRE 2017 [d1683288].jpg (0.0 Mo, image/jpeg)
[2026-09-05 12:04:48] OK - Loi N° 2010-27 [cf86ab84].pdf (0.0 Mo, application/pdf)
[2026-09-05 12:04:48] OK - Loi N° 2010-33 [54c2b924].pdf (1.7 Mo, application/pdf)
[2026-09-05 12:04:49] OK - Loi N° 2013-19 [bd156e19].pdf (0.6 Mo, application/pdf)
[2026-09-05 12:04:49] OK - LOI N°2017-44 DU 05 FEVRIER 2018 [d8861aa2].jpg (0.0 Mo, image/jpeg)
[2026-09-05 12:04:49] OK - LOI N°2017-44 DU 05 FEVRIER 2018 [dc3d0c7c].jpg (0.0 Mo, image/jpeg)
[2026-09-05 12:04:49] OK - LOI N°2011-24 DU 30 SEPTEMBRE 2011 [bd1b8b06].jpg (0.0 Mo, image/jpeg)
[2026-09-05 12:04:50] OK - Loi N° 2012-22 du 25 mai 2012 [db0af3c6].pdf (0.0 Mo, application/pdf)
[2026-09-05 12:04:50] OK - Loi N° 2017-41 [c881167c].pdf (0.9 Mo, application/pdf)
[2026-09-05 12:04:50] OK - LOI N°2009-27 du 11 Janvier 2010 [bdc15824].jpg (0.0 Mo, image/jpeg)
[2026-09-05 12:04:50] OK - LOI N°2013-10 DU 30 JUILLET 2013 [be05f0e8].jpg (0.0 Mo, image/jpeg)
[2026-09-05 12:04:50] OK - Loi N° 2007-29 du 28 novembre 2007 [c2867088].pdf (0.0 Mo, application/pdf)
[2026-09-05 12:04:51] OK - LOI N°2012-19 DU 07 MAI 2012 [c8ef3996].jpg (0.0 Mo, image/jpeg)
[2026-09-05 12:04:51] OK - Loi N° 2017-05 du 29 août 2017 [75ec7657].pdf (5.6 Mo, application/pdf)
[2026-09-05 12:04:51] OK - Loi N° 2017-44 [63ed6497].pdf (3.7 Mo, application/pdf)
[2026-09-05 12:04:51] OK - Loi N° 2012-19 du 07 mai 2012 [c81643f1].pdf (0.0 Mo, application/pdf)
[2026-09-05 12:04:51] OK - Loi N° 2012-24 du 24 juillet 2012 [d0decf4b].pdf (1.5 Mo, application/pdf)
[2026-09-05 12:04:52] OK - LOI N°2007-14 DU 23 JUILLET 2007 [c994f1ea].jpg (0.0 Mo, image/jpeg)
[2026-09-05 12:04:52] OK - LOI N°2015-39 DU 21 DECEMBRE 2015 [d152a704].jpg (0.0 Mo, image/jpeg)
[2026-09-05 12:04:52] OK - Loi N° 2011-023 [d0fc190a].pdf (0.1 Mo, application/pdf)
[2026-09-05 12:04:52] OK - LOI N°2010-25 DU 18 JUIN 2010 [d273241c].jpg (0.0 Mo, image/jpeg)
[2026-09-05 12:04:52] OK - LOI N°2010-24 DU 18 JUIN 2010 [d3d3d27b].jpg (0.0 Mo, image/jpeg)
[2026-09-05 12:04:52] OK - LOI N°2007-33 DU 02 JANVIER 2008 [d3a14523].jpg (0.0 Mo, image/jpeg)
[2026-09-05 12:04:52] OK - Loi N° 2017-07 [7d94506c].pdf (9.8 Mo, application/pdf)
[2026-09-05 12:04:52] OK - LOI N°2007-33 DU 02 JANVIER 2008 [d428dbf9].jpg (0.0 Mo, image/jpeg)
[2026-09-05 12:04:53] OK - Loi N° 2007-32 [2649efc1].pdf (0.0 Mo, application/pdf)
[2026-09-05 12:04:53] OK - Loi N° 2013-13 [5260ed5e].pdf (5.0 Mo, application/pdf)
[2026-09-05 12:04:53] OK - LOI N°2011-23 du 30 Septembre 2011 [2d15405e].jpg (0.0 Mo, image/jpeg)
[2026-09-05 12:04:53] OK - LOI N°2012-13 du 03 Février 2012 [39065b5e].jpg (0.0 Mo, image/jpeg)
[2026-09-05 12:04:53] OK - Loi N° 2012-16 du 15 mai 2012 [2ca6b3f4].pdf (0.1 Mo, application/pdf)
[2026-09-05 12:04:54] OK - Loi N° 2012-14 du 21 mars 2012 [c97ad741].pdf (2.8 Mo, application/pdf)
[2026-09-05 12:04:54] OK - LOI N° 90-009 [404a9d11].jpg (0.0 Mo, image/jpeg)
[2026-09-05 12:04:54] OK - Loi N° 2010-26 [3e21857e].pdf (0.0 Mo, application/pdf)
[2026-09-05 12:04:54] OK - LOI N°2009-27 DU 11 JANVIER 2010 [de1b4c39].jpg (0.0 Mo, image/jpeg)
[2026-09-05 12:04:54] OK - LOI N°2011-21 DU 30 SEPTEMBRE 2011 [ec53b67e].jpg (0.0 Mo, image/jpeg)
[2026-09-05 12:04:54] OK - Loi N° 2013-24 [07f4af4b].pdf (0.6 Mo, application/pdf)
[2026-09-05 12:04:54] OK - LOI N°2013-09 DU 03 SEPTEMBRE 2013 [f1c80994].jpg (0.0 Mo, image/jpeg)
[2026-09-05 12:04:54] OK - Loi N° 2011-021 [efc76353].pdf (0.1 Mo, application/pdf)
[2026-09-05 12:04:55] OK - LOI N°2012-17 DU 15 MAI 2012 [f8446fad].jpg (0.0 Mo, image/jpeg)
[2026-09-05 12:04:55] OK - LOI N°2013-09 DU 03 SEPTEMBRE 2013 [f749cb64].jpg (0.0 Mo, image/jpeg)
[2026-09-05 12:04:55] OK - LOI N°2010-26 DU 12 AOUT 2010 [ffab3eb6].jpg (0.0 Mo, image/jpeg)
[2026-09-05 12:04:55] OK - LOI N°2009-26 du 11 Janvier 2010 [9291521f].jpg (0.0 Mo, image/jpeg)
[2026-09-05 12:04:55] OK - Loi N° 2012-17 du 15 mai 2012 [8b525313].pdf (0.0 Mo, application/pdf)
[2026-09-05 12:04:55] OK - Loi N° 2011-020 [bd28c152].pdf (2.1 Mo, application/pdf)
[2026-09-05 12:04:55] OK - Loi N° 2017-01 du 03 mai 2017 [d46d45c3].pdf (1.8 Mo, application/pdf)
[2026-09-05 12:04:55] OK - LOI N°2007-30 DU 28 NOVEMBRE 2007 [92c9f076].jpg (0.0 Mo, image/jpeg)
[2026-09-05 12:04:55] OK - LOI N°2007-31 DU 28 NOVEMBRE 2007 [941ffc80].jpg (0.0 Mo, image/jpeg)
[2026-09-05 12:04:56] OK - LOI N°2007-31 du 29 Novembre 2007 [9462cd12].jpg (0.0 Mo, image/jpeg)
[2026-09-05 12:04:56] OK - LOI N°2017-01 DU 03 MAI 2017 [9a581394].jpg (0.0 Mo, image/jpeg)
[2026-09-05 12:04:56] OK - Loi N° 2009-27 [93210f91].pdf (0.0 Mo, application/pdf)
[2026-09-05 12:04:56] OK - Loi N° 90-009 [3ad6e9b4].pdf (2.1 Mo, application/pdf)
[2026-09-05 12:04:56] OK - LOI N°2009-25 DU 03 AOÛT 2009 [a0986841].jpg (0.0 Mo, image/jpeg)
[2026-09-05 12:04:57] OK - LOI N°2017-02 DU 03 MAI 2017 [b232cad0].jpg (0.0 Mo, image/jpeg)
[2026-09-05 12:04:57] OK - LOI N°2009-24 DU 03 AOÛT 2009 [b1ea22d9].jpg (0.0 Mo, image/jpeg)
[2026-09-05 12:04:57] OK - LOI N°2011-20 DU 12 OCTOBRE 2011 [a5cfb72a].jpg (0.0 Mo, image/jpeg)
[2026-09-05 12:04:57] OK - LOI N°2012-16 du 15 Mai 2012 [44367dd6].jpg (0.0 Mo, image/jpeg)
[2026-09-05 12:04:57] OK - LOI N°2010-26 du 12 Août 2010 [412a252a].jpg (0.0 Mo, image/jpeg)
[2026-09-05 12:04:57] OK - LOI N°2015-39 DU 21 DECEMBRE 2015 [480d3993].jpg (0.0 Mo, image/jpeg)
[2026-09-05 12:04:58] OK - Loi N° 2015-38 du 21 décembre 2015 [a249b5e7].pdf (0.3 Mo, application/pdf)
[2026-09-05 12:04:58] OK - LOI N°2010-23 du 19 Juin 2010 [4d0cc371].jpg (0.0 Mo, image/jpeg)
[2026-09-05 12:04:58] OK - Loi N° 2010-24 [93797ab1].pdf (0.9 Mo, application/pdf)
[2026-09-05 12:04:58] OK - Loi N° 2012-13 du 03 février 2012 [9fe7890a].pdf (0.5 Mo, application/pdf)
[2026-09-05 12:04:58] OK - LOI N°2017-02 du 03 Mai 2017 [4f3e9e6f].jpg (0.0 Mo, image/jpeg)
[2026-09-05 12:04:58] OK - LOI N°2013-26 du 24 Octobre 2013 [535edcc8].jpg (0.0 Mo, image/jpeg)
[2026-09-05 12:04:59] OK - Loi N° 2013-11 [c06c62df].pdf (4.4 Mo, application/pdf)
[2026-09-05 12:04:59] OK - Loi N° 2013-14 [d5db7a23].pdf (7.9 Mo, application/pdf)
[2026-09-05 12:04:59] OK - Loi N° 2007-30 [a1840673].pdf (0.8 Mo, application/pdf)
[2026-09-05 12:05:00] OK - LOI N°98-029 du 17 Août 1998 [54b04b6a].jpg (0.0 Mo, image/jpeg)
[2026-09-05 12:05:00] OK - Loi N° 2013-26 [b1d6fe8b].pdf (0.7 Mo, application/pdf)
[2026-09-05 12:05:00] OK - LOI N°2017-01 du 03 Mai 2017 [5d157877].jpg (0.0 Mo, image/jpeg)
[2026-09-05 12:05:00] OK - Loi N° 2013-10 [e4abfdbf].pdf (4.0 Mo, application/pdf)
[2026-09-05 12:05:00] OK - Loi N° 2011-022 [66775416].pdf (0.1 Mo, application/pdf)
[2026-09-05 12:05:00] OK - Loi N° 2010-23 [60a6c0f5].pdf (0.0 Mo, application/pdf)
[2026-09-05 12:05:00] OK - LOI N°2012-14 du 21 Mars 2012 [69f0d8a5].jpg (0.0 Mo, image/jpeg)
[2026-09-05 12:05:00] OK - LOI N°2013-25 du 24 Octobre 2013 [69cc1269].jpg (0.0 Mo, image/jpeg)
[2026-09-05 12:05:01] OK - LOI N°2011-22 DU 30 Septembre 2011 [66f7aa0e].jpg (0.0 Mo, image/jpeg)
[2026-09-05 12:05:01] OK - Loi N° 2009-25 [685611e6].pdf (0.0 Mo, application/pdf)
[2026-09-05 12:05:01] OK - LOI N°2013-08 du 29 Août 2013 [6b5777fa].jpg (0.0 Mo, image/jpeg)
[2026-09-05 12:05:01] OK - Loi N° 90-008 du 13 août 1990 [5580dff1].pdf (0.3 Mo, application/pdf)
[2026-09-05 12:05:01] OK - Loi N° 2010-25 [6bbad64a].pdf (0.0 Mo, application/pdf)
[2026-09-05 12:05:01] OK - LOI N°2011-23 du 30 Septembre 2011 [6d5249aa].jpg (0.0 Mo, image/jpeg)
[2026-09-05 12:05:01] OK - Loi N° 2012-18 du 15 mai 2012 [6f0cf839].pdf (0.0 Mo, application/pdf)
[2026-09-05 12:05:01] OK - LOI N°2012-17 du 15 Mai 2012 [70729ad4].jpg (0.0 Mo, image/jpeg)
[2026-09-05 12:05:02] OK - Loi N° 2013-25 [5b3c6b8f].pdf (0.7 Mo, application/pdf)
[2026-09-05 12:05:02] OK - Loi N° 2013-08 [a0593216].pdf (3.0 Mo, application/pdf)
[2026-09-05 12:05:02] OK - Loi N° 2007-14 du 23 juillet 2007 [72f83357].pdf (0.0 Mo, application/pdf)
[2026-09-05 12:05:02] OK - LOI N°2007-32 DU 10 DECEMBRE 2007 [79036c7e].jpg (0.0 Mo, image/jpeg)
[2026-09-05 12:05:02] OK - Loi N° 2009-26 [78dae17d].pdf (0.1 Mo, application/pdf)
[2026-09-05 12:05:02] OK - LOI N°2013-08 du 29 Août 2013 [7a6e0c32].jpg (0.0 Mo, image/jpeg)
[2026-09-05 12:05:02] OK - Loi N° 2017-02 du 03 mai 2017 [3befe407].pdf (7.6 Mo, application/pdf)
[2026-09-05 12:05:02] OK - Loi N° 2011-024 [799148ad].pdf (0.1 Mo, application/pdf)
[2026-09-05 12:05:02] OK - LOI N°2007-14 du 23 Juillet 2007 [7cb30ea0].jpg (0.0 Mo, image/jpeg)
[2026-09-05 12:05:03] OK - Loi N° 2007-31 [79c274c7].pdf (0.0 Mo, application/pdf)
[2026-09-05 12:05:03] OK - LOI N°2013-12 DU 30 JUILLET 2013 [8387affc].jpg (0.0 Mo, image/jpeg)
[2026-09-05 12:05:03] OK - LOI N°2012-18 DU 15 MAI 2012 [802eb209].jpg (0.0 Mo, image/jpeg)
[2026-09-05 12:05:03] OK - LOI N°2011-18 DU 05 SEPTEMBRE 2011 [70485f40].jpg (0.0 Mo, image/jpeg)
[2026-09-05 12:05:03] OK - LOI N°2011-21 du 30 SEPTEMBRE 2011 [89d711e8].jpg (0.0 Mo, image/jpeg)
[2026-09-05 12:05:03] OK - Loi N° 2011-019 [84bda714].pdf (0.1 Mo, application/pdf)
[2026-09-05 12:05:03] OK - Loi N° 2015-39 du 21 décembre 2015 [7c29862d].pdf (0.3 Mo, application/pdf)
[2026-09-05 12:05:03] OK - LOI N°2011-11 du Août 2011 [697c4762].jpg (0.0 Mo, image/jpeg)
[2026-09-05 12:05:03] OK - Loi N° 2001-013 [71b68cf3].pdf (0.0 Mo, application/pdf)
[2026-09-05 12:05:03] OK - Loi N° 2012-11 du 26 janvier 2012 [764bf544].pdf (0.1 Mo, application/pdf)
[2026-09-05 12:05:03] OK - LOI N°2015-21 DU 03 AOÛT 2015 [7867d6a0].jpg (0.0 Mo, image/jpeg)
[2026-09-05 12:05:04] OK - LOI N°2013-07 DU 04 JUIN 2013 [77c7945f].jpg (0.0 Mo, image/jpeg)
[2026-09-05 12:05:04] OK - LOI N°2012-06 DU 26 JANVIER 2012 [7c454824].jpg (0.0 Mo, image/jpeg)
[2026-09-05 12:05:04] OK - LOI N°2012-06 DU 26 JANVIER 2012 [79af0c87].jpg (0.0 Mo, image/jpeg)
[2026-09-05 12:05:04] OK - LOI N°2013-06 DU 25 NOVEMBRE 2013 [7e9f165b].jpg (0.0 Mo, image/jpeg)
[2026-09-05 12:05:04] OK - LOI N°2009-22 du 11 Août 2009 [8149e86f].jpg (0.0 Mo, image/jpeg)
[2026-09-05 12:05:04] OK - LOI N°2013-07 du 04 Juin 2013 [811c25e7].jpg (0.0 Mo, image/jpeg)
[2026-09-05 12:05:05] OK - LOI N°2012-08 DU 26 JANVIER 2012 [7d0d216d].jpg (0.0 Mo, image/jpeg)
[2026-09-05 12:05:05] OK - LOI N°2013-05 du 27 Mai 2013 [842d19d7].jpg (0.0 Mo, image/jpeg)
[2026-09-05 12:05:05] OK - LOI N°2011-13 DU 25 AOÛT 2011 [e7237393].jpg (0.0 Mo, image/jpeg)
[2026-09-05 12:05:05] OK - LOI N°2007-28 DU 23 NOVEMBRE 2007 [e7374718].jpg (0.0 Mo, image/jpeg)
[2026-09-05 12:05:05] OK - LOI N°2011-15 DU 05 SEPTEMBRE 2011 [e9fbf687].jpg (0.0 Mo, image/jpeg)
[2026-09-05 12:05:05] OK - Loi N° 2010-18 [e2ecf6d0].pdf (0.0 Mo, application/pdf)
[2026-09-05 12:05:05] OK - Loi N° 2010-22 [8188e792].pdf (0.0 Mo, application/pdf)
[2026-09-05 12:05:05] OK - Loi N° 2011-018 [e54527bb].pdf (0.1 Mo, application/pdf)
[2026-09-05 12:05:05] OK - Loi N° 2015-26 du 03 aout 2015 [7c79259f].pdf (0.2 Mo, application/pdf)
[2026-09-05 12:05:05] OK - LOI N°2012-03 DU 26 JANVIER 2012 [ec828e0c].jpg (0.0 Mo, image/jpeg)
[2026-09-05 12:05:06] OK - Loi N° 2012-03 du [ed617b2a].pdf (0.1 Mo, application/pdf)
[2026-09-05 12:05:06] OK - Loi N° 2007-33 du 02 janvier 2008 [78abff1e].pdf (2.2 Mo, application/pdf)
[2026-09-05 12:05:06] OK - Loi N° 2011-017 [f04c2116].pdf (0.0 Mo, application/pdf)
[2026-09-05 12:05:06] OK - Loi N° 2011-016 [f5a8d18a].pdf (0.0 Mo, application/pdf)
[2026-09-05 12:05:06] OK - LOI N°2013-05 DU 27 MAI 2013 [f5616de5].jpg (0.0 Mo, image/jpeg)
[2026-09-05 12:05:07] OK - LOI N°2009-21 DU 02 JUILLET 2009 [f617a68f].jpg (0.0 Mo, image/jpeg)
[2026-09-05 12:05:07] OK - Loi N° 2010-20 [f58f4f8d].pdf (0.0 Mo, application/pdf)
[2026-09-05 12:05:07] OK - LOI N°2015-23 DU 03 AOÛT 2015 [f611774f].jpg (0.0 Mo, image/jpeg)
[2026-09-05 12:05:07] OK - LOI N°2010-19 DU 16 JUIN 2010 [f69d0a09].jpg (0.0 Mo, image/jpeg)
[2026-09-05 12:05:07] OK - Loi N° 2013-12 [7027fecb].pdf (4.5 Mo, application/pdf)
[2026-09-05 12:05:07] OK - LOI N°2010-22 DU 19 JUIN 2010 [f6ab8cc1].jpg (0.0 Mo, image/jpeg)
[2026-09-05 12:05:07] OK - Loi N° 2012-07 du 26 janvier 2012 [f69459d3].pdf (0.1 Mo, application/pdf)
[2026-09-05 12:05:07] OK - LOI N°2012-08 DU 26 JANVIER 2012 [f89f4796].jpg (0.0 Mo, image/jpeg)
[2026-09-05 12:05:07] OK - LOI N°2007-23 DU 24 SEPTEMBRE 2007 [f6f36ed3].jpg (0.0 Mo, image/jpeg)
[2026-09-05 12:05:07] OK - LOI N°2010-18 DU 16 JUIN 2010 [fc267d81].jpg (0.0 Mo, image/jpeg)
[2026-09-05 12:05:08] OK - LOI N°2012-11 DU 26 JANVIER 2012 [fefebbf3].jpg (0.0 Mo, image/jpeg)
[2026-09-05 12:05:08] OK - Loi N° 2007-24 [f9b9872c].pdf (0.1 Mo, application/pdf)
[2026-09-05 12:05:08] OK - Loi N° 2015-23 du 03 aout 2015 [fb455acf].pdf (0.2 Mo, application/pdf)
[2026-09-05 12:05:08] OK - Loi N° 2013-07 [b596462c].pdf (0.1 Mo, application/pdf)
[2026-09-05 12:05:08] OK - Loi N° 2013-09 [446479b7].pdf (14.5 Mo, application/pdf)
[2026-09-05 12:05:08] OK - LOI N°2015-22 DU 03 AOÛT 2015 [c64b1d3d].jpg (0.0 Mo, image/jpeg)
[2026-09-05 12:05:08] OK - Loi N° 2012-06 du 26 janvier 2012 [b5eb6fad].pdf (0.1 Mo, application/pdf)
[2026-09-05 12:05:08] OK - LOI N°2009-23 DU 03 AOÛT 2009 [c759f4e4].jpg (0.0 Mo, image/jpeg)
[2026-09-05 12:05:08] OK - Loi N° 2012-04 du 26 janvier 2012 [b85d8200].pdf (0.1 Mo, application/pdf)
[2026-09-05 12:05:08] OK - Loi N° 2009-23 [d1d00705].pdf (0.0 Mo, application/pdf)
[2026-09-05 12:05:09] OK - Loi N° 2007-27 du 23 octobre 2007 [c6ea1e2d].pdf (0.2 Mo, application/pdf)
[2026-09-05 12:05:09] OK - LOI N°2011-16 DU 05 SEPTEMBRE 2011 [30d4d0e6].jpg (0.0 Mo, image/jpeg)
[2026-09-05 12:05:09] OK - Loi N° 2011-011 [d7f015ce].pdf (0.1 Mo, application/pdf)
[2026-09-05 12:05:09] OK - LOI N°2011-15 DU 05 SEPTEMBRE 2011 [341d9fd1].jpg (0.0 Mo, image/jpeg)
[2026-09-05 12:05:09] OK - Loi N° 2011-012 [2eda4cfc].pdf (0.1 Mo, application/pdf)
[2026-09-05 12:05:09] OK - Loi N° 2012-10 du 26 janvier 2012 [315ad83c].pdf (0.1 Mo, application/pdf)
[2026-09-05 12:05:09] OK - LOI N°2010-19 du 16 Juin 2010 [3799f366].jpg (0.0 Mo, image/jpeg)
[2026-09-05 12:05:09] OK - LOI N°2012-10 du 26 Janvier 2012 [365f2934].jpg (0.0 Mo, image/jpeg)
[2026-09-05 12:05:09] OK - Loi N° 2012-08 du 26 janvier 2012 [39390a05].pdf (0.1 Mo, application/pdf)
[2026-09-05 12:05:09] OK - Loi N° 2015-21 du 03 aout 2015 [32330b04].pdf (0.2 Mo, application/pdf)
[2026-09-05 12:05:09] OK - Loi N° 2015-37 du 21 décembre 2015 [0c68a192].pdf (0.3 Mo, application/pdf)
[2026-09-05 12:05:09] OK - LOI N°2012-07 DU 28 JANVIER 2012 [3e0ac69c].jpg (0.0 Mo, image/jpeg)
[2026-09-05 12:05:09] OK - LOI N°2009-22 du 11 Août 2009 [48aa5020].jpg (0.0 Mo, image/jpeg)
[2026-09-05 12:05:10] OK - LOI N°2007-24 du 24 Septembre 2007 [402de259].jpg (0.0 Mo, image/jpeg)
[2026-09-05 12:05:10] OK - Loi N° 2009-22 [efb16e2c].pdf (2.4 Mo, application/pdf)
[2026-09-05 12:05:10] OK - Loi N° 2013-05 [13bf57e9].pdf (4.0 Mo, application/pdf)
[2026-09-05 12:05:10] OK - LOI N°2007-26 du 06 Octobre 2006 [4dea065e].jpg (0.0 Mo, image/jpeg)
[2026-09-05 12:05:10] OK - LOI N°2015-26 du 03 Août 2015 [4dcf05f0].jpg (0.0 Mo, image/jpeg)
[2026-09-05 12:05:11] OK - LOI N°2001-17 du 05 Septembre 2011 [610792a5].jpg (0.0 Mo, image/jpeg)
[2026-09-05 12:05:11] OK - LOI N°2009-22 du 03 Janvier 2014 [55cfd959].jpg (0.0 Mo, image/jpeg)
[2026-09-05 12:05:11] OK - LOI N°2012-04 du 28 Janvier 2012 [4fe39475].jpg (0.0 Mo, image/jpeg)
[2026-09-05 12:05:11] OK - LOI N°2012-09 du 26 Janvier 2012 [571b7188].jpg (0.0 Mo, image/jpeg)
[2026-09-05 12:05:11] OK - Loi N° 2009-24 [52111708].pdf (0.0 Mo, application/pdf)
[2026-09-05 12:05:11] OK - LOI N°2012-07 DU 28 JANVIER 2012 [5d9d81d8].jpg (0.0 Mo, image/jpeg)
[2026-09-05 12:05:11] OK - LOI N°2007-24 du 24 Septembre 2007 [5c912445].jpg (0.0 Mo, image/jpeg)
[2026-09-05 12:05:11] OK - LOI N°2010-22 du 19 Juin 2010 [63e01ff5].jpg (0.0 Mo, image/jpeg)
[2026-09-05 12:05:11] OK - Loi N° 2009-22 [4e9e762f].pdf (0.2 Mo, application/pdf)
[2026-09-05 12:05:11] OK - Loi N° 2009-21 [6482a059].pdf (0.0 Mo, application/pdf)
[2026-09-05 12:05:12] OK - LOI N°2007-28 DU 23 NOVEMBRE 2007 [9212ff73].jpg (0.0 Mo, image/jpeg)
[2026-09-05 12:05:12] OK - LOI N°2007-26 du 04 Octobre 2007 [9105d6a1].jpg (0.0 Mo, image/jpeg)
[2026-09-05 12:05:12] OK - Loi N° 2010-19 [59038cb4].pdf (0.1 Mo, application/pdf)
[2026-09-05 12:05:12] OK - Loi N° 2007-23 [59a9124a].pdf (0.0 Mo, application/pdf)
[2026-09-05 12:05:12] OK - Loi N° 2007- 28 du 23 novembre 2007 [4187f9e0].pdf (0.8 Mo, application/pdf)
[2026-09-05 12:05:12] OK - LOI N° 2013-06 [77b9d794].pdf (6.5 Mo, application/pdf)
[2026-09-05 12:05:12] OK - Loi N° 2007-26 du 08 octobre 2007 [96bbb2a0].pdf (0.0 Mo, application/pdf)
[2026-09-05 12:05:12] OK - LOI N°2015-37 DU 21 DECEMBRE 2015 [98336914].jpg (0.0 Mo, image/jpeg)
[2026-09-05 12:05:12] OK - Loi N° 2012-09 du 26 janvier 2012 [97265c9c].pdf (0.1 Mo, application/pdf)
[2026-09-05 12:05:12] OK - Loi N° 2007- 25 du 23 novembre 2007 [4b333276].pdf (2.1 Mo, application/pdf)
[2026-09-05 12:05:12] OK - Loi N° 2010-21 [98c54095].pdf (0.0 Mo, application/pdf)
[2026-09-05 12:05:12] OK - LOI N°2012-10 DU 26 JANVIER 2012 [9fdda47c].jpg (0.0 Mo, image/jpeg)
[2026-09-05 12:05:13] OK - LOI N°2011-18 DU 05 SEPTEMBRE 2011 [9c86207d].jpg (0.0 Mo, image/jpeg)
[2026-09-05 12:05:13] OK - LOI N°2007-27 DU 23 OCTOBRE 2007 [998571c3].jpg (0.0 Mo, image/jpeg)
[2026-09-05 12:05:13] OK - LOI N°2015-21 DU 03 AOÛT 2015 [a932a696].jpg (0.0 Mo, image/jpeg)
[2026-09-05 12:05:13] OK - LOI N°2012-04 DU 26 JANVIER 2012 [a9980bac].jpg (0.0 Mo, image/jpeg)
[2026-09-05 12:05:13] OK - Loi N° 2011-015 [b1161d5a].pdf (0.0 Mo, application/pdf)
[2026-09-05 12:05:13] OK - LOI N°2007-25 DU 23 NOVEMBRE 2007 [a9cb2c55].jpg (0.0 Mo, image/jpeg)
[2026-09-05 12:05:13] OK - LOI N°2010-20 DU 16 JUIN 2010 [b19daca3].jpg (0.0 Mo, image/jpeg)
[2026-09-05 12:05:13] OK - Loi N° 2010-17 [8e0f36a0].pdf (0.1 Mo, application/pdf)
[2026-09-05 12:05:13] OK - Loi N° 2015-22 du 03 aout 2015 [a0369038].pdf (0.3 Mo, application/pdf)
[2026-09-05 12:05:13] OK - LOI N°2011-09 du 06 Juillet 2011 [8f129bf7].jpg (0.0 Mo, image/jpeg)
[2026-09-05 12:05:13] OK - Loi N° 2010-12 [9af60ad6].pdf (0.1 Mo, application/pdf)
[2026-09-05 12:05:13] OK - LOI N°2012-01 du 19 Janvier 2012 [90ebf194].jpg (0.0 Mo, image/jpeg)
[2026-09-05 12:05:14] OK - Loi N° 2009-18 [97fa7fc4].pdf (0.2 Mo, application/pdf)
[2026-09-05 12:05:14] OK - Loi N° 2007-19 du 09 août 2007 [ba398613].pdf (0.0 Mo, application/pdf)
[2026-09-05 12:05:14] OK - LOI N°2013-04 DU 25 JANVIER 2013 [aa8ee86f].jpg (0.0 Mo, image/jpeg)
[2026-09-05 12:05:14] OK - Loi N° 2009-20 [a5f6e5f3].pdf (0.1 Mo, application/pdf)
[2026-09-05 12:05:14] OK - Loi N° 2011-006 [aca6ace3].pdf (0.1 Mo, application/pdf)
[2026-09-05 12:05:14] OK - Loi N° 2011-007 [ae95512d].pdf (0.1 Mo, application/pdf)
[2026-09-05 12:05:14] OK - Loi N° 2005-42 [9c2eb219].pdf (1.3 Mo, application/pdf)
[2026-09-05 12:05:14] OK - LOI N°2010-15 DU 16 JUIN 2010 [b56efda3].jpg (0.0 Mo, image/jpeg)
[2026-09-05 12:05:14] OK - Loi N° 2011-010 [b8978025].pdf (0.1 Mo, application/pdf)
[2026-09-05 12:05:14] OK - Loi N° 2005-41 du 22 décembre 2005 [b16e9447].pdf (0.2 Mo, application/pdf)
[2026-09-05 12:05:14] OK - LOI N°2013-04 DU 25 JANVIER 2013 [bd414480].jpg (0.0 Mo, image/jpeg)
[2026-09-05 12:05:14] OK - LOI N°2011-05 du 05 Juillet 2011 [bdbcc1a2].jpg (0.0 Mo, image/jpeg)
[2026-09-05 12:05:14] OK - Loi N° 2009-19 [bf0815d6].pdf (0.0 Mo, application/pdf)
[2026-09-05 12:05:14] OK - LOI N°2009-14 DU 26 MAI 2009 [c21c3259].jpg (0.0 Mo, image/jpeg)
[2026-09-05 12:05:15] OK - LOI N°2007-22 DU 07 SEPTEMBRE 2007 [c576eb95].jpg (0.0 Mo, image/jpeg)
[2026-09-05 12:05:15] OK - LOI N°2005-41 DU 22 DECEMBRE 2005 [c3d2a747].jpg (0.0 Mo, image/jpeg)
[2026-09-05 12:05:15] OK - LOI N°2007-22 DU 07 SEPTEMBRE 2007 [c58af00d].jpg (0.0 Mo, image/jpeg)
[2026-09-05 12:05:15] OK - LOI N°90-026 DU 17 SEPTEMBRE 1990 [c7694a55].jpg (0.0 Mo, image/jpeg)
[2026-09-05 12:05:15] OK - LOI N°2011-04 DU 05 JUILLET 2011 [ce33cb4f].jpg (0.0 Mo, image/jpeg)
[2026-09-05 12:05:15] OK - LOI N°2012-01 DU 19 JANVIER 2012 [d1a09b03].jpg (0.0 Mo, image/jpeg)
[2026-09-05 12:05:15] OK - LOI N° 2004-02 DU 11 FEVRIER 2004 [ce4fb0a9].jpg (0.0 Mo, image/jpeg)
[2026-09-05 12:05:15] OK - LOI N°2007-18 DU 09 AOUT 2007 [d2b624d4].jpg (0.0 Mo, image/jpeg)
[2026-09-05 12:05:15] OK - LOI N°2013-02 DU 25 JANVIER 2013 [d4fbd438].jpg (0.0 Mo, image/jpeg)
[2026-09-05 12:05:15] OK - LOI N°2012-02 DU 19 JANVIER 2012 [d78e13f6].jpg (0.0 Mo, image/jpeg)
[2026-09-05 12:05:15] OK - LOI N°2007-19 DU 09 AOÛT 2007 [d906d40c].jpg (0.0 Mo, image/jpeg)
[2026-09-05 12:05:15] OK - Loi N° 2005-43 du 26 juin 2006 [d491eb55].pdf (1.5 Mo, application/pdf)
[2026-09-05 12:05:15] OK - LOI N° 2013-03 [dc21c86b].pdf (0.0 Mo, application/pdf)
[2026-09-05 12:05:16] OK - LOI N°2007-09 du 05 Juillet 2007 [695c3671].jpg (0.0 Mo, image/jpeg)
[2026-09-05 12:05:16] OK - LOI N°2011 du 25 Août 2011 [68998391].jpg (0.0 Mo, image/jpeg)
[2026-09-05 12:05:16] OK - LOI N°2008-15 du 25 Mai 2008 [6a106644].jpg (0.0 Mo, image/jpeg)
[2026-09-05 12:05:16] OK - LOI N°2005-42 du 05 Juin 2006 [6bf22a21].jpg (0.0 Mo, image/jpeg)
[2026-09-05 12:05:16] OK - Loi N° 2007-22 du 07 septembre 2007 [d9b0be9a].pdf (0.4 Mo, application/pdf)
[2026-09-05 12:05:16] OK - LOI N°2007-20 du 23 Août 2007 [6dd7a1b4].jpg (0.0 Mo, image/jpeg)
[2026-09-05 12:05:16] OK - LOI N°2009-18 du 15 Juillet 2009 [6c8c9452].jpg (0.0 Mo, image/jpeg)
[2026-09-05 12:05:16] OK - LOI N°2013-02 DU 25 JANVIER 2013 [71bdf6d7].jpg (0.0 Mo, image/jpeg)
[2026-09-05 12:05:16] OK - Loi N° 2007-20 du 23 août 2007 [6e8982ed].pdf (0.9 Mo, application/pdf)
[2026-09-05 12:05:16] OK - Loi N° 2009-15 [7396856a].pdf (0.0 Mo, application/pdf)
[2026-09-05 12:05:16] OK - Loi N° 2013-04 [6f7f4dce].pdf (0.0 Mo, application/pdf)
[2026-09-05 12:05:16] OK - LOI N°2011-16 DU 05 JUILLET 2011 [76604222].jpg (0.0 Mo, image/jpeg)
[2026-09-05 12:05:16] OK - Loi N° 90-026 du 17 septembre 1990 , [7279c127].pdf (0.2 Mo, application/pdf)
[2026-09-05 12:05:17] OK - Loi N° 2013-02 [7a73fba8].pdf (0.0 Mo, application/pdf)
[2026-09-05 12:05:17] OK - Loi N° 2009-16 [7a7e738d].pdf (0.0 Mo, application/pdf)
[2026-09-05 12:05:17] OK - LOI N°2010-17 DU 16 JUIN 2010 [7057a768].jpg (0.0 Mo, image/jpeg)
[2026-09-05 12:05:17] OK - LOI N°2010-16 DU 16 JUIN 2010 [7e8766c1].jpg (0.0 Mo, image/jpeg)
[2026-09-05 12:05:17] OK - LOI N°2004-01 DU 11 FEVRIER 2004 [8984849c].jpg (0.0 Mo, image/jpeg)
[2026-09-05 12:05:17] OK - LOI N°2011-09 DU 06 JUILLET 2011 [dedd624a].jpg (0.0 Mo, image/jpeg)
[2026-09-05 12:05:17] OK - LOI N°2013-03 DU 25 JANVIER 2013 [df35726c].jpg (0.0 Mo, image/jpeg)
[2026-09-05 12:05:17] OK - LOI N°2011-07 du 06 Juillet 2011 [8a634067].jpg (0.0 Mo, image/jpeg)
[2026-09-05 12:05:17] OK - LOI N°2007-18 09 Août 2007 [82852137].jpg (0.0 Mo, image/jpeg)
[2026-09-05 12:05:18] OK - Loi N° 2010-15 [ddb8a8d4].pdf (0.1 Mo, application/pdf)
[2026-09-05 12:05:18] OK - Loi N° 2011-008 [df7f2761].pdf (0.1 Mo, application/pdf)
[2026-09-05 12:05:18] OK - LOI N°2009-19 DU 17 JUIN 2009 [e81533b2].jpg (0.0 Mo, image/jpeg)
[2026-09-05 12:05:18] OK - Loi N° 2007- 18 du 09 août 2007 [e99ade84].pdf (0.0 Mo, application/pdf)
[2026-09-05 12:05:18] OK - Loi N° 2012-01 du 19 janvier [f41c3491].pdf (0.0 Mo, application/pdf)
[2026-09-05 12:05:18] OK - LOI N°2005-40 DU 22 DECEMBRE 2005 [f9732380].jpg (0.0 Mo, image/jpeg)
[2026-09-05 12:05:18] OK - LOI N°2011-10 du 25 Août 2011 [4149b73d].jpg (0.0 Mo, image/jpeg)
[2026-09-05 12:05:18] OK - Loi N° 2010-16 [f0630e6a].pdf (0.0 Mo, application/pdf)
[2026-09-05 12:05:18] OK - LOI N°2007-21 DU 16 OCTOBRE 2007 [fa105632].jpg (0.0 Mo, image/jpeg)
[2026-09-05 12:05:18] OK - Loi N° 2007-09 du 05 juillet 2007 [e190976f].pdf (0.5 Mo, application/pdf)
[2026-09-05 12:05:18] OK - Loi N° 2012-02 du 19 janvier 2012 [f7e5457a].pdf (0.1 Mo, application/pdf)
[2026-09-05 12:05:18] OK - Loi N° 2009-14 [f9c90711].pdf (0.0 Mo, application/pdf)
[2026-09-05 12:05:19] OK - Loi N° 2004-03 du 27 avril 2007 [7df3e1aa].pdf (0.7 Mo, application/pdf)
[2026-09-05 12:05:19] OK - LOI N°2004-03 DU 27 AVRIL 2006 [44b46643].jpg (0.0 Mo, image/jpeg)
[2026-09-05 12:05:19] OK - LOI N°2010-13 du 12 Mai 2019 [437ef040].jpg (0.0 Mo, image/jpeg)
[2026-09-05 12:05:19] OK - LOI N°2010-14 DU 12 MAI 2010 [4a02f3b7].jpg (0.0 Mo, image/jpeg)
[2026-09-05 12:05:19] OK - LOI N°2007-21 du 16 Octobre 2007 [46c6f95b].jpg (0.0 Mo, image/jpeg)
[2026-09-05 12:05:19] OK - LOI N°2013-03 DU 25 JANVIER 2013 [49396357].jpg (0.0 Mo, image/jpeg)
[2026-09-05 12:05:19] OK - Loi N° 2004-02 [4a69b9c7].pdf (0.1 Mo, application/pdf)
[2026-09-05 12:05:19] OK - Loi N° 2005-40 du 22 décembre 2005 [4ac25fa9].pdf (0.0 Mo, application/pdf)
[2026-09-05 12:05:19] OK - LOI N°2004-02 du 11 Février 2004 [4d82e581].jpg (0.0 Mo, image/jpeg)
[2026-09-05 12:05:19] OK - LOI N°2008-40 du 22 Décembre 2005 [5427cafd].jpg (0.0 Mo, image/jpeg)
[2026-09-05 12:05:19] OK - Loi N° 2001-009 [5637c2ca].pdf (0.1 Mo, application/pdf)
[2026-09-05 12:05:19] OK - LOI N°2010-14 du 12 Mai 2010 [5a5f5634].jpg (0.0 Mo, image/jpeg)
[2026-09-05 12:05:19] OK - LOI N°2011-05 du 05 Juillet 2011 [563a62bb].jpg (0.0 Mo, image/jpeg)
[2026-09-05 12:05:20] OK - Loi N° 2015-20 du 19 juin 2015 [7cb06400].pdf (10.9 Mo, application/pdf)
[2026-09-05 12:05:20] OK - LOI N°2010-16 DU 16 JUIN 2010 [2babd948].jpg (0.0 Mo, image/jpeg)
[2026-09-05 12:05:20] OK - LOI N°2007-22 du 07 Septembre 2007 [61588167].jpg (0.0 Mo, image/jpeg)
[2026-09-05 12:05:20] OK - Loi N° 2004-01 [65e067b5].pdf (0.1 Mo, application/pdf)
[2026-09-05 12:05:20] OK - Loi N° 2011-005 [041ac55e].pdf (0.1 Mo, application/pdf)
[2026-09-05 12:05:20] OK - LOI N°2009-20 DU 02 JUILLET 2009 [33f7f89d].jpg (0.0 Mo, image/jpeg)
[2026-09-05 12:05:20] OK - LOI N°2015-20 DU 19 JUIN 2015 [32de6d05].jpg (0.0 Mo, image/jpeg)
[2026-09-05 12:05:20] OK - Loi N° 2010-14 [3b7f44e7].pdf (0.0 Mo, application/pdf)
[2026-09-05 12:05:20] OK - Loi N° 2009- 17 [5902f7a4].pdf (0.4 Mo, application/pdf)
[2026-09-05 12:05:20] OK - Loi N° 90-025 du 10 septembre 1990 [5a7f20dc].pdf (0.8 Mo, application/pdf)
[2026-09-05 12:05:20] OK - Loi N° 2005-37 du 13 décembre 2005 [0e6bb7df].pdf (0.0 Mo, application/pdf)
[2026-09-05 12:05:20] OK - Loi N° 2005-32 du 31 aout 2005 [17552ffc].pdf (0.0 Mo, application/pdf)
[2026-09-05 12:05:21] OK - Loi N° 2004-05 du 23 février 2004 [1593a5d5].pdf (0.1 Mo, application/pdf)
[2026-09-05 12:05:21] OK - Loi N° 2007-21 [36d4248f].pdf (0.6 Mo, application/pdf)
[2026-09-05 12:05:21] OK - Loi N° 2004-13 du 07 juillet 2004 [32185ad1].pdf (0.1 Mo, application/pdf)
[2026-09-05 12:05:21] OK - Loi N° 2005-29 du 10 août 2005 [3024b87c].pdf (0.1 Mo, application/pdf)
[2026-09-05 12:05:21] OK - Loi N° 2005-36 [32b0afa8].pdf (0.1 Mo, application/pdf)
[2026-09-05 12:05:21] OK - LOI N° 2005-31 DU 10 AVRIL 2006 [3cd865da].jpg (0.0 Mo, image/jpeg)
[2026-09-05 12:05:21] OK - Loi N° 2011-003 [3e9efcab].pdf (0.0 Mo, application/pdf)
[2026-09-05 12:05:21] OK - LOI N°2010-07 DU 02 FEVRIER 2010 [3fcf198a].jpg (0.0 Mo, image/jpeg)
[2026-09-05 12:05:21] OK - Loi N° 2011-04 [71888bb8].pdf (0.1 Mo, application/pdf)
[2026-09-05 12:05:21] OK - LOI N°2011-02 du 31 Janvier 2011 [6cdea4ff].jpg (0.0 Mo, image/jpeg)
[2026-09-05 12:05:21] OK - Loi N° 2005-28 du 10 aout 2005 [70d26f4a].pdf (0.0 Mo, application/pdf)
[2026-09-05 12:05:21] OK - LOI N°2010-10 DU 22 MARS 2010 [2e75d660].jpg (0.0 Mo, image/jpeg)
[2026-09-05 12:05:21] OK - Loi N° 2007-17 [67637525].pdf (0.1 Mo, application/pdf)
[2026-09-05 12:05:21] OK - Loi N° 2010-09 [802f7458].pdf (0.0 Mo, application/pdf)
[2026-09-05 12:05:21] OK - LOI N°2005-31 DU 10 AVRIL 2006 [73222d2b].jpg (0.0 Mo, image/jpeg)
[2026-09-05 12:05:21] OK - LOI N°2011-03 DU 04 MARS 2011 [7859d3bb].jpg (0.0 Mo, image/jpeg)
[2026-09-05 12:05:22] OK - LOI N°2004-13 DU 07 JUILLET 2004 [7c5d7be5].jpg (0.0 Mo, image/jpeg)
[2026-09-05 12:05:22] OK - LOI N°2005-32 du 31 Août 2005 [7d01940f].jpg (0.0 Mo, image/jpeg)
[2026-09-05 12:05:22] OK - LOI N°2005-37 DU 13 DECEMBRE 2005 [7f5f817c].jpg (0.0 Mo, image/jpeg)
[2026-09-05 12:05:22] OK - Loi N° 2005-38 du 13 décembre 2005 [7f9de65e].pdf (1.1 Mo, application/pdf)
[2026-09-05 12:05:22] OK - LOI N°2013-01 DU 14 AOÛT 2013 [848c0980].jpg (0.0 Mo, image/jpeg)
[2026-09-05 12:05:22] OK - LOI N°2005-35 DU 08 NOVEMBRE 2005 [89885401].jpg (0.0 Mo, image/jpeg)
[2026-09-05 12:05:22] OK - LOI N°2005-30 du 05 Avril 2006 [88780967].jpg (0.0 Mo, image/jpeg)
[2026-09-05 12:05:22] OK - Loi N° 2004-07 du 23 octobre 2007 [831a45e0].pdf (0.6 Mo, application/pdf)
[2026-09-05 12:05:22] OK - LOI N°2009-13 du 29 Mai 2009 [8fb14d8d].jpg (0.0 Mo, image/jpeg)
[2026-09-05 12:05:22] OK - LOI N°2010-03 du 28 Janvier 2010 [8f4fd736].jpg (0.0 Mo, image/jpeg)
[2026-09-05 12:05:22] OK - LOI N°2005-32 DU 31 AOÛT 2005 [9201a1cc].jpg (0.0 Mo, image/jpeg)
[2026-09-05 12:05:22] OK - Loi N° 2010-07 [90f1c289].pdf (0.0 Mo, application/pdf)
[2026-09-05 12:05:23] OK - LOI N°2010-04 DU 26 JANVIER 2010 [93760e19].jpg (0.0 Mo, image/jpeg)
[2026-09-05 12:05:23] OK - LOI N°2007-17 du 27 Août 2007 [955a5272].jpg (0.0 Mo, image/jpeg)
[2026-09-05 12:05:23] OK - LOI N°2005-38 DU 13 DECEMBRE 2005 [a155254e].jpg (0.0 Mo, image/jpeg)
[2026-09-05 12:05:23] OK - LOI N°2007-17 DU 27 AOUT 2007 [9dc73c08].jpg (0.0 Mo, image/jpeg)
[2026-09-05 12:05:23] OK - Loi N° 2006-025 [85e1bbec].pdf (3.2 Mo, application/pdf)
[2026-09-05 12:05:23] OK - LOI N°2004-13 DU 07 JUILLET 2004 [ac7d3a0a].jpg (0.0 Mo, image/jpeg)
[2026-09-05 12:05:23] OK - LOI N°2010-02 DU 28 JANVIER 2010 [aaf0ec4e].jpg (0.0 Mo, image/jpeg)
[2026-09-05 12:05:23] OK - Loi N° 2005-31 du 10 avril 2006 [a25143a6].pdf (0.5 Mo, application/pdf)
[2026-09-05 12:05:23] OK - LOI N°2010-09 DU 02 FEVRIER 2010 [bdd690c7].jpg (0.0 Mo, image/jpeg)
[2026-09-05 12:05:23] OK - LOI N°2001-35 DU 21 FEVRIER 2001 [b02041e8].jpg (0.0 Mo, image/jpeg)
[2026-09-05 12:05:23] OK - LOI N°2005-36 DU 25 NOVEMBRE 2005 [b570d6f3].jpg (0.0 Mo, image/jpeg)
[2026-09-05 12:05:23] OK - Loi N° 2004-04 [a6600a83].pdf (0.5 Mo, application/pdf)
[2026-09-05 12:05:24] OK - LOI N°2010-06 DU 29 JANVIER 2010 [c0902710].jpg (0.0 Mo, image/jpeg)
[2026-09-05 12:05:24] OK - LOI N°2005-29 DU 10 AOÛT 2005 [c16673f4].jpg (0.0 Mo, image/jpeg)
[2026-09-05 12:05:24] OK - Loi N° 2010-01 [cda6a1f7].pdf (0.0 Mo, application/pdf)
[2026-09-05 12:05:24] OK - LOI N°2010-11 DU 07 MARS 2011 [d07edfd3].jpg (0.0 Mo, image/jpeg)
[2026-09-05 12:05:24] OK - Loi N° 2005-39 du 13 décembre 2005 [ac11d254].pdf (0.6 Mo, application/pdf)
[2026-09-05 12:05:24] OK - Loi N° 2010-06 [c1bc32d8].pdf (0.0 Mo, application/pdf)
[2026-09-05 12:05:24] OK - Loi N° 2006-022 [c010c920].pdf (0.1 Mo, application/pdf)
[2026-09-05 12:05:24] OK - LOI N°2011-01 DU 31 JANVIER 2011 [d61345f4].jpg (0.0 Mo, image/jpeg)
[2026-09-05 12:05:24] OK - Loi N° 2006-024 [9bab7b03].pdf (2.6 Mo, application/pdf)
[2026-09-05 12:05:24] OK - Loi N° 2010-08 [d5bda274].pdf (0.0 Mo, application/pdf)
[2026-09-05 12:05:24] OK - LOI N°2010-07 DU 02 FEVRIER 2010 [d715d803].jpg (0.0 Mo, image/jpeg)
[2026-09-05 12:05:24] OK - Loi N° 2009-12 [c227861c].pdf (0.6 Mo, application/pdf)
[2026-09-05 12:05:24] OK - LOI N°2005-38 DU 13 DECEMBRE 2005 [42f8f6d2].jpg (0.0 Mo, image/jpeg)
[2026-09-05 12:05:25] OK - Loi N° 2009-11 [d3ae27e2].pdf (1.0 Mo, application/pdf)
[2026-09-05 12:05:25] OK - LOI N°2005-34 DU 20 OCTOBRE 2005 [db70e64f].jpg (0.0 Mo, image/jpeg)
[2026-09-05 12:05:25] OK - LOI N°2006-24 du 28 Décembre 2006 [415ed5f3].jpg (0.0 Mo, image/jpeg)
[2026-09-05 12:05:25] OK - Loi N° 2011-001 [d512e588].pdf (0.6 Mo, application/pdf)
[2026-09-05 12:05:25] OK - LOI N°2010-05 DU 03 SEPTEMBRE 2010 [47bfe646].jpg (0.0 Mo, image/jpeg)
[2026-09-05 12:05:25] OK - Loi N° 2009-13 [4e2d3418].pdf (0.0 Mo, application/pdf)
[2026-09-05 12:05:25] OK - Loi N° 2005-34 du 20 octobre 2005 [4679f7e0].pdf (0.0 Mo, application/pdf)
[2026-09-05 12:05:25] OK - Loi N° 2011-002 [4b1ccde4].pdf (0.1 Mo, application/pdf)
[2026-09-05 12:05:25] OK - Loi N° 2010-02 [dc96fea6].pdf (0.8 Mo, application/pdf)
[2026-09-05 12:05:25] OK - LOI N°92-001 du 15 Janvier 1992 [52b6ea85].jpg (0.0 Mo, image/jpeg)
[2026-09-05 12:05:25] OK - LOI N°2010-04 du 26 Janvier 2010 [53e9ee77].jpg (0.0 Mo, image/jpeg)
[2026-09-05 12:05:25] OK - Loi N° 2005-33 [4bf779d6].pdf (0.2 Mo, application/pdf)
[2026-09-05 12:05:25] OK - LOI N°2004-04 du 29 Mai 2006 [57f4f52d].jpg (0.0 Mo, image/jpeg)
[2026-09-05 12:05:26] OK - Loi N° 2005-30 du 05 avril 2006 [d86708a6].pdf (1.6 Mo, application/pdf)
[2026-09-05 12:05:26] OK - LOI N°2005-28 du 10 Août 2005 [5bf4fe18].jpg (0.0 Mo, image/jpeg)
[2026-09-05 12:05:26] OK - LOI N°2010-08 du 02 Février 2010 [5deb747d].jpg (0.0 Mo, image/jpeg)
[2026-09-05 12:05:26] OK - LOI N°2004-04 DU 29 MAI 2004 [df841c9a].jpg (0.0 Mo, image/jpeg)
[2026-09-05 12:05:26] OK - LOI N°2004-05 DU 23 FEVRIER 2004 [e8dd5b4c].jpg (0.0 Mo, image/jpeg)
[2026-09-05 12:05:26] OK - LOI N°2010-03 DU 28 JANVIER 2010 [de0d4a38].jpg (0.0 Mo, image/jpeg)
[2026-09-05 12:05:26] OK - Loi N° 2005-35 du 08 novembre 2005 [e1b85b94].pdf (0.0 Mo, application/pdf)
[2026-09-05 12:05:26] OK - LOI N°2010-10 DU 22 MARS 2010 [eb1e18bf].jpg (0.0 Mo, image/jpeg)
[2026-09-05 12:05:26] OK - LOI N°2010-02 DU 28 JANVIER 2010 [fc76df58].jpg (0.0 Mo, image/jpeg)
[2026-09-05 12:05:26] OK - Loi N° 2010-03 [56e7e1b3].pdf (0.7 Mo, application/pdf)
[2026-09-05 12:05:26] OK - Loi N° 2010-04 [e5c04957].pdf (0.0 Mo, application/pdf)
[2026-09-05 12:05:26] OK - Loi N° 2010-10 [fb5fd9e6].pdf (0.1 Mo, application/pdf)
[2026-09-05 12:05:27] OK - Loi N° 2010-05 [61a02a31].pdf (0.1 Mo, application/pdf)
[2026-09-05 12:05:27] OK - Loi N° 2006-023 [fce71dae].pdf (0.1 Mo, application/pdf)
[2026-09-05 12:05:27] OK - LOI N°2006-16 DU 27 MARS 2007 [e1c98280].jpg (0.0 Mo, image/jpeg)
[2026-09-05 12:05:27] OK - LOI N°2008-08 DU 04 OCTOBRE 2008 [e22219a1].jpg (0.0 Mo, image/jpeg)
[2026-09-05 12:05:27] OK - LOI N°2005-25 DU 20 JUILLET 2005 [ea9e0fd4].jpg (0.0 Mo, image/jpeg)
[2026-09-05 12:05:27] OK - LOI N°2009-03 DU 16 MARS 2009 [eec75503].jpg (0.0 Mo, image/jpeg)
[2026-09-05 12:05:27] OK - LOI N°2009-05 DU 25 MARS 2009 [f0b2f973].jpg (0.0 Mo, image/jpeg)
[2026-09-05 12:05:27] OK - LOI N°2005-27 DU 10 AOÛT 2005 [eaf242c4].jpg (0.0 Mo, image/jpeg)
[2026-09-05 12:05:27] OK - LOI N°2006-17 DU 17 OCTOBRE 2006 [f2c0c9c7].jpg (0.0 Mo, image/jpeg)
[2026-09-05 12:05:27] OK - Loi N° 2007-12 du 23 juillet 2007 [efc01b88].pdf (0.0 Mo, application/pdf)
[2026-09-05 12:05:27] OK - LOI N°90-023 DU 13 AOÛT 1990 [f2c5fafe].jpg (0.0 Mo, image/jpeg)
[2026-09-05 12:05:28] OK - Loi N° 2010-11 [4263f779].pdf (5.8 Mo, application/pdf)
[2026-09-05 12:05:28] OK - LOI N°2009-09 DU 22 MAI 2009 [f541a2f9].jpg (0.0 Mo, image/jpeg)
[2026-09-05 12:05:28] OK - Loi N° 90-023 du 13 août 1990 [dd9d21d2].pdf (0.4 Mo, application/pdf)
[2026-09-05 12:05:28] OK - LOI N°2004-10 DU 27 MAI 2004 [f7dbf215].jpg (0.0 Mo, image/jpeg)
[2026-09-05 12:05:28] OK - LOI N°90-007 DU 15 MAI 1990 [ffd1f3bb].jpg (0.0 Mo, image/jpeg)
[2026-09-05 12:05:28] OK - LOI N°2006-20 du 17 Novembre 2006 [8eb98aad].jpg (0.0 Mo, image/jpeg)
[2026-09-05 12:05:28] OK - LOI N°2007-13 DU 23 JUILLET 2007 [9322397a].jpg (0.0 Mo, image/jpeg)
[2026-09-05 12:05:28] OK - Loi N° 90-006 [8b64bc7a].pdf (0.1 Mo, application/pdf)
[2026-09-05 12:05:28] OK - Loi N° 2004-10 du 27 mai 2004 [90ab9a6a].pdf (0.0 Mo, application/pdf)
[2026-09-05 12:05:28] OK - Loi N° 2008-06 [96c7144e].pdf (0.0 Mo, application/pdf)
[2026-09-05 12:05:28] OK - LOI N°2007-14 DU 23 JUILLET 2007 [a298bc19].jpg (0.0 Mo, image/jpeg)
[2026-09-05 12:05:28] OK - LOI N°2006-19 DU 05 SEPTEMBRE 2006 [9efad6e1].jpg (0.0 Mo, image/jpeg)
[2026-09-05 12:05:28] OK - Loi N° 2006-017 [f9e89933].pdf (0.3 Mo, application/pdf)
[2026-09-05 12:05:28] OK - Loi N° 2005-25 du 20 juillet 2005 [a0eb0ec3].pdf (0.0 Mo, application/pdf)
[2026-09-05 12:05:29] OK - Loi N° 2006-019 [febe2bf3].pdf (0.3 Mo, application/pdf)
[2026-09-05 12:05:29] OK - Loi N° 90-024 du 10 septembre 1990 [a5f5333e].pdf (0.1 Mo, application/pdf)
[2026-09-05 12:05:29] OK - LOI N°2008-07 DU 20 FEVRIER 2011 [a92e2c64].jpg (0.0 Mo, image/jpeg)
[2026-09-05 12:05:29] OK - LOI N°2007-12 DU 23 JUILLET 2007 [a697f423].jpg (0.0 Mo, image/jpeg)
[2026-09-05 12:05:29] OK - Loi N° 2006-016 [a58d2f76].pdf (0.3 Mo, application/pdf)
[2026-09-05 12:05:29] OK - Loi N° 2013-01 [5a3e3a7d].pdf (5.2 Mo, application/pdf)
[2026-09-05 12:05:29] OK - Loi N° 2009-07 [a96c5da7].pdf (0.1 Mo, application/pdf)
[2026-09-05 12:05:30] OK - LOI N°2001-34 du 22 Novembre 2001 [2a97d54d].jpg (0.0 Mo, image/jpeg)
[2026-09-05 12:05:30] OK - Loi N° 2009-10 [fee62db5].pdf (1.4 Mo, application/pdf)
[2026-09-05 12:05:30] OK - Loi N° 2009-09 [99821162].pdf (1.4 Mo, application/pdf)
[2026-09-05 12:05:30] OK - Loi N° 2008-08 [11bf4cb8].pdf (0.0 Mo, application/pdf)
[2026-09-05 12:05:30] OK - LOI N°2008-09 du 02 Janvier 2009 [2cf580a7].jpg (0.0 Mo, image/jpeg)
[2026-09-05 12:05:30] OK - Loi N° 2007- 15 [11c3b63c].pdf (0.0 Mo, application/pdf)
[2026-09-05 12:05:30] OK - Loi N° 2005-27 du 10 aout 2005 [280a0666].pdf (0.0 Mo, application/pdf)
[2026-09-05 12:05:30] OK - LOI N°2009-05 du 16 Mars 2009 [2d10ecb5].jpg (0.0 Mo, image/jpeg)
[2026-09-05 12:05:30] OK - LOI N°2007-15 du 27 Juillet 2007 [34629cbc].jpg (0.0 Mo, image/jpeg)
[2026-09-05 12:05:30] OK - Loi N° 2005-26 du 06 août 2010 [0eb633df].pdf (0.2 Mo, application/pdf)
[2026-09-05 12:05:30] OK - Loi Organique N° 90-027 du 12 octobre 1990 [0be5f3a3].pdf (0.4 Mo, application/pdf)
[2026-09-05 12:05:30] OK - Loi N° 2006-020 [245f56e1].pdf (0.2 Mo, application/pdf)
[2026-09-05 12:05:31] OK - Loi N° 2006-018 [1f9f4291].pdf (0.3 Mo, application/pdf)
[2026-09-05 12:05:31] OK - LOI N°2000-06 du 22 Mars 2000 [3a0d031d].jpg (0.0 Mo, image/jpeg)
[2026-09-05 12:05:31] OK - Loi N° 2009-05 [386bacd7].pdf (0.1 Mo, application/pdf)
[2026-09-05 12:05:31] OK - LOI N°90-027 DU 12 OCTOBRE 1990 [3e454d4b].jpg (0.0 Mo, image/jpeg)
[2026-09-05 12:05:31] OK - LOI N°90-024 du 10 Septembre 1990 [6dc38126].jpg (0.0 Mo, image/jpeg)
[2026-09-05 12:05:31] OK - Loi N° 2004-11 du 02 juillet 2004 [40c26394].pdf (0.0 Mo, application/pdf)
[2026-09-05 12:05:31] OK - LOI N°2009-10 du 13 Mai 2009 [6d4ed9af].jpg (0.0 Mo, image/jpeg)
[2026-09-05 12:05:31] OK - Loi N° 2008-09 [ab3cd462].pdf (1.3 Mo, application/pdf)
[2026-09-05 12:05:31] OK - Loi N° 2007-10 [74a09295].pdf (0.0 Mo, application/pdf)
[2026-09-05 12:05:31] OK - Loi N° 2004-12 [678b111b].pdf (0.1 Mo, application/pdf)
[2026-09-05 12:05:31] OK - LOI N°2007-10 DU 05 JUILLET 2007 [745e0fac].jpg (0.0 Mo, image/jpeg)
[2026-09-05 12:05:31] OK - Loi N° 2009-04 [7272d5e6].pdf (0.1 Mo, application/pdf)
[2026-09-05 12:05:31] OK - LOI N°2004-09 DU 27 MAI 2004 [770a15df].jpg (0.0 Mo, image/jpeg)
[2026-09-05 12:05:32] OK - LOI N°2007-16 DU 27 JUILLET 2007 [790ee0c0].jpg (0.0 Mo, image/jpeg)
[2026-09-05 12:05:32] OK - LOI N°2008-07 du 28 Février 2011 [7ccb3467].jpg (0.0 Mo, image/jpeg)
[2026-09-05 12:05:32] OK - LOI N°2006-18 DU 17 OCTOBRE 2006 [7fa215c4].jpg (0.0 Mo, image/jpeg)
[2026-09-05 12:05:32] OK - LOI N°2009-04 DU 16 MARS 2009 [7fa46943].jpg (0.0 Mo, image/jpeg)
[2026-09-05 12:05:32] OK - Loi N° 90-007 [80049f6a].pdf (0.1 Mo, application/pdf)
[2026-09-05 12:05:32] OK - Loi N° 2007-16 du 27 juillet 2007 [813579c2].pdf (0.0 Mo, application/pdf)
[2026-09-05 12:05:32] OK - Loi N° 2009-08 [8231b249].pdf (0.1 Mo, application/pdf)
[2026-09-05 12:05:32] OK - LOI N°90-006 du 15 Mai 1990 [843ef7e4].jpg (0.0 Mo, image/jpeg)
[2026-09-05 12:05:32] OK - LOI N°2006-21 DU 05 DECEMBRE 2006 [867e403d].jpg (0.0 Mo, image/jpeg)
[2026-09-05 12:05:32] OK - LOI N°2007-16 du 27 Juillet 2007 [85fa2401].jpg (0.0 Mo, image/jpeg)
[2026-09-05 12:05:32] OK - LOI N°2006-16 DU 27 MARS 2007 [875faaf2].jpg (0.0 Mo, image/jpeg)
[2026-09-05 12:05:32] OK - LOI N°90-024 du 10 Septembre 1990 [87718692].jpg (0.0 Mo, image/jpeg)
[2026-09-05 12:05:32] OK - LOI N°2004-09 DU 27 MAI 2004 [87cecf01].jpg (0.0 Mo, image/jpeg)
[2026-09-05 12:05:33] OK - LOI N°2009-09 DU 22 MAI 2009 [4196c359].jpg (0.0 Mo, image/jpeg)
[2026-09-05 12:05:33] OK - Loi N° 2004-09 du 27 mai 2004 [8a383354].pdf (0.0 Mo, application/pdf)
[2026-09-05 12:05:33] OK - LOI N°2004-11 du 02 Juillet 2004 [45b7749a].jpg (0.0 Mo, image/jpeg)
[2026-09-05 12:05:33] OK - LOI N°2004-06 du 27 Mai 2004 [4cd5c7ed].jpg (0.0 Mo, image/jpeg)
[2026-09-05 12:05:33] OK - LOI N°2006-18 du 17 Octobre 2006 [4eb2c4df].jpg (0.0 Mo, image/jpeg)
[2026-09-05 12:05:33] OK - Loi N° 2008-05 [45b90da0].pdf (0.0 Mo, application/pdf)
[2026-09-05 12:05:33] OK - LOI N°90-006 du 15 Mai 1990 [48b36dad].jpg (0.0 Mo, image/jpeg)
[2026-09-05 12:05:33] OK - LOI N°2006-05 du 16 Juin 2006 [5098b71b].jpg (0.0 Mo, image/jpeg)
[2026-09-05 12:05:33] OK - Loi N° 2005-24 du 08 septembre 2005 [53461c50].pdf (0.1 Mo, application/pdf)
[2026-09-05 12:05:33] OK - LOI N°2009-07 du 25 Mars 2009 [6043da4f].jpg (0.0 Mo, image/jpeg)
[2026-09-05 12:05:33] OK - Loi N° 2009-06 [5f81098b].pdf (0.1 Mo, application/pdf)
[2026-09-05 12:05:33] OK - LOI 2004-12 du 02 Juillet 2004 [6097a634].jpg (0.0 Mo, image/jpeg)
[2026-09-05 12:05:33] OK - LOI N°2007-13 du 23 Juillet 2007 [65672468].jpg (0.0 Mo, image/jpeg)
[2026-09-05 12:05:34] OK - LOI N°2009-07 DU 25 MARS 2009 [b7ca8900].jpg (0.0 Mo, image/jpeg)
[2026-09-05 12:05:34] OK - LOI N°2009-08 DU 25 MARS 2009 [b8c35a85].jpg (0.0 Mo, image/jpeg)
[2026-09-05 12:05:34] OK - Loi N° 2007-13 du 23 juillet 2007 [bf28828a].pdf (0.0 Mo, application/pdf)
[2026-09-05 12:05:34] OK - LOI N°2008-05 DU 24 SEPTEMBRE 2008 [c493ac55].jpg (0.0 Mo, image/jpeg)
[2026-09-05 12:05:34] OK - LOI N°2009-08 DU 25 MARS 2009 [cab73263].jpg (0.0 Mo, image/jpeg)
[2026-09-05 12:05:34] OK - LOI N°2009-03 DU 16 MARS 2009 [c79db507].jpg (0.0 Mo, image/jpeg)
[2026-09-05 12:05:34] OK - Loi N° 2009-03 [d8400a18].pdf (0.1 Mo, application/pdf)
[2026-09-05 12:05:34] OK - Loi N° 2006-021 [c52a8e20].pdf (0.1 Mo, application/pdf)
[2026-09-05 12:05:34] OK - LOI N°2001-38 DU 08 SEPTEMBRE 2005 [b674a3d3].jpg (0.0 Mo, image/jpeg)
[2026-09-05 12:05:34] OK - LOI N°2001-39 DU 13 DECEMBRE 2001 [b3fa0665].jpg (0.0 Mo, image/jpeg)
[2026-09-05 12:05:34] OK - Loi N° 2004-08 du 27 mai 2004 [d2f854c1].pdf (0.0 Mo, application/pdf)
[2026-09-05 12:05:34] OK - LOI N°2005-21 DU 08 JUILLET 2005 [b5699e4c].jpg (0.0 Mo, image/jpeg)
[2026-09-05 12:05:35] OK - Loi N° 2007-14 du 23 juillet 2007 [d9270022].pdf (0.0 Mo, application/pdf)
[2026-09-05 12:05:35] OK - Loi N° 2005-22 [b77b4a3a].pdf (0.0 Mo, application/pdf)
[2026-09-05 12:05:35] OK - LOI N°2001-37 DU 27 AOÛT 2002 [b824f63c].jpg (0.0 Mo, image/jpeg)
[2026-09-05 12:05:35] OK - Loi N° 2005-23 du 18 juillet 2005 [ba1a5448].pdf (0.0 Mo, application/pdf)
[2026-09-05 12:05:35] OK - LOI N°2009-01 DU 16 JANVIER 2009 [cb37a4b4].jpg (0.0 Mo, image/jpeg)
[2026-09-05 12:05:35] OK - LOI N°2006-15 DU 05 SEPTEMBRE 2006 [c197fe54].jpg (0.0 Mo, image/jpeg)
[2026-09-05 12:05:35] OK - LOI N°2001-40 DU 13 DECEMBRE 2001 [d0aa68eb].jpg (0.0 Mo, image/jpeg)
[2026-09-05 12:05:35] OK - Loi N° 2008-07 [52d0b239].pdf (7.8 Mo, application/pdf)
[2026-09-05 12:05:35] OK - LOI N°2007-06 du 26 Juin 2005 [cf56f6bf].jpg (0.0 Mo, image/jpeg)
[2026-09-05 12:05:35] OK - LOI N°2005-22 DU 18 JUILLET 2005 [c4c4e425].jpg (0.0 Mo, image/jpeg)
[2026-09-05 12:05:35] OK - LOI N°2006-14 DU 31 OCTOBRE 2006 [dae21fcc].jpg (0.0 Mo, image/jpeg)
[2026-09-05 12:05:35] OK - Loi N° 2006-010 [d210abe3].pdf (0.0 Mo, application/pdf)
[2026-09-05 12:05:36] OK - Loi N° 2006-012 [da9d274e].pdf (0.1 Mo, application/pdf)
[2026-09-05 12:05:36] OK - Loi N° 2005-16 du 08 septembre 2005 [c2d7bc29].pdf (0.6 Mo, application/pdf)
[2026-09-05 12:05:36] OK - Loi N° 2006-09A [0611a7d5].pdf (0.0 Mo, application/pdf)
[2026-09-05 12:05:36] OK - Loi N° 2007-06 [14680b43].pdf (0.1 Mo, application/pdf)
[2026-09-05 12:05:36] OK - Loi N° 2008-03 [14289533].pdf (0.0 Mo, application/pdf)
[2026-09-05 12:05:36] OK - Loi N° 2007-07 [349da021].pdf (0.0 Mo, application/pdf)
[2026-09-05 12:05:36] OK - LOI N°2005-17 DU 27 JUIN 2005 [2b8260cc].jpg (0.0 Mo, image/jpeg)
[2026-09-05 12:05:36] OK - Loi N° 90-015 du 18 juin 1990 [1a8827f7].pdf (0.0 Mo, application/pdf)
[2026-09-05 12:05:36] OK - LOI N°90-022 DU 13 AOUT 1990 [30248d01].jpg (0.0 Mo, image/jpeg)
[2026-09-05 12:05:36] OK - LOI N°2006-09 A du 02 Août 2006 [3376d8fd].jpg (0.0 Mo, image/jpeg)
[2026-09-05 12:05:36] OK - Loi N° 2007-04 du 25 juin 2007 [2b3f1a68].pdf (0.1 Mo, application/pdf)
[2026-09-05 12:05:36] OK - Loi N° 2005-18 du 08 juillet 2005 [36b03c3a].pdf (0.0 Mo, application/pdf)
[2026-09-05 12:05:36] OK - Loi N° 90-011 du 31 mai 1990 [d50c5686].pdf (2.1 Mo, application/pdf)
[2026-09-05 12:05:37] OK - Loi N° 2006-011 [39f44ae8].pdf (0.0 Mo, application/pdf)
[2026-09-05 12:05:37] OK - LOI N°2006-15 du 05 Septembre 2006 [408b779b].jpg (0.0 Mo, image/jpeg)
[2026-09-05 12:05:37] OK - Loi N° 2005-21 [3a709f1a].pdf (0.1 Mo, application/pdf)
[2026-09-05 12:05:37] OK - LOI N°2004-14 DU 07 JUILLET 2004 [dd5ef888].jpg (0.0 Mo, image/jpeg)
[2026-09-05 12:05:37] OK - LOI N°2001-34 du 22 Novembre 2001 [8ecae5a6].jpg (0.0 Mo, image/jpeg)
[2026-09-05 12:05:37] OK - Loi N° 2009-01 [e33ec966].pdf (0.2 Mo, application/pdf)
[2026-09-05 12:05:37] OK - Loi N° 2007-08 [f46f73c1].pdf (0.0 Mo, application/pdf)
[2026-09-05 12:05:37] OK - LOI N°2001-36 DU 14 OCTOBRE 2002 [f8c1c6e7].jpg (0.0 Mo, image/jpeg)
[2026-09-05 12:05:37] OK - LOI N°2004-14 DU 07 JUILLET 2004 [f547b356].jpg (0.0 Mo, image/jpeg)
[2026-09-05 12:05:37] OK - LOI N°2008-01 du 30 Janvier 2008 [388775b2].jpg (0.0 Mo, image/jpeg)
[2026-09-05 12:05:37] OK - Loi N° 2004-14 du 07 juillet 2004 [fb36cb4a].pdf (0.1 Mo, application/pdf)
[2026-09-05 12:05:37] OK - Loi N° 2005-19 [9e92b9cf].pdf (0.0 Mo, application/pdf)
[2026-09-05 12:05:37] OK - Loi N° 2001-38 [ffbfb953].pdf (0.8 Mo, application/pdf)
[2026-09-05 12:05:38] OK - LOI N°2005-23 DU 18 JUILLET 2005 [eba9aaf4].jpg (0.0 Mo, image/jpeg)
[2026-09-05 12:05:38] OK - LOI N°2007-04 DU 25 JUIN 2007 [927624f1].jpg (0.0 Mo, image/jpeg)
[2026-09-05 12:05:38] OK - LOI N°2007-08 du 25 Juin 2007 [96f6cbc5].jpg (0.0 Mo, image/jpeg)
[2026-09-05 12:05:38] OK - LOI N°2007-05 DU 25 JUIN 2007 [98967092].jpg (0.0 Mo, image/jpeg)
[2026-09-05 12:05:38] OK - LOI N°2001-37 DU 27 AOÛT 2002 [aa66284b].jpg (0.0 Mo, image/jpeg)
[2026-09-05 12:05:38] OK - Loi N° 2007-03 du 16 octobre 2007 [97e5d70e].pdf (1.5 Mo, application/pdf)
[2026-09-05 12:05:38] OK - LOI N°2005-19 DU 08 JUILLET 2005 [a16471bc].jpg (0.0 Mo, image/jpeg)
[2026-09-05 12:05:38] OK - Loi N° 2005-20 du 08 juillet 2005 [a8f2abd0].pdf (0.0 Mo, application/pdf)
[2026-09-05 12:05:38] OK - LOI N°2006-10 DU 06 JUILLET 2006 [948e4404].jpg (0.0 Mo, image/jpeg)
[2026-09-05 12:05:38] OK - LOI N°2006-11 DU 17 AOÛT 2006 [a9b23c54].jpg (0.0 Mo, image/jpeg)
[2026-09-05 12:05:39] OK - LOI N°2006-12 DU 07 AOÛT 2006 [a923e4dc].jpg (0.0 Mo, image/jpeg)
[2026-09-05 12:05:39] OK - LOI N°2004-18 DU 27 AOÛT 2004 [a9b6c4ef].jpg (0.0 Mo, image/jpeg)
[2026-09-05 12:05:39] OK - LOI N°2006-09 A du 02 Août 2006 [45ece8ab].jpg (0.0 Mo, image/jpeg)
[2026-09-05 12:05:39] OK - LOIN°2008-03 DU 09 SEPTEMBRE 2008 [46f0780f].jpg (0.0 Mo, image/jpeg)
[2026-09-05 12:05:39] OK - LOI N°2007-08 DU 05 JUILLET 2007 [ac5b9084].jpg (0.0 Mo, image/jpeg)
[2026-09-05 12:05:39] OK - Loi N° 90-004 [4833b063].pdf (0.6 Mo, application/pdf)
[2026-09-05 12:05:39] OK - LOI N°2001-35 DU 21 FEVRIER 2001 [afd03fed].jpg (0.0 Mo, image/jpeg)
[2026-09-05 12:05:39] OK - Loi N° 90-012 du 1er juin 1990 [af462c6c].pdf (0.0 Mo, application/pdf)
[2026-09-05 12:05:39] OK - LOI N°2005-21 DU 08 JUILLET 2005 [b16e49ad].jpg (0.0 Mo, image/jpeg)
[2026-09-05 12:05:39] OK - LOI N°2010-32 du 13 Juillet 2010 [44d70b4d].jpg (0.0 Mo, image/jpeg)
[2026-09-05 12:05:39] OK - LOI N°90-011 DU 31 MAI 1990 [99ea64cc].jpg (0.0 Mo, image/jpeg)
[2026-09-05 12:05:39] OK - Loi Constitutionnelle N° 90-022 [ad2266bc].pdf (0.4 Mo, application/pdf)
[2026-09-05 12:05:40] OK - LOI N°2007-07 du 24 juin 2007 [4dc5f382].jpg (0.0 Mo, image/jpeg)
[2026-09-05 12:05:40] OK - Loi N° 90-013 du 1er juin 1990 [485c5646].pdf (0.1 Mo, application/pdf)
[2026-09-05 12:05:40] OK - Loi N° 2001- 39 [524dd8e6].pdf (0.0 Mo, application/pdf)
[2026-09-05 12:05:40] OK - Loi N° 2007-05 du 25 Juin 2007 [53a9a82c].pdf (0.1 Mo, application/pdf)
[2026-09-05 12:05:40] OK - LOI N°2001-38 du 08 Septembre 2005 [53d8ac09].jpg (0.0 Mo, image/jpeg)
[2026-09-05 12:05:40] OK - LOI N°2007-02 du 16 Octobre 2007 [55836506].jpg (0.0 Mo, image/jpeg)
[2026-09-05 12:05:40] OK - LOI N°2007-04 du 25 Juin 2007 [5a3d3a56].jpg (0.0 Mo, image/jpeg)
[2026-09-05 12:05:40] OK - LOI N°2006 A du 02 Août 2006 [624cf8b4].jpg (0.0 Mo, image/jpeg)
[2026-09-05 12:05:40] OK - LOI N°2006 B du 02 Août 2006 [62337f4b].jpg (0.0 Mo, image/jpeg)
[2026-09-05 12:05:40] OK - LOI N°2007-02 du 16 Octobre 2007 [559712b6].jpg (0.0 Mo, image/jpeg)
[2026-09-05 12:05:41] OK - LOI N°2006-10 du 06 Juillet 2006 [5e120c58].jpg (0.0 Mo, image/jpeg)
[2026-09-05 12:05:41] OK - LOI N°2005-18 du 08 Juillet 2005 [629ba228].jpg (0.0 Mo, image/jpeg)
[2026-09-05 12:05:41] OK - Loi N° 2008-01 [56891c30].pdf (0.0 Mo, application/pdf)
[2026-09-05 12:05:41] OK - LOI N°2001-02 du 07 Août 2009 [633dd542].jpg (0.0 Mo, image/jpeg)
[2026-09-05 12:05:41] OK - LOI N°2005-19 du 08 Juillet 2005 [67a22f55].jpg (0.0 Mo, image/jpeg)
[2026-09-05 12:05:41] OK - LOI N°2005-16 du 05 Septembre 2005 [6476079b].jpg (0.0 Mo, image/jpeg)
[2026-09-05 12:05:41] OK - LOI N°90-013 du 1er Juin 1990 [646356c1].jpg (0.0 Mo, image/jpeg)
[2026-09-05 12:05:41] OK - LOI N°2007-07 du 26 Juin 2007 [66bd2d6a].jpg (0.0 Mo, image/jpeg)
[2026-09-05 12:05:41] OK - LOI N°2003-03 du 09 Septembre 2003 [6a349fc8].jpg (0.0 Mo, image/jpeg)
[2026-09-05 12:05:41] OK - LOI N°2005-20 du 08 Juillet 2005 [68d872e8].jpg (0.0 Mo, image/jpeg)
[2026-09-05 12:05:41] OK - Loi N° 2009-02 [48ba3f1f].pdf (4.8 Mo, application/pdf)
[2026-09-05 12:05:41] OK - LOI N°2007-05 DU 25 JUIN 2007 [6dbb84ec].jpg (0.0 Mo, image/jpeg)
[2026-09-05 12:05:41] OK - Loi N° 2006-014 [67dae777].pdf (0.4 Mo, application/pdf)
[2026-09-05 12:05:41] OK - LOI N°2005-06 DU 27 JANVIER 2005 [709749a8].jpg (0.0 Mo, image/jpeg)
[2026-09-05 12:05:42] OK - LOI N°2001-40 du 13 Décembre 2001 [715a1e30].jpg (0.0 Mo, image/jpeg)
[2026-09-05 12:05:42] OK - Loi N° 2004-18 [6d136730].pdf (0.4 Mo, application/pdf)
[2026-09-05 12:05:42] OK - Loi N° 2001-35 [6bfa3027].pdf (0.9 Mo, application/pdf)
[2026-09-05 12:05:42] OK - Loi N° 2006-015 [735abd82].pdf (0.1 Mo, application/pdf)
[2026-09-05 12:05:42] OK - Loi N° 2005-17 [75353ece].pdf (0.0 Mo, application/pdf)
[2026-09-05 12:05:42] OK - Loi N° 90-014 du 31 mai 1990 [785dde73].pdf (0.7 Mo, application/pdf)
[2026-09-05 12:05:42] OK - LOI N°2007-02 DU 26 MARS 2007 [794ba48f].jpg (0.0 Mo, image/jpeg)
[2026-09-05 12:05:42] OK - LOI N°2006-11 du 17 Août 2006 [7d84520e].jpg (0.0 Mo, image/jpeg)
[2026-09-05 12:05:42] OK - LOI N°2001-39 du 13 Septembre 2001 [844d19f0].jpg (0.0 Mo, image/jpeg)
[2026-09-05 12:05:42] OK - LOI N°90-014 du 31 Mai 1990 [85322e63].jpg (0.0 Mo, image/jpeg)
[2026-09-05 12:05:42] OK - Loi N° 2006-09B [852cad42].pdf (0.0 Mo, application/pdf)
[2026-09-05 12:05:42] OK - Loi N° 2007-02 [8973b170].pdf (0.1 Mo, application/pdf)
[2026-09-05 12:05:42] OK - LOI N°2005-15 du 03 Juin 2005 [68e300ca].jpg (0.0 Mo, image/jpeg)
[2026-09-05 12:05:43] OK - LOI N°2001-31 du 02 Avril 2004 [694df6ff].jpg (0.0 Mo, image/jpeg)
[2026-09-05 12:05:43] OK - LOI N°2004-19 du 16 Juillet 2004 [76350dc6].jpg (0.0 Mo, image/jpeg)
[2026-09-05 12:05:43] OK - LOI N°98-038 DU 15 OCTOBRE 1998 [73b50e65].jpg (0.0 Mo, image/jpeg)
[2026-09-05 12:05:43] OK - LOI N°2006-02 DU 16 JANVIER 2006 [774659bc].jpg (0.0 Mo, image/jpeg)
[2026-09-05 12:05:43] OK - Loi N° 2006-003 [7db5193b].pdf (0.0 Mo, application/pdf)
[2026-09-05 12:05:43] OK - Loi N° 2004-20 du 17 août 2007 [6c0f17a7].pdf (2.1 Mo, application/pdf)
[2026-09-05 12:05:43] OK - LOI N°2003-18 DU 22 OCTOBRE 2003 [8640db8f].jpg (0.0 Mo, image/jpeg)
[2026-09-05 12:05:43] OK - Loi N° 2006-008 [837a9832].pdf (0.0 Mo, application/pdf)
[2026-09-05 12:05:43] OK - Loi N° 2006-007 [82f199da].pdf (0.0 Mo, application/pdf)
[2026-09-05 12:05:43] OK - LOI N°2001-31 DU 02 AVRIL 2004 [de821ea6].jpg (0.0 Mo, image/jpeg)
[2026-09-05 12:05:43] OK - LOI N°2007-01 du 29 Mai 2007 [8060b413].jpg (0.0 Mo, image/jpeg)
[2026-09-05 12:05:43] OK - Loi N° 2001-41 [e04b7147].pdf (0.1 Mo, application/pdf)
[2026-09-05 12:05:44] OK - Loi N° 2007-01 [e4e4b7a8].pdf (0.8 Mo, application/pdf)
[2026-09-05 12:05:44] OK - LOI N°2001-42 DU 1er JANVIER 2002 [ec5932b3].jpg (0.0 Mo, image/jpeg)
[2026-09-05 12:05:44] OK - LOI N°2001-33 DU 22 NOVEMBRE 2001 [ea34215c].jpg (0.0 Mo, image/jpeg)
[2026-09-05 12:05:44] OK - LOI N°2001-32 DU 19 NOVEMBRE [f3159665].jpg (0.0 Mo, image/jpeg)
[2026-09-05 12:05:44] OK - Loi N° 2006-009 [e56f0d02].pdf (0.1 Mo, application/pdf)
[2026-09-05 12:05:44] OK - Loi N° 90-002 [ea9c17a7].pdf (0.7 Mo, application/pdf)
[2026-09-05 12:05:44] OK - Loi N° 2001-42 [ff6b20ad].pdf (0.0 Mo, application/pdf)
[2026-09-05 12:05:44] OK - Loi N° 90-003 [fa13f7e8].pdf (0.1 Mo, application/pdf)
[2026-09-05 12:05:44] OK - Loi N° 2006-006 [ffbd08c7].pdf (0.6 Mo, application/pdf)
[2026-09-05 12:05:44] OK - LOI N°2003-12 DU 11 JUILLET 2003 [b322b886].jpg (0.0 Mo, image/jpeg)
[2026-09-05 12:05:44] OK - LOI N°2004-20 DU 17 AOUT 2007 [c30c09f5].jpg (0.0 Mo, image/jpeg)
[2026-09-05 12:05:44] OK - Loi N° 2003-18 du 22 octobre 2003 [c7a70266].pdf (0.0 Mo, application/pdf)
[2026-09-05 12:05:44] OK - LOI N°90-002 DU 09 MAI 1990 [bdc16fa0].jpg (0.0 Mo, image/jpeg)
[2026-09-05 12:05:45] OK - LOI N° 2004-15 DU 07 JUILLET 2004 [ca0640fc].jpg (0.0 Mo, image/jpeg)
[2026-09-05 12:05:45] OK - LOI N°2003-18 du 22 Octobre 2003 [d136d229].jpg (0.0 Mo, image/jpeg)
[2026-09-05 12:05:45] OK - LOI N°2003-12 DU 11 JUILLET 2003 [d1a90a75].jpg (0.0 Mo, image/jpeg)
[2026-09-05 12:05:45] OK - LOI N°2006-03 DU 09 FEVRIER 2005 [d6af7d8a].jpg (0.0 Mo, image/jpeg)
[2026-09-05 12:05:45] OK - LOI N°2005-14 DU 28 JUILLET 2005 [db0d179d].jpg (0.0 Mo, image/jpeg)
[2026-09-05 12:05:45] OK - Loi N° 2004-16 du 08 juillet 2004 [110566ee].pdf (0.1 Mo, application/pdf)
[2026-09-05 12:05:45] OK - LOI N°2004-16 DU 08 JUILLET 2004 [cc6a5e8b].jpg (0.0 Mo, image/jpeg)
[2026-09-05 12:05:45] OK - Loi N° 2006-004 [13abf1cf].pdf (0.1 Mo, application/pdf)
[2026-09-05 12:05:45] OK - Loi N° 2005-14 du 28 juillet 2005 [d6e4429c].pdf (1.9 Mo, application/pdf)
[2026-09-05 12:05:45] OK - LOI N°90-005 DU 19 MAI 1990 [329f7a04].jpg (0.0 Mo, image/jpeg)
[2026-09-05 12:05:45] OK - LOI N°2006-07 DU 31 MAI 2006 [319325e0].jpg (0.0 Mo, image/jpeg)
[2026-09-05 12:05:45] OK - LOI N°2001-28 DU 11 DECEMBRE 2001 [2a087f70].jpg (0.0 Mo, image/jpeg)
[2026-09-05 12:05:46] OK - Loi N° 98-040 [33591dff].pdf (0.0 Mo, application/pdf)
[2026-09-05 12:05:46] OK - Loi N° 2005-15 du 03 juin 2005 [51df8dd5].pdf (0.0 Mo, application/pdf)
[2026-09-05 12:05:46] OK - Loi N° 2004-15 [3838dd23].pdf (0.1 Mo, application/pdf)
[2026-09-05 12:05:46] OK - LOI N°2003-20 DU 22 OCTOBRE 2003 [3d9ec669].jpg (0.0 Mo, image/jpeg)
[2026-09-05 12:05:46] OK - Loi N° 2001-31 [4040afc6].pdf (0.4 Mo, application/pdf)
[2026-09-05 12:05:46] OK - Loi N° 2006-002 [44518328].pdf (0.0 Mo, application/pdf)
[2026-09-05 12:05:46] OK - Loi N° 2006-005 [4867c471].pdf (0.0 Mo, application/pdf)
[2026-09-05 12:05:46] OK - LOI N°2006-06 du 1er Juin 2006 [43e64aaa].jpg (0.0 Mo, image/jpeg)
[2026-09-05 12:05:46] OK - LOI N°2006-07 du 31 Mai 2006 [4f34be49].jpg (0.0 Mo, image/jpeg)
[2026-09-05 12:05:46] OK - LOI N° 2004-16 du 08 Juillet 2004 [4f459e7e].jpg (0.0 Mo, image/jpeg)
[2026-09-05 12:05:46] OK - Loi N° 2004-19 du 16 Juillet 2004 [52218098].pdf (0.1 Mo, application/pdf)
[2026-09-05 12:05:46] OK - Loi N° 2004-17 du 20 juillet 2004 [55514630].pdf (0.1 Mo, application/pdf)
[2026-09-05 12:05:46] OK - Loi N° 2003-12 [572d4cbd].pdf (0.0 Mo, application/pdf)
[2026-09-05 12:05:47] OK - Loi N° 98-038 [590d923b].pdf (0.0 Mo, application/pdf)
[2026-09-05 12:05:47] OK - LOI N°2006-06 du 1er Juin 2006 [5d795341].jpg (0.0 Mo, image/jpeg)
[2026-09-05 12:05:47] OK - Loi N° 2003-20 du 22 octobre 2003 [5fba87b6].pdf (0.0 Mo, application/pdf)
[2026-09-05 12:05:47] OK - LOI N°2005-14 du 28 Juillet 2005 [5d8f91d9].jpg (0.0 Mo, image/jpeg)
[2026-09-05 12:05:47] OK - LOI N°2005-15 du 03 Juin 2005 [60b007d1].jpg (0.0 Mo, image/jpeg)
[2026-09-05 12:05:47] OK - Loi N° 2003-19 du 22 Octobre 2003 [5fbde0d2].pdf (0.0 Mo, application/pdf)
[2026-09-05 12:05:47] OK - Loi N° 2001-40 [63852c41].pdf (0.0 Mo, application/pdf)
[2026-09-05 12:05:47] OK - LOI N°2006-01 DU 16 JANVIER 2006 [8b2442f4].jpg (0.0 Mo, image/jpeg)
[2026-09-05 12:05:47] OK - LOI N°2006-08 du 31 Mai 2006 [64c06a4f].jpg (0.0 Mo, image/jpeg)
[2026-09-05 12:05:47] OK - LOI N° 2001-41 DU 05 FEVRIER 2004 [64a613df].jpg (0.0 Mo, image/jpeg)
[2026-09-05 12:05:47] OK - LOI N°2006-09 du 16 Octobre 2006 [621aae43].jpg (0.0 Mo, image/jpeg)
[2026-09-05 12:05:47] OK - LOI N°2001-30 DU 11 DECEMBRE 2001 [a97d0f62].jpg (0.0 Mo, image/jpeg)
[2026-09-05 12:05:47] OK - LOI N°90-001 du 2 Mai 1990 [8e572818].jpg (0.0 Mo, image/jpeg)
[2026-09-05 12:05:48] OK - LOI N°2006-05 DU 1er JUIN 2006 [9b65aa6e].jpg (0.0 Mo, image/jpeg)
[2026-09-05 12:05:48] OK - LOI N°2001-29 du 11 Décembre 2001 [92c75ff0].jpg (0.0 Mo, image/jpeg)
[2026-09-05 12:05:48] OK - LOI N°98-040 DU 31 DECEMBRE 1998 [93f3c761].jpg (0.0 Mo, image/jpeg)
[2026-09-05 12:05:48] OK - LOI N°2004-20 du 17 Août 2007 [8fb063b7].jpg (0.0 Mo, image/jpeg)
[2026-09-05 12:05:48] OK - Loi N° 2006-001 [9f3f3a95].pdf (0.0 Mo, application/pdf)
[2026-09-05 12:05:48] OK - LOI N°2006-03 du 09 Février 2005 [8cf5160a].jpg (0.0 Mo, image/jpeg)
[2026-09-05 12:05:48] OK - LOI N°2001-30 du 11 Décembre 2001 [64ee3ab8].jpg (0.0 Mo, image/jpeg)
[2026-09-05 12:05:48] OK - LOI N°2006-01 DU 16 JANVIER 2006 [ab2acca3].jpg (0.0 Mo, image/jpeg)
[2026-09-05 12:05:48] OK - Loi N° 2001-18 ortant autorisation de ratification du protocole A_P1_7_96 de la  [a39d687d].pdf (0.1 Mo, application/pdf)
[2026-09-05 12:05:48] OK - Loi N° 90-005 [aff9984d].pdf (0.5 Mo, application/pdf)
[2026-09-05 12:05:48] OK - Loi N° 98-027 [8b026a0f].pdf (0.0 Mo, application/pdf)
[2026-09-05 12:05:48] OK - Loi N° 2005-13 du 02 mars 2005 [8f272b5b].pdf (0.1 Mo, application/pdf)
[2026-09-05 12:05:48] OK - LOI N°2004-21 DU 28 JUILLET 2004 [923c8cd8].jpg (0.0 Mo, image/jpeg)
[2026-09-05 12:05:49] OK - Loi N° 2003-03 du 03 mars 2003 [971f810b].pdf (0.1 Mo, application/pdf)
[2026-09-05 12:05:49] OK - Loi N° 2004-22 du 05 août 2004 [946ee95c].pdf (0.1 Mo, application/pdf)
[2026-09-05 12:05:49] OK - Loi N° 98-025 [9abc3f5c].pdf (0.0 Mo, application/pdf)
[2026-09-05 12:05:49] OK - LOI N°2005-11 DU 02 MARS 2005 [a26a37e4].jpg (0.0 Mo, image/jpeg)
[2026-09-05 12:05:49] OK - LOI N°98-028 DU 22 DECEMBRE 1998 [a9c51341].jpg (0.0 Mo, image/jpeg)
[2026-09-05 12:05:49] OK - LOI N°2001-20 DU 26 JUILLET 2001 [b32580da].jpg (0.0 Mo, image/jpeg)
[2026-09-05 12:05:49] OK - Loi N° 98-024 [abaf49d5].pdf (0.0 Mo, application/pdf)
[2026-09-05 12:05:49] OK - LOI N°2005-22 DU 11 NOVEMBRE 2003 [ab52f77a].jpg (0.0 Mo, image/jpeg)
[2026-09-05 12:05:49] OK - LOI N°98-029 DU 17 AOUT 1998 [afbffd15].jpg (0.0 Mo, image/jpeg)
[2026-09-05 12:05:49] OK - LOI N°2010-35 DU 30 DECEMBRE 2010 [c5c11cce].jpg (0.0 Mo, image/jpeg)
[2026-09-05 12:05:49] OK - Loi N° 2004-26 du 22 décembre 2004 [c7887e1b].pdf (0.0 Mo, application/pdf)
[2026-09-05 12:05:49] OK - Loi N° 2001-21 [c3bced8c].pdf (0.5 Mo, application/pdf)
[2026-09-05 12:05:50] OK - Loi N° 2003-17 du 11 novembre 2003 [c47cbd33].pdf (0.6 Mo, application/pdf)
[2026-09-05 12:05:50] OK - LOI N°2005-12 DU 02 MARS 2005 [c8917bf7].jpg (0.0 Mo, image/jpeg)
[2026-09-05 12:05:50] OK - LOI N°98-027 DU 17 AOUT 1998 [cf43f25c].jpg (0.0 Mo, image/jpeg)
[2026-09-05 12:05:50] OK - Loi N° 2003-15 du14 juillet 2003 [d05cb27d].pdf (0.0 Mo, application/pdf)
[2026-09-05 12:05:50] OK - Loi N° 2004-23 du 25 mars 2005 [b955fdfe].pdf (2.9 Mo, application/pdf)
[2026-09-05 12:05:50] OK - LOI N°2001-20 DU 26 JUILLET 2001 [d49550b4].jpg (0.0 Mo, image/jpeg)
[2026-09-05 12:05:50] OK - LOI N°2004-26 DE 22 DECEMBRE 2004 [6a5fc717].jpg (0.0 Mo, image/jpeg)
[2026-09-05 12:05:50] OK - Loi N° 98- 029 [6fefa203].pdf (0.0 Mo, application/pdf)
[2026-09-05 12:05:50] OK - Loi N° 98-026 [6abb930c].pdf (0.0 Mo, application/pdf)
[2026-09-05 12:05:50] OK - LOI N°2001-22 du 09 Août 2001 [67cc168b].jpg (0.0 Mo, image/jpeg)
[2026-09-05 12:05:50] OK - LOI N°98-034 du 15 Janvier 1999 [67b01b29].jpg (0.0 Mo, image/jpeg)
[2026-09-05 12:05:50] OK - LOI N°98-021 du 7 Juillet 2008 [71c2eb70].jpg (0.0 Mo, image/jpeg)
[2026-09-05 12:05:50] OK - LOI N°2004-24 DU 06 DECEMBRE 2004 [7c327cb0].jpg (0.0 Mo, image/jpeg)
[2026-09-05 12:05:50] OK - LOI N°2004-28 DU 31 DECEMBRE 2004 [75d975e4].jpg (0.0 Mo, image/jpeg)
[2026-09-05 12:05:50] OK - LOI N°98-028 du 22 Décembre 1998 [76d1d0f1].jpg (0.0 Mo, image/jpeg)
[2026-09-05 12:05:50] OK - LOI N°98-039 DU 25 NOVEMBRE 1998 [75ed7725].jpg (0.0 Mo, image/jpeg)
[2026-09-05 12:05:51] OK - LOI N°2003-14 du 11 juillet 2003 [7c87a893].jpg (0.0 Mo, image/jpeg)
[2026-09-05 12:05:51] OK - LOI N°98-034 DU 15 JANVIER 1999 [7d15f027].jpg (0.0 Mo, image/jpeg)
[2026-09-05 12:05:51] OK - LOI N°2001-27 DU 09 AOUT 2001 [7f9ac203].jpg (0.0 Mo, image/jpeg)
[2026-09-05 12:05:51] OK - LOI N°98-037 DU 22 NOVEMBRE 2001 [7d6a7ce4].jpg (0.0 Mo, image/jpeg)
[2026-09-05 12:05:51] OK - LOI N°2004-26 DE 22 DECEMBRE 2004 [80d9196d].jpg (0.0 Mo, image/jpeg)
[2026-09-05 12:05:51] OK - LOI N°2004-24 DU 06 DECEMBRE 2004 [832f5c5f].jpg (0.0 Mo, image/jpeg)
[2026-09-05 12:05:51] OK - LOI N°2001-17 DU 20 JUILLET 2001 [87da2d77].jpg (0.0 Mo, image/jpeg)
[2026-09-05 12:05:51] OK - LOI N°2004-25 du 22 Décembre 2004 [8812fbb4].jpg (0.0 Mo, image/jpeg)
[2026-09-05 12:05:51] OK - LOI N°98-37 du 22 Novembre 2001 [88b8c20b].jpg (0.0 Mo, image/jpeg)
[2026-09-05 12:05:51] OK - LOI N°2001-17 DU 20 JUILLET 2001 [ea437abc].jpg (0.0 Mo, image/jpeg)
[2026-09-05 12:05:51] OK - LOI N°2003-17 DU 11 NOVEMBRE 2003 [ea5a3dd0].jpg (0.0 Mo, image/jpeg)
[2026-09-05 12:05:52] OK - LOI N°98-024 DU 30 JUILLET 1996 [ea772727].jpg (0.0 Mo, image/jpeg)
[2026-09-05 12:05:52] OK - LOI N°2004-27 DU 31 JANVIER 2005 [de398cc0].jpg (0.0 Mo, image/jpeg)
[2026-09-05 12:05:52] OK - LOI N°98-025 DU 30 JUILLET 1998 [e7ee1e43].jpg (0.0 Mo, image/jpeg)
[2026-09-05 12:05:52] OK - Loi N° 2003-06 du 05 mars 2003 [e65dc3a7].pdf (0.0 Mo, application/pdf)
[2026-09-05 12:05:52] OK - LOI N°2004-27 DU 31 JANVIER 2005 [ef95f7f3].jpg (0.0 Mo, image/jpeg)
[2026-09-05 12:05:52] OK - LOI N°2003-15 DU 14 JUILLET 2003 [f8137868].jpg (0.0 Mo, image/jpeg)
[2026-09-05 12:05:52] OK - LOI N°98-030 DU 12 FEVRIER 1999 [f5b279c3].jpg (0.0 Mo, image/jpeg)
[2026-09-05 12:05:52] OK - LOI N°2001-15 DU 20 JUILLET 2001 [f01507a9].jpg (0.0 Mo, image/jpeg)
[2026-09-05 12:05:52] OK - LOI N°2003-22 DU 11 NOVEMBRE 2003 [eca20e1d].jpg (0.0 Mo, image/jpeg)
[2026-09-05 12:05:52] OK - Loi N° 2005-11 du 02 mars 2005 [ee88dd49].pdf (0.0 Mo, application/pdf)
[2026-09-05 12:05:52] OK - Loi N° 2004-28 [85fe172d].pdf (1.6 Mo, application/pdf)
[2026-09-05 12:05:52] OK - LOI N°2001-21 DU 21 FEVRIER 2003 [f8e9738c].jpg (0.0 Mo, image/jpeg)
[2026-09-05 12:05:52] OK - LOI N°90-001 DU 2 MAI 1990 [fa8d4ff6].jpg (0.0 Mo, image/jpeg)
[2026-09-05 12:05:52] OK - Loi N° 2001-24 [fa651387].pdf (0.0 Mo, application/pdf)
[2026-09-05 12:05:52] OK - Loi N° 90-001 [ff1f20a9].pdf (0.0 Mo, application/pdf)
[2026-09-05 12:05:52] OK - LOI N°2004-28 DU 31 DECEMBRE 2004 [4281a1bf].jpg (0.0 Mo, image/jpeg)
[2026-09-05 12:05:52] OK - Loi N° 98-023 [fceaa230].pdf (0.0 Mo, application/pdf)
[2026-09-05 12:05:53] OK - LOI N°98-036 DU 15 JANVIER 1999 [47ca2613].jpg (0.0 Mo, image/jpeg)
[2026-09-05 12:05:53] OK - LOI N°2003-17 DU 11 NOVEMBRE 2003 [44203054].jpg (0.0 Mo, image/jpeg)
[2026-09-05 12:05:53] OK - Loi N° 2005-12 du 02 mars 2005 [47914c55].pdf (0.1 Mo, application/pdf)
[2026-09-05 12:05:53] OK - Loi N° 2004-25 du 22 décembre 2004 [4c37011e].pdf (0.1 Mo, application/pdf)
[2026-09-05 12:05:53] OK - LOI N°2001-27 du 09 Août 2001 [506fc6a1].jpg (0.0 Mo, image/jpeg)
[2026-09-05 12:05:53] OK - LOI N°2003-15 du 14 Juillet 2003 [52b5965c].jpg (0.0 Mo, image/jpeg)
[2026-09-05 12:05:53] OK - LOI N°98-029 du 17 Août 1998 [554ba8ce].jpg (0.0 Mo, image/jpeg)
[2026-09-05 12:05:53] OK - LOI N°2003-06 du 05 Mars 2003 [55ad65fa].jpg (0.0 Mo, image/jpeg)
[2026-09-05 12:05:53] OK - LOI N°2003-06 du 05 Mars 2003 [55fd496f].jpg (0.0 Mo, image/jpeg)
[2026-09-05 12:05:53] OK - LOI N°98-027 du 17 Août 1998 [56b3980a].jpg (0.0 Mo, image/jpeg)
[2026-09-05 12:05:53] OK - Loi N° 98-028 [3341af59].pdf (0.2 Mo, application/pdf)
[2026-09-05 12:05:53] OK - Loi N° 2004-24 du 06 décembre 2004 [07900b77].pdf (0.1 Mo, application/pdf)
[2026-09-05 12:05:54] OK - LOI N°2005-11 du 02 Mars 2005 [5db366b7].jpg (0.0 Mo, image/jpeg)
[2026-09-05 12:05:54] OK - Loi N° 2004-27 du 31 janvier 2005 [29827957].pdf (0.1 Mo, application/pdf)
[2026-09-05 12:05:54] OK - Loi N° 2004-21 du 28 juillet 2004 [28bc3338].pdf (0.1 Mo, application/pdf)
[2026-09-05 12:05:54] OK - Loi N° 2003-22 du 11 novembre 2003 [12ca9ddb].pdf (0.1 Mo, application/pdf)
[2026-09-05 12:05:54] OK - LOI N°98-029 du 25 Novenbre 1998 [2ceea375].jpg (0.0 Mo, image/jpeg)
[2026-09-05 12:05:54] OK - LOI N°2004-25 DU 22 DECEMBRE 2004 [2d9aacb9].jpg (0.0 Mo, image/jpeg)
[2026-09-05 12:05:54] OK - Loi N° 2001-17 [3098c719].pdf (0.0 Mo, application/pdf)
[2026-09-05 12:05:54] OK - Loi N° 98-036 [2f1e4fed].pdf (0.2 Mo, application/pdf)
[2026-09-05 12:05:54] OK - Loi N° 2003-14 du 11 juillet 2003 [312dcaa7].pdf (0.0 Mo, application/pdf)
[2026-09-05 12:05:54] OK - LOI N°98-024 du 30 Juillet 1998 [5f3706c0].jpg (0.0 Mo, image/jpeg)
[2026-09-05 12:05:54] OK - LOI N°2001-19 du 26 Juillet 2001 [336ef6ef].jpg (0.0 Mo, image/jpeg)
[2026-09-05 12:05:54] OK - Loi N° 98-030 [5990efda].pdf (1.4 Mo, application/pdf)
[2026-09-05 12:05:54] OK - Loi N° 98-039 [37adabbe].pdf (0.7 Mo, application/pdf)
[2026-09-05 12:05:55] OK - LOI N°2001-18 DU 20 JUILLET 2001 [3b4767df].jpg (0.0 Mo, image/jpeg)
[2026-09-05 12:05:55] OK - Loi N° 98-034 [38c566e3].pdf (1.4 Mo, application/pdf)
[2026-09-05 12:05:55] OK - Loi N° 2005-10 du 02 mars 2005 [083f2144].pdf (0.0 Mo, application/pdf)
[2026-09-05 12:05:55] OK - Loi N° 2001-16 [1924dcac].pdf (0.0 Mo, application/pdf)
[2026-09-05 12:05:55] OK - Loi N° 2003-11 du 09 juillet 2003 [13a9a1fd].pdf (0.0 Mo, application/pdf)
[2026-09-05 12:05:55] OK - Loi N° 93-019 du 28 septembre 1993 [20e32dff].pdf (0.0 Mo, application/pdf)
[2026-09-05 12:05:55] OK - Loi N° 93-021 du 2 décembre 1993 [22292bd3].pdf (0.0 Mo, application/pdf)
[2026-09-05 12:05:55] OK - Loi N° 2005-06 du 27 Janvier 2005 [37b5bd17].pdf (0.0 Mo, application/pdf)
[2026-09-05 12:05:55] OK - Loi N° 93-022 du 13 décembre 1993 [30bdf590].pdf (0.0 Mo, application/pdf)
[2026-09-05 12:05:55] OK - Loi N° 2001-15 [3079d1e5].pdf (0.0 Mo, application/pdf)
[2026-09-05 12:05:55] OK - LOI N°98-020 DU 9 JUILLET 1998 [36b13629].jpg (0.0 Mo, image/jpeg)
[2026-09-05 12:05:55] OK - Loi N° 98-022 [32b752cd].pdf (0.0 Mo, application/pdf)
[2026-09-05 12:05:56] OK - LOI N°2003-08 du 10 Mars 2003 [360223e3].jpg (0.0 Mo, image/jpeg)
[2026-09-05 12:05:56] OK - LOI N°2005-07 DU 08 AVRIL 2005 [32289535].jpg (0.0 Mo, image/jpeg)
[2026-09-05 12:05:56] OK - LOI N°93-022 du 13 Décembre 1993 [3df2e51f].jpg (0.0 Mo, image/jpeg)
[2026-09-05 12:05:56] OK - LOI N°93-020 du 02 Décembre 1993 [39476186].jpg (0.0 Mo, image/jpeg)
[2026-09-05 12:05:56] OK - Loi N° 2005-08 du 27 Janvier 2005 [290d1871].pdf (0.1 Mo, application/pdf)
[2026-09-05 12:05:56] OK - LOI N°2001-14 du 20 Juillet 2001 [3dde7639].jpg (0.0 Mo, image/jpeg)
[2026-09-05 12:05:56] OK - Loi N° 2001-12 [28ad1c31].pdf (0.0 Mo, application/pdf)
[2026-09-05 12:05:56] OK - LOI N0°2009-08 du 25 Mars 2009 [39f0c68e].jpg (0.0 Mo, image/jpeg)
[2026-09-05 12:05:56] OK - Loi N° 2003-16 du 14 juillet 2003 [39baf1af].pdf (0.0 Mo, application/pdf)
[2026-09-05 12:05:56] OK - Loi N° 98-020 [6e486f38].pdf (0.2 Mo, application/pdf)
[2026-09-05 12:05:56] OK - LOI N°2001-13 DU 13 JUILLET 2001 [3e286063].jpg (0.0 Mo, image/jpeg)
[2026-09-05 12:05:57] OK - LOI N°2002-27 du 30 Juin 2002 [6c0f89ea].jpg (0.0 Mo, image/jpeg)
[2026-09-05 12:05:57] OK - LOI N°2003-09 DU 10 MARS 2003 [3f78678c].jpg (0.0 Mo, image/jpeg)
[2026-09-05 12:05:57] OK - Loi N° 2001-06 [6afb6aec].pdf (0.0 Mo, application/pdf)
[2026-09-05 12:05:57] OK - LOI N°2003-11 du 09 Juillet 2003 [6913bdda].jpg (0.0 Mo, image/jpeg)
[2026-09-05 12:05:57] OK - LOI N°2003-21 du 11 Novembre 2003 [6d49f23e].jpg (0.0 Mo, image/jpeg)
[2026-09-05 12:05:57] OK - LOI N°2005-09 du 1er Février 2005 [6d0d1517].jpg (0.0 Mo, image/jpeg)
[2026-09-05 12:05:57] OK - LOI ORGANIQUE N°93-018 du 26 Septembre 1993 [6e949c54].jpg (0.0 Mo, image/jpeg)
[2026-09-05 12:05:57] OK - LOI N°98-021 DU 9 JUILLET 1998 [6f149097].jpg (0.0 Mo, image/jpeg)
[2026-09-05 12:05:57] OK - LOI N°90-031 DU 12 NOVEMBRE 1990 [70e656cf].jpg (0.0 Mo, image/jpeg)
[2026-09-05 12:05:57] OK - LOI N°2003-16 DU 14 JUILLET 2003 [7703d971].jpg (0.0 Mo, image/jpeg)
[2026-09-05 12:05:57] OK - LOI N°2005-06 du 27 Janvier 2005 [71079701].jpg (0.0 Mo, image/jpeg)
[2026-09-05 12:05:57] OK - LOI N°2001-06 DU 30 AVRIL 2001 [765d1b7e].jpg (0.0 Mo, image/jpeg)
[2026-09-05 12:05:57] OK - Loi N° 2003-04 du 03 mars 2003 [77c9542b].pdf (0.3 Mo, application/pdf)
[2026-09-05 12:05:57] OK - LOI N°2003-13 DU 11 JUILLET 2003 [79aeac67].jpg (0.0 Mo, image/jpeg)
[2026-09-05 12:05:58] OK - LOI N°93-017 du 28 Septembre 1993 [80578b17].jpg (0.0 Mo, image/jpeg)
[2026-09-05 12:05:58] OK - LOI N°2003-16 DU 14 JUILLET 2003 [7fb5c782].jpg (0.0 Mo, image/jpeg)
[2026-09-05 12:05:58] OK - LOI N°93-019 du 28 Septembre 1993 [8086ba47].jpg (0.0 Mo, image/jpeg)
[2026-09-05 12:05:58] OK - Loi N° 2001-11 [850899a7].pdf (0.0 Mo, application/pdf)
[2026-09-05 12:05:58] OK - LOI N°2001-11 du 29 Juin 2001 [82310d05].jpg (0.0 Mo, image/jpeg)
[2026-09-05 12:05:58] OK - LOI N°98-017 du 7 Juillet 2000 [86fd80af].jpg (0.0 Mo, image/jpeg)
[2026-09-05 12:05:58] OK - LOI N°2005-06 du 27 Janvier 2005 [888593da].jpg (0.0 Mo, image/jpeg)
[2026-09-05 12:05:58] OK - Loi N° 2001-07 [89a4680e].pdf (0.3 Mo, application/pdf)
[2026-09-05 12:05:58] OK - Loi N° 2003-07 du 05 mars 2003 [8b9964f2].pdf (0.0 Mo, application/pdf)
[2026-09-05 12:05:58] OK - LOI N°2001-06 du 30 Avril 2001 [8cae60ac].jpg (0.0 Mo, image/jpeg)
[2026-09-05 12:05:58] OK - Loi N° 2003-08 du 10 mars 2003 [8f42371a].pdf (0.1 Mo, application/pdf)
[2026-09-05 12:05:59] OK - LOI N°93-016 DU 28 SEPTEMBRE 1993 [955f6ef0].jpg (0.0 Mo, image/jpeg)
[2026-09-05 12:05:59] OK - Loi N° 93-015 autorisation de ratification de la Convention [9991f79b].pdf (0.0 Mo, application/pdf)
[2026-09-05 12:05:59] OK - LOI N°2001-12 DU 07 JUILLET 2001 [a0fbc6a7].jpg (0.0 Mo, image/jpeg)
[2026-09-05 12:05:59] OK - Loi organique N° 93-018 du 28 septembre 1995 [a4f6fcfd].pdf (0.1 Mo, application/pdf)
[2026-09-05 12:05:59] OK - LOI N°97-033 DU 28 AOUT 1997 [a767708e].jpg (0.0 Mo, image/jpeg)
[2026-09-05 12:05:59] OK - LOI N°93-19 du 28 Septembre 1993 [8e799003].jpg (0.0 Mo, image/jpeg)
[2026-09-05 12:05:59] OK - Loi N° 93-023 du 31 décembre 1993 [aca5c1f6].pdf (0.1 Mo, application/pdf)
[2026-09-05 12:05:59] OK - LOI N°2003-07 DU 05 MARS 2003 [bbf05d4a].jpg (0.0 Mo, image/jpeg)
[2026-09-05 12:05:59] OK - Loi N° 98-021 [afa7ead4].pdf (0.1 Mo, application/pdf)
[2026-09-05 12:05:59] OK - LOI N°2005-10 DU 02 MARS 2005 [bd9b9500].jpg (0.0 Mo, image/jpeg)
[2026-09-05 12:06:00] OK - LOI N°98-019 DU 21 MARS 2003 [b12b9df4].jpg (0.0 Mo, image/jpeg)
[2026-09-05 12:06:00] OK - LOI N°95-006 DU 22 AOÛT 1995 [c3b8c53a].jpg (0.0 Mo, image/jpeg)
[2026-09-05 12:06:00] OK - LOI N°93-016 du 28 Septembre 1983 [b5cab0ab].jpg (0.0 Mo, image/jpeg)
[2026-09-05 12:06:00] OK - Loi N° 93-016 du 28 septembre 1993 [b3edaedb].pdf (0.0 Mo, application/pdf)
[2026-09-05 12:06:00] OK - LOI N°98-022 DU 9 JUILLET 1998 [ca559f37].jpg (0.0 Mo, image/jpeg)
[2026-09-05 12:06:00] OK - LOI N°2003-04 DU 03 MARS 2003 [b8c1958d].jpg (0.0 Mo, image/jpeg)
[2026-09-05 12:06:00] OK - Loi N° 2003-23 [b5370d56].pdf (1.7 Mo, application/pdf)
[2026-09-05 12:06:00] OK - LOI N°2001-15 DU 20 JUILLET 2001 [d0354cec].jpg (0.0 Mo, image/jpeg)
[2026-09-05 12:06:00] OK - LOI N°2001-15 DU 20 JUILLET 2001 [b1edd4ee].jpg (0.0 Mo, image/jpeg)
[2026-09-05 12:06:01] OK - LOI N°2005-10 DU 02 MARS 2005 [c41b4a3a].jpg (0.0 Mo, image/jpeg)
[2026-09-05 12:06:01] OK - LOI N°2003-23 DU 26 DECEMBRE 2003 [b63eb970].jpg (0.0 Mo, image/jpeg)
[2026-09-05 12:06:01] OK - LOI N°93-023 DU 31 DECEMBRE 1993 [c9f6797a].jpg (0.0 Mo, image/jpeg)
[2026-09-05 12:06:01] OK - Loi N° 2003-13 du 11 juillet 2003 [b04783dd].pdf (0.0 Mo, application/pdf)
[2026-09-05 12:06:01] OK - Loi N° 2005-09 du 1er février 2005 [cb670d74].pdf (0.0 Mo, application/pdf)
[2026-09-05 12:06:01] OK - LOI N°93-021 DU 2 DECEMBRE 1993 [d817d15c].jpg (0.0 Mo, image/jpeg)
[2026-09-05 12:06:01] OK - LOI N°2003-009 DU 10 MARS 2003 [da59cdff].jpg (0.0 Mo, image/jpeg)
[2026-09-05 12:06:01] OK - LOI N°2005-47 DU 06 AVRIL 2006 [429a5047].jpg (0.0 Mo, image/jpeg)
[2026-09-05 12:06:01] OK - LOI N°98-022 du 9 Juillet 1998 [59397ac9].jpg (0.0 Mo, image/jpeg)
[2026-09-05 12:06:01] OK - Loi N° 2003-21 du 11 novembre 2003 [4dcb296f].pdf (0.2 Mo, application/pdf)
[2026-09-05 12:06:01] OK - Loi N° 2005-07 du 08 avril 2005 [468b5b4e].pdf (0.1 Mo, application/pdf)
[2026-09-05 12:06:01] OK - LOI N°2003-11 du 09 Juillet 2003 [5fc7f63b].jpg (0.0 Mo, image/jpeg)
[2026-09-05 12:06:02] OK - Loi N° 93-017 du 28 septembre 1993 [5c090a66].pdf (0.0 Mo, application/pdf)
[2026-09-05 12:06:02] OK - LOI N°2001-16 du 20 Juillet 2001 [60bf89d4].jpg (0.0 Mo, image/jpeg)
[2026-09-05 12:06:02] OK - LOI N°2001-13 du 13 Juillet 2001 [60ac70a1].jpg (0.0 Mo, image/jpeg)
[2026-09-05 12:06:02] OK - Loi N° 93-020 du 02 décembre 1993 [dfbfaefe].pdf (0.0 Mo, application/pdf)
[2026-09-05 12:06:02] OK - LOI N°93-020 DU 02 DECEMBRE 1993 [e73d3a6f].jpg (0.0 Mo, image/jpeg)
[2026-09-05 12:06:02] OK - LOI N°2001-11 DU 29 JUIN 2001 [e7847c6c].jpg (0.0 Mo, image/jpeg)
[2026-09-05 12:06:02] OK - LOI N°2001-26 DU 09 AOÛT 2001 [ecc0334e].jpg (0.0 Mo, image/jpeg)
[2026-09-05 12:06:02] OK - LOI N°98-016 DU 11 MAI 1998 [f58b1bc4].jpg (0.0 Mo, image/jpeg)
[2026-09-05 12:06:02] OK - Loi N° 98-016 [f2d75d3c].pdf (0.0 Mo, application/pdf)
[2026-09-05 12:06:02] OK - LOI N°98-017 DU 7 JUILLET 2000 [f8b7dd5d].jpg (0.0 Mo, image/jpeg)
[2026-09-05 12:06:02] OK - LOI N°2003-02 DU 27 JANVIER 2003 [deaf1403].jpg (0.0 Mo, image/jpeg)
[2026-09-05 12:06:03] OK - LOI N°93-014 DU 28 SEPTEMBRE 1993 [e4e6024f].jpg (0.0 Mo, image/jpeg)
[2026-09-05 12:06:03] OK - Loi N° 2002-17 [dfc6cf90].pdf (0.1 Mo, application/pdf)
[2026-09-05 12:06:03] OK - LOI N°2002-25 DU 31 DECEMBRE 2002 [e5b04d29].jpg (0.0 Mo, image/jpeg)
[2026-09-05 12:06:03] OK - LOI N°2002-22 DU 28 AOUT 2002 [e5d3aa0b].jpg (0.0 Mo, image/jpeg)
[2026-09-05 12:06:03] OK - Loi N° 2001-02 [e82ab27a].pdf (0.1 Mo, application/pdf)
[2026-09-05 12:06:03] OK - Loi N° 98-012 [f2467f49].pdf (0.1 Mo, application/pdf)
[2026-09-05 12:06:03] OK - LOI N°2002-17 DU 07 FEVRIER 2007 [f42db0fd].jpg (0.0 Mo, image/jpeg)
[2026-09-05 12:06:03] OK - LOI N°2005-03 du 12 Janvier 2005 [fcd4e709].jpg (0.0 Mo, image/jpeg)
[2026-09-05 12:06:03] OK - LOI N°2001-03 du 26 Avril 2001 [fe6a5009].jpg (0.0 Mo, image/jpeg)
[2026-09-05 12:06:03] OK - LOI N°2002-26 DU 31 DECEMBRE 2002 [fbce93ad].jpg (0.0 Mo, image/jpeg)
[2026-09-05 12:06:03] OK - LOI N°2003-05 du 05 Mars 2003 [8f367d13].jpg (0.0 Mo, image/jpeg)
[2026-09-05 12:06:03] OK - LOI N°2002-015 DU 30 DECEMBRE 2002 [e5c42c98].jpg (0.0 Mo, image/jpeg)
[2026-09-05 12:06:03] OK - LOI N°2005-05 du 27 Janvier 2005 [8abc760d].jpg (0.0 Mo, image/jpeg)
[2026-09-05 12:06:04] OK - LOI N°98-015 du 12 Mai 1998 [8f7d2b2a].jpg (0.0 Mo, image/jpeg)
[2026-09-05 12:06:04] OK - Loi N° 2003-10 du 09 juillet 2003 [a93514e8].pdf (0.0 Mo, application/pdf)
[2026-09-05 12:06:04] OK - LOI N°93-010 du 4 Août 1993 [8f8bfd8e].jpg (0.0 Mo, image/jpeg)
[2026-09-05 12:06:04] OK - Loi N° 98-010 [91760efe].pdf (0.0 Mo, application/pdf)
[2026-09-05 12:06:04] OK - LOI N°2002-22 DU 28 AOUT 2002 [941ea897].jpg (0.0 Mo, image/jpeg)
[2026-09-05 12:06:04] OK - LOI N°98-012 DU 25 FEVRIER 1998 [9f7a9407].jpg (0.0 Mo, image/jpeg)
[2026-09-05 12:06:04] OK - LOI N°2005-02 DU 12 JANVIER 2005 [a142cad0].jpg (0.0 Mo, image/jpeg)
[2026-09-05 12:06:04] OK - LOI N°2002-18 DU 12 JUILLET 2002 [a86bb957].jpg (0.0 Mo, image/jpeg)
[2026-09-05 12:06:04] OK - LOI N°93-013 DU 10 AOUT 1999 [a8823021].jpg (0.0 Mo, image/jpeg)
[2026-09-05 12:06:04] OK - Loi N° 2005-04 du 12 janvier 2005 [aa03cd40].pdf (0.0 Mo, application/pdf)
[2026-09-05 12:06:04] OK - LOI N°93-011 DU 3 AOÛT 1993 [aac51149].jpg (0.0 Mo, image/jpeg)
[2026-09-05 12:06:05] OK - Loi N° 2001-05 [ad49658f].pdf (0.0 Mo, application/pdf)
[2026-09-05 12:06:05] OK - Loi N° 93-012 du 03 août 1993 [ad6e5f61].pdf (0.0 Mo, application/pdf)
[2026-09-05 12:06:05] OK - LOI N°2001-04 DU 26 AVRIL 2001 [b0745de0].jpg (0.0 Mo, image/jpeg)
[2026-09-05 12:06:05] OK - Loi N° 98-011 [023b1907].pdf (0.0 Mo, application/pdf)
[2026-09-05 12:06:05] OK - Loi N° 93-011 du 03 août 1993 [07b01a8b].pdf (0.1 Mo, application/pdf)
[2026-09-05 12:06:05] OK - LOI N°2002-19 DU 12 JUILLET 2002 [3ac6157e].jpg (0.0 Mo, image/jpeg)
[2026-09-05 12:06:05] OK - Loi N° 93-007 du 29 mars 1993 [192e2821].pdf (0.1 Mo, application/pdf)
[2026-09-05 12:06:05] OK - Loi N° 2005-03 du 12 janvier 2005 [0e79b4b8].pdf (0.0 Mo, application/pdf)
[2026-09-05 12:06:05] OK - Loi N° 2003-05 du 05 mars 2003 [21d92929].pdf (0.0 Mo, application/pdf)
[2026-09-05 12:06:05] OK - Loi N° 98-014 [1ffdb291].pdf (0.1 Mo, application/pdf)
[2026-09-05 12:06:05] OK - Loi N° 2003-01 [0c7bec4c].pdf (0.1 Mo, application/pdf)
[2026-09-05 12:06:06] OK - LOI N°98-011 du 25 Février 1998 [3db79be3].jpg (0.0 Mo, image/jpeg)
[2026-09-05 12:06:06] OK - Loi N° 93-008 du 29 mars 1993 [27e7ee87].pdf (0.1 Mo, application/pdf)
[2026-09-05 12:06:06] OK - Loi N° 2002-24 [38e776b8].pdf (0.1 Mo, application/pdf)
[2026-09-05 12:06:06] OK - Loi N° 97-043 du 06 janvier 1998 [3f22c2f1].pdf (1.3 Mo, application/pdf)
[2026-09-05 12:06:06] OK - LOI N°93-013 DU 10 AOUT 1999 [3bcb5943].jpg (0.0 Mo, image/jpeg)
[2026-09-05 12:06:06] OK - Loi N° 98-015 [3a52a7c2].pdf (1.2 Mo, application/pdf)
[2026-09-05 12:06:06] OK - LOI N°2002-12 DU 21 JUIN 2002 [2d919145].jpg (0.0 Mo, image/jpeg)
[2026-09-05 12:06:07] OK - LOI N°2005-04 DU 12 JANVIER 2005 [3eceecbb].jpg (0.0 Mo, image/jpeg)
[2026-09-05 12:06:07] OK - Loi N° 93-009 du 2 juillet 1993 [08145490].pdf (1.1 Mo, application/pdf)
[2026-09-05 12:06:07] OK - LOI N°97-043 DU 06 JANVIER 1998 [33c039c2].jpg (0.0 Mo, image/jpeg)
[2026-09-05 12:06:07] OK - LOI N°98-010 du 25 Février 1998 [66ea08e5].jpg (0.0 Mo, image/jpeg)
[2026-09-05 12:06:07] OK - LOI N°2005-34 du 20 Octobre 2005 [74a8774d].jpg (0.0 Mo, image/jpeg)
[2026-09-05 12:06:07] OK - Loi N° 93-013 du 10 août 1999 [4048d13a].pdf (0.2 Mo, application/pdf)
[2026-09-05 12:06:07] OK - Loi N° 2001-08 [6b5bcfc1].pdf (0.1 Mo, application/pdf)
[2026-09-05 12:06:07] OK - LOI N°98-014 DU 17 AVRIL 1998 [783f88a1].jpg (0.0 Mo, image/jpeg)
[2026-09-05 12:06:07] OK - LOI N°2001-08 DU 09 MAI 2001 [77385955].jpg (0.0 Mo, image/jpeg)
[2026-09-05 12:06:07] OK - LOI N°2002-17 DU 07 FEVRIER 2007 [803ee7d4].jpg (0.0 Mo, image/jpeg)
[2026-09-05 12:06:07] OK - LOI N°2002-014 du 27 Août 2002 [75026aa5].jpg (0.0 Mo, image/jpeg)
[2026-09-05 12:06:08] OK - LOI N°93-007 du 29 Mars 1993 [7d02a6c9].jpg (0.0 Mo, image/jpeg)
[2026-09-05 12:06:08] OK - LOI N°2002-016 du 18 Octobre 2004 [80cccef3].jpg (0.0 Mo, image/jpeg)
[2026-09-05 12:06:08] OK - Loi N° 2001-04 [842a1940].pdf (0.1 Mo, application/pdf)
[2026-09-05 12:06:08] OK - LOI N°2002-014 DU 27 AOÛT 2002 [8709980c].jpg (0.0 Mo, image/jpeg)
[2026-09-05 12:06:08] OK - LOI N°2005-04 DU 12 JANVIER 2005 [46c7e325].jpg (0.0 Mo, image/jpeg)
[2026-09-05 12:06:08] OK - Loi N° 2001-03 [4ba109ce].pdf (0.1 Mo, application/pdf)
[2026-09-05 12:06:08] OK - LOI N°93-009 du 2 JUILLET 1993 [8128588c].jpg (0.0 Mo, image/jpeg)
[2026-09-05 12:06:08] OK - LOI N°2002-25 DU 31 DECEMBRE 2002 [c953ec2b].jpg (0.0 Mo, image/jpeg)
[2026-09-05 12:06:08] OK - LOI N°2002-26 DU 31 DECEMBRE 2002 [4f3f59e4].jpg (0.0 Mo, image/jpeg)
[2026-09-05 12:06:08] OK - LOI N°2005-03 du 12 Janvier 2005 [5615f784].jpg (0.0 Mo, image/jpeg)
[2026-09-05 12:06:09] OK - LOI N°97-043 DU 06 JANVIER 1997 [cb2c3547].jpg (0.0 Mo, image/jpeg)
[2026-09-05 12:06:09] OK - Loi N° 2003-02 du 27 janvier 2003 [5050e229].pdf (0.1 Mo, application/pdf)
[2026-09-05 12:06:09] OK - LOI N°2005-02 du 12 Janvier 2005 [588eda20].jpg (0.0 Mo, image/jpeg)
[2026-09-05 12:06:09] OK - Loi N° 93-014 du 28 septembre 1993 [ba48eadf].pdf (0.1 Mo, application/pdf)
[2026-09-05 12:06:09] OK - LOI N°2001-02 du 29 Janvier 2001 [64f78fe7].jpg (0.0 Mo, image/jpeg)
[2026-09-05 12:06:09] OK - Loi N° 93-010 [615c57a9].pdf (1.1 Mo, application/pdf)
[2026-09-05 12:06:09] OK - LOI N°2001-05 du 26 Avril 2001 [578765c6].jpg (0.0 Mo, image/jpeg)
[2026-09-05 12:06:09] OK - LOI N°98-014 DU 17 AVRIL 1998 [d9cd52c6].jpg (0.0 Mo, image/jpeg)
[2026-09-05 12:06:10] OK - Loi N° 2005-01 du 12 janvier 2005 [c2be62d0].pdf (0.0 Mo, application/pdf)
[2026-09-05 12:06:10] OK - LOI N°2003-01 DU 08 JANVIER 2003 [cb0c015d].jpg (0.0 Mo, image/jpeg)
[2026-09-05 12:06:10] OK - LOI N°97-044 DU 06 JANVIER 1998 [c0e6ebea].jpg (0.0 Mo, image/jpeg)
[2026-09-05 12:06:10] OK - LOI N°98-010 DU 25 FEVRIER 1998 [c4ec6a62].jpg (0.0 Mo, image/jpeg)
[2026-09-05 12:06:10] OK - Loi N° 2005-02 du 12 janvier 2005 [d6dd3f13].pdf (0.1 Mo, application/pdf)
[2026-09-05 12:06:10] OK - Loi N° 2005-05 du 27 janvier 2005 [c9353b7e].pdf (0.0 Mo, application/pdf)
[2026-09-05 12:06:10] OK - LOI N°91-005 DU 22 FEVRIER 1991 [c37891d5].jpg (0.0 Mo, image/jpeg)
[2026-09-05 12:06:10] OK - LOI N°97-035 DU 04 SEPTEMBRE 1997 [b4e0d6eb].jpg (0.0 Mo, image/jpeg)
[2026-09-05 12:06:10] OK - LOI N°2002-18 DU 12 JUILLET 2002 [cb4fd576].jpg (0.0 Mo, image/jpeg)
[2026-09-05 12:06:10] OK - Loi N° 2002-05 [b5457d87].pdf (0.0 Mo, application/pdf)
[2026-09-05 12:06:10] OK - LOI N°98-005 DU 15 JANVIER 1999 [c6bf3033].jpg (0.0 Mo, image/jpeg)
[2026-09-05 12:06:10] OK - Loi N° 93-003 du 22 mars 1993 [c7ed58c2].pdf (0.1 Mo, application/pdf)
[2026-09-05 12:06:11] OK - Loi N° 2002-016 [d858314a].pdf (1.5 Mo, application/pdf)
[2026-09-05 12:06:11] OK - Loi N° 2002-28 [b9f29c63].pdf (0.1 Mo, application/pdf)
[2026-09-05 12:06:11] OK - LOI N°93-005 DU 29 MARS 1993 [b4bc85d4].jpg (0.0 Mo, image/jpeg)
[2026-09-05 12:06:11] OK - LOI N°97-025 DU 15 JANVIER 1999 [d4b4343d].jpg (0.0 Mo, image/jpeg)
[2026-09-05 12:06:11] OK - Loi N° 93-001 du 1er février 1993 [dba68d7b].pdf (0.8 Mo, application/pdf)
[2026-09-05 12:06:11] OK - LOI N°98-004 DU 27 JANVIER 1998 [b7ec189a].jpg (0.0 Mo, image/jpeg)
[2026-09-05 12:06:11] OK - Loi N° 98-008 [c540eab1].pdf (0.0 Mo, application/pdf)
[2026-09-05 12:06:11] OK - Loi N° 98-009 [2bb5bf91].pdf (0.0 Mo, application/pdf)
[2026-09-05 12:06:12] OK - LOI N°98-003 DU 16 JANVIER 1998 [29b85c48].jpg (0.0 Mo, image/jpeg)
[2026-09-05 12:06:12] OK - LOI N°97-039 DU 04 SEPTEMBRE 1997 [2b829224].jpg (0.0 Mo, image/jpeg)
[2026-09-05 12:06:12] OK - LOI N°2002-07 DU 29 NOVEMBRE 2002 [ca88d2c6].jpg (0.0 Mo, image/jpeg)
[2026-09-05 12:06:12] OK - Loi N° 97-023 du 20 juin 1997 [2802bf1c].pdf (0.0 Mo, application/pdf)
[2026-09-05 12:06:12] OK - LOI N°2002-09 DU 21 Juin 2002 [2d2e9e6c].jpg (0.0 Mo, image/jpeg)
[2026-09-05 12:06:12] OK - LOI N°98-005 du 15 Décembre 1998 [3f972f7d].jpg (0.0 Mo, image/jpeg)
[2026-09-05 12:06:12] OK - LOI N°93-002 DU 1er FEVRIER 1993 [e80396de].jpg (0.0 Mo, image/jpeg)
[2026-09-05 12:06:12] OK - LOI N°97-037 DU 04 SEPTEMBRE 1997 [33da4ea1].jpg (0.0 Mo, image/jpeg)
[2026-09-05 12:06:12] OK - LOI N° 97-023 DU 20 JUIN 1997 [3d8e5fbc].jpg (0.0 Mo, image/jpeg)
[2026-09-05 12:06:13] OK - LOI N° 2001-01 DU 29 JANVIER 2001 [406310d1].jpg (0.0 Mo, image/jpeg)
[2026-09-05 12:06:13] OK - LOI N°2002-28 DU 29 MARS 2004 [deea77b3].jpg (0.0 Mo, image/jpeg)
[2026-09-05 12:06:13] OK - Loi N° 2002-06 [3c4d4fb7].pdf (0.0 Mo, application/pdf)
[2026-09-05 12:06:13] OK - LOI N°2002-02 DU 29 AVRIL 2002 [e8f977fa].jpg (0.0 Mo, image/jpeg)
[2026-09-05 12:06:13] OK - LOI N°93-004 DU 22 MARS 1993 [3bbd787a].jpg (0.0 Mo, image/jpeg)
[2026-09-05 12:06:13] OK - Loi N° 98-003 [e51147c5].pdf (0.0 Mo, application/pdf)
[2026-09-05 12:06:13] OK - Loi N° 93-004 du 22 mars 1993 [e6008f8f].pdf (0.1 Mo, application/pdf)
[2026-09-05 12:06:13] OK - Loi N° 93-006 du 29 mars 1993 [3462b102].pdf (0.1 Mo, application/pdf)
[2026-09-05 12:06:13] OK - LOI N°2002-13 DU 21 JUIN 2002 [eb531733].jpg (0.0 Mo, image/jpeg)
[2026-09-05 12:06:13] OK - LOI N°2002-12 DU 21 JUIN 2002 [ebc9d6c2].jpg (0.0 Mo, image/jpeg)
[2026-09-05 12:06:14] OK - Loi N° 97-031 du 20 aout 1997 [3663e9b4].pdf (0.6 Mo, application/pdf)
[2026-09-05 12:06:14] OK - LOI N°90-036 DU 31 DECEMBRE 1990 [f3836688].jpg (0.0 Mo, image/jpeg)
[2026-09-05 12:06:14] OK - LOI N°98-005 DU 15 JANVIER 1999 [ed917557].jpg (0.0 Mo, image/jpeg)
[2026-09-05 12:06:14] OK - Loi N° 2002-07 [0c472287].pdf (6.5 Mo, application/pdf)
[2026-09-05 12:06:14] OK - LOI N°97-028 du 15 Janvier 1999 [fe071bcc].jpg (0.0 Mo, image/jpeg)
[2026-09-05 12:06:14] OK - LOI N°2002-28 du 29 Mars 2004 [8fb4b855].jpg (0.0 Mo, image/jpeg)
[2026-09-05 12:06:14] OK - Loi N° 97-035 du 4 septembre 1991 [960c8114].pdf (0.0 Mo, application/pdf)
[2026-09-05 12:06:14] OK - Loi N° 94-030 du 17 janvier 1995 [fbcc4e44].pdf (0.1 Mo, application/pdf)
[2026-09-05 12:06:14] OK - Loi N° 93-005 du 29 mars 1993 [948276b7].pdf (0.1 Mo, application/pdf)
[2026-09-05 12:06:14] OK - Loi N° 94-029 du 03 juin 1996 [2f32ab49].pdf (0.5 Mo, application/pdf)
[2026-09-05 12:06:15] OK - LOI N°98-007 DU 15 JANVIER 1999 [a5971606].jpg (0.0 Mo, image/jpeg)
[2026-09-05 12:06:15] OK - LOI N°94-030 DU 17 JANVIER 1995 [9e08e984].jpg (0.0 Mo, image/jpeg)
[2026-09-05 12:06:15] OK - LOI N°97-042 DU 10 SEPTEMBRE 1997 [a0366142].jpg (0.0 Mo, image/jpeg)
[2026-09-05 12:06:15] OK - Loi N° 2002-03 [974635d3].pdf (0.0 Mo, application/pdf)
[2026-09-05 12:06:15] OK - Loi N° 90-036 [9631eec3].pdf (0.2 Mo, application/pdf)
[2026-09-05 12:06:15] OK - Loi N° 97-044 du 06 janvier 1998 [9ed38982].pdf (0.2 Mo, application/pdf)
[2026-09-05 12:06:15] OK - Loi N° 90-037 [8d732d5b].pdf (0.9 Mo, application/pdf)
[2026-09-05 12:06:15] OK - Loi N° 98-005 [9c28dddb].pdf (0.4 Mo, application/pdf)
[2026-09-05 12:06:15] OK - LOI N°2002-03 DU 29 AVRIL 2002 [417332ac].jpg (0.0 Mo, image/jpeg)
[2026-09-05 12:06:15] OK - LOI N°97-026 DU 7 JUILLET 1997 [abc59fa0].jpg (0.0 Mo, image/jpeg)
[2026-09-05 12:06:16] OK - Loi N° 97-037 du 04 septembre 1997 [af41d20d].pdf (0.0 Mo, application/pdf)
[2026-09-05 12:06:16] OK - Loi N° 2001-01 [add4ddba].pdf (0.1 Mo, application/pdf)
[2026-09-05 12:06:16] OK - LOI N°2002-11 du 21 Juin 2002 [41144f0e].jpg (0.0 Mo, image/jpeg)
[2026-09-05 12:06:16] OK - LOI N°2002-06 DU 29 AVRIL 2002 [41e21e1c].jpg (0.0 Mo, image/jpeg)
[2026-09-05 12:06:16] OK - Loi N° 97-026 du 7 juillet 1997 [426ac9ab].pdf (0.0 Mo, application/pdf)
[2026-09-05 12:06:16] OK - LOI N°93-001 DU 1er FEVRIER 1993 [42c74e53].jpg (0.0 Mo, image/jpeg)
[2026-09-05 12:06:16] OK - LOI N°2002-04 du 29 Avril 2002 [4ce7c639].jpg (0.0 Mo, image/jpeg)
[2026-09-05 12:06:16] OK - Loi N° 93-002 du 01 février 1993 [476badaa].pdf (0.1 Mo, application/pdf)
[2026-09-05 12:06:16] OK - LOI N°98-009 du 25 Février 1998 [635c4761].jpg (0.0 Mo, image/jpeg)
[2026-09-05 12:06:16] OK - LOI N°89-19 du 12 Mai 1989 [510e06f2].jpg (0.0 Mo, image/jpeg)
[2026-09-05 12:06:16] OK - Loi N° 98-004 [f074f648].pdf (3.5 Mo, application/pdf)
[2026-09-05 12:06:16] OK - LOI N°97-023 du 20 Juin 1997 [5c3898cc].jpg (0.0 Mo, image/jpeg)
[2026-09-05 12:06:17] OK - Loi N° 97-042 du 10 septembre 1997 [5c772238].pdf (0.1 Mo, application/pdf)
[2026-09-05 12:06:17] OK - LOI N°2002-07 du 21 Août 2004 [6074b906].jpg (0.0 Mo, image/jpeg)
[2026-09-05 12:06:17] OK - LOI N°2002-07 du 24 Août 2004 [628d25a3].jpg (0.0 Mo, image/jpeg)
[2026-09-05 12:06:17] OK - LOI N°90-037 du 31 Décembre 1990 [509027c3].jpg (0.0 Mo, image/jpeg)
[2026-09-05 12:06:17] OK - LOI N°97-035 du 4 Septembre 1997 [64d9943c].jpg (0.0 Mo, image/jpeg)
[2026-09-05 12:06:17] OK - Loi N° 97-039 du 04 septembre 1997 [806a08af].pdf (0.0 Mo, application/pdf)
[2026-09-05 12:06:17] OK - LOI N°2002-01 du 12 Février 2002 [6c410205].jpg (0.0 Mo, image/jpeg)
[2026-09-05 12:06:18] OK - LOI N°93-002 DU 1er FEVRIER 1993 [6e1c2649].jpg (0.0 Mo, image/jpeg)
[2026-09-05 12:06:18] OK - LOI N°97-042 DU 10 SEPTEMBRE [71a5a188].jpg (0.0 Mo, image/jpeg)
[2026-09-05 12:06:18] OK - Loi N° 90-035 [733f4d11].pdf (0.8 Mo, application/pdf)
[2026-09-05 12:06:18] OK - LOI N°97-044 DU 06 JANVIER 1998 [74194dcf].jpg (0.0 Mo, image/jpeg)
[2026-09-05 12:06:18] OK - Loi N° 97-028 15 janvier 1999 [7bc38ce2].pdf (0.6 Mo, application/pdf)
[2026-09-05 12:06:18] OK - LOI N°98-001 DU 16 JANVIER 1998 [7bbb0a89].jpg (0.0 Mo, image/jpeg)
[2026-09-05 12:06:18] OK - Loi N° 98-007 [80d00606].pdf (0.6 Mo, application/pdf)
[2026-09-05 12:06:19] OK - LOI N°2002-04 du 29 Avril 2002 [8472bc5f].jpg (0.0 Mo, image/jpeg)
[2026-09-05 12:06:19] OK - LOI N°2002-10 du 21 Juin 2002 [84794b42].jpg (0.0 Mo, image/jpeg)
[2026-09-05 12:06:19] OK - Loi N° 2002-04 [88a0d6c5].pdf (0.0 Mo, application/pdf)
[2026-09-05 12:06:19] OK - LOI N°94-001 du 3 Février 1994 [6da3524d].jpg (0.0 Mo, image/jpeg)
[2026-09-05 12:06:19] OK - LOI N°90-035 du 31 Décembre 1990 [8a6c68c0].jpg (0.0 Mo, image/jpeg)
[2026-09-05 12:06:19] OK - LOI N°94-009 du 28 Juillet 1994 [779f8f13].jpg (0.0 Mo, image/jpeg)
[2026-09-05 12:06:19] OK - Loi N° 99-005 du 19 janvier 1999 [7764cac8].pdf (0.0 Mo, application/pdf)
[2026-09-05 12:06:19] OK - Loi N° 2000-19 [743a6ceb].pdf (0.2 Mo, application/pdf)
[2026-09-05 12:06:19] OK - LOI N°93-003 du 22 Mars 2003 [67cee6f4].jpg (0.0 Mo, image/jpeg)
[2026-09-05 12:06:19] OK - LOI N°99-004 DU 19 JANVIER 1999 [e59d6814].jpg (0.0 Mo, image/jpeg)
[2026-09-05 12:06:19] OK - LOI N°97-005 DU 21 FEVRIER 1997 [df384be5].jpg (0.0 Mo, image/jpeg)
[2026-09-05 12:06:19] OK - LOI N°97-021 DU 20 Juin 1997 [8a70b7dd].jpg (0.0 Mo, image/jpeg)
[2026-09-05 12:06:20] OK - LOI N°97-004 DU 29 JANVIER 1997 [e174de74].jpg (0.0 Mo, image/jpeg)
[2026-09-05 12:06:20] OK - LOI N°97-38 DU 04 SEPTEMBRE 1997 [e1b3aeab].jpg (0.0 Mo, image/jpeg)
[2026-09-05 12:06:20] OK - Loi N° 94-025 du 16 décembre 1994 [ee245125].pdf (0.1 Mo, application/pdf)
[2026-09-05 12:06:20] OK - LOI N°97-011 DU 17 MARS 1997 [8765cfed].jpg (0.0 Mo, image/jpeg)
[2026-09-05 12:06:20] OK - LOI N°97-036 DU 04 SEPTEMBRE 1997 [ee68381d].jpg (0.0 Mo, image/jpeg)
[2026-09-05 12:06:20] OK - LOI N°2000-21 DU 28 DECEMBRE 2000 [d0033754].jpg (0.0 Mo, image/jpeg)
[2026-09-05 12:06:20] OK - LOI N°94-007 DU 06 JUIILLET 1994 [f025eb59].jpg (0.0 Mo, image/jpeg)
[2026-09-05 12:06:20] OK - LOI N°96-022 DU 14 AOÛT 1996 [f60e3048].jpg (0.0 Mo, image/jpeg)
[2026-09-05 12:06:20] OK - LOI N°97-029 DU 15 JANVIER 1999 [f7798c97].jpg (0.0 Mo, image/jpeg)
[2026-09-05 12:06:20] OK - LOI N°94-025 DU 16 DECEMBRE 1994 [f40694de].jpg (0.0 Mo, image/jpeg)
[2026-09-05 12:06:20] OK - Loi N° 97-005 du 21 Février 1997 [f07e16f6].pdf (0.0 Mo, application/pdf)
[2026-09-05 12:06:20] OK - LOI N°97-029 DU 15 JANVIER 1999 [89598ae6].jpg (0.0 Mo, image/jpeg)
[2026-09-05 12:06:21] OK - LOI N°99-003 DU 19 JANVIER 1999 [ff28347d].jpg (0.0 Mo, image/jpeg)
[2026-09-05 12:06:21] OK - Loi N° 97-036 du 04 septembre 1997 [c88c6ba0].pdf (0.0 Mo, application/pdf)
[2026-09-05 12:06:21] OK - LOI N°97-032 DU 28 AOÛT 1997 [bcbdf730].jpg (0.0 Mo, image/jpeg)
[2026-09-05 12:06:21] OK - LOI N°98-026 DU 17 AOÛT 1998 [c5e7fb96].jpg (0.0 Mo, image/jpeg)
[2026-09-05 12:06:21] OK - Loi N° 94-001 du 3 février 1994 [05622288].pdf (0.0 Mo, application/pdf)
[2026-09-05 12:06:21] OK - Loi N° 94-022 du 16 décembre 1994 [c0e748b7].pdf (0.1 Mo, application/pdf)
[2026-09-05 12:06:21] OK - Loi N° 94-007 du 06 juillet 1994 [15fdb5ed].pdf (0.1 Mo, application/pdf)
[2026-09-05 12:06:21] OK - LOI N°2000-14 DU 17 JUILLET 2000 [dbe499ff].jpg (0.0 Mo, image/jpeg)
[2026-09-05 12:06:21] OK - Loi N° 96-21 [01b2b97e].pdf (0.0 Mo, application/pdf)
[2026-09-05 12:06:21] OK - Loi N° 97-011 du 17 mars 1997 [01afc527].pdf (0.0 Mo, application/pdf)
[2026-09-05 12:06:21] OK - Loi N° 95-015 [0b31052d].pdf (0.2 Mo, application/pdf)
[2026-09-05 12:06:21] OK - Loi N° 99-003 du 19 janvier 1999 [d1105a12].pdf (0.0 Mo, application/pdf)
[2026-09-05 12:06:22] OK - Loi N° 95-015 du 23 janvier 1996 [25e770df].jpg (0.0 Mo, image/jpeg)
[2026-09-05 12:06:22] OK - LOI N°96-21 DU 14 AOÛT 1996 [29d291a1].jpg (0.0 Mo, image/jpeg)
[2026-09-05 12:06:22] OK - Loi N° 95-012 [2d508125].pdf (0.1 Mo, application/pdf)
[2026-09-05 12:06:22] OK - Loi N° 97-004 du 29 Janvier 1997 [31485fc4].pdf (0.1 Mo, application/pdf)
[2026-09-05 12:06:22] OK - LOI N°99-003 du 19 Janvier 1999 [35352678].jpg (0.0 Mo, image/jpeg)
[2026-09-05 12:06:22] OK - LOI N°99-002 DU 13 JANVIER 1999 [3b78f8c3].jpg (0.0 Mo, image/jpeg)
[2026-09-05 12:06:22] OK - LOI N°97-020 du 17 juin 1997 [397f514f].jpg (0.0 Mo, image/jpeg)
[2026-09-05 12:06:22] OK - LOI N°96-21 du 14 Août 1996 [414523ca].jpg (0.0 Mo, image/jpeg)
[2026-09-05 12:06:22] OK - LOI N°94-014 DU 17 JANVIER 1995 [3a8fb0d0].jpg (0.0 Mo, image/jpeg)
[2026-09-05 12:06:22] OK - LOI N°99-004 du 19 janvier 1999 [460ba97d].jpg (0.0 Mo, image/jpeg)
[2026-09-05 12:06:22] OK - Loi N° 96-22 [3de2c5a0].pdf (0.0 Mo, application/pdf)
[2026-09-05 12:06:22] OK - LOI N°90-034 du 31 Décembre 1990 [48b2b28b].jpg (0.0 Mo, image/jpeg)
[2026-09-05 12:06:23] OK - LOI N°2000-15 DU 20 JUILLET 2000 [47ea37e0].jpg (0.0 Mo, image/jpeg)
[2026-09-05 12:06:23] OK - Loi N° 97-018 du 10 juin 1997 [47db2835].pdf (0.0 Mo, application/pdf)
[2026-09-05 12:06:23] OK - Loi N° 97-021 du 20 juin 1997 [4a3ef48b].pdf (0.1 Mo, application/pdf)
[2026-09-05 12:06:23] OK - LOI N°97-021 DU 20 Juin 1997 [51ceed3e].jpg (0.0 Mo, image/jpeg)
[2026-09-05 12:06:23] OK - Loi N° 98-002 [4eb66343].pdf (0.0 Mo, application/pdf)
[2026-09-05 12:06:23] OK - LOI N°99-046 du 19 Janvier 1993 [51fa31a0].jpg (0.0 Mo, image/jpeg)
[2026-09-05 12:06:23] OK - Loi N° 97-040 du 08 septembre 1997 [531d5275].pdf (0.1 Mo, application/pdf)
[2026-09-05 12:06:23] OK - LOI N°97-38 du 04 Septembre 1997 [579d96ae].jpg (0.0 Mo, image/jpeg)
[2026-09-05 12:06:23] OK - Loi N° 94-008 du 13 juillet 1994 [5892a0d9].pdf (0.1 Mo, application/pdf)
[2026-09-05 12:06:23] OK - Loi N° 99-004 du 19 janvier 1999 [4f2e71d0].pdf (0.0 Mo, application/pdf)
[2026-09-05 12:06:24] OK - Loi N° 99-002 du 13 janvier 1999 [31d577e9].pdf (4.4 Mo, application/pdf)
[2026-09-05 12:06:24] OK - Loi N° 94-014 du 17 janvier 1995 [5939ea20].pdf (0.1 Mo, application/pdf)
[2026-09-05 12:06:24] OK - LOI N°95-014 du 16 Septembre1995 [622e846f].jpg (0.0 Mo, image/jpeg)
[2026-09-05 12:06:24] OK - LOI N°94-003 du 11 Avril 1994 [628f0787].jpg (0.0 Mo, image/jpeg)
[2026-09-05 12:06:24] OK - Loi N° 94-009 du 28 juillet 1994 [5de31d76].pdf (0.5 Mo, application/pdf)
[2026-09-05 12:06:24] OK - Loi N° 97-020 du 17 juin 1997 [56d9d907].pdf (0.4 Mo, application/pdf)
[2026-09-05 12:06:24] OK - Loi N° 95-014 [65df3cc1].pdf (0.1 Mo, application/pdf)
[2026-09-05 12:06:24] OK - LOI N°99-002 DU 13 JANVIER 1999 [9f02c265].jpg (0.0 Mo, image/jpeg)
[2026-09-05 12:06:24] OK - LOI N°97-040 du 8 Septembre 1997 [8d7cca1e].jpg (0.0 Mo, image/jpeg)
[2026-09-05 12:06:24] OK - Loi N° 97-015 du 6 juin 1997 [906fb064].pdf (0.1 Mo, application/pdf)
[2026-09-05 12:06:24] OK - LOI N°97-036 DU 04 SEPTEMBRE 1997 [91d7782e].jpg (0.0 Mo, image/jpeg)
[2026-09-05 12:06:24] OK - Loi N° 99-006 du19 Janvier 1999 [96fee3c2].pdf (0.0 Mo, application/pdf)
[2026-09-05 12:06:25] OK - Loi N° 98-01 [93c14a39].pdf (0.3 Mo, application/pdf)
[2026-09-05 12:06:25] OK - Loi N° 97-038 du 04 septembre 1997 [9c1e2273].pdf (0.0 Mo, application/pdf)
[2026-09-05 12:06:25] OK - Loi N° 90-033 [9b1f4740].pdf (0.6 Mo, application/pdf)
[2026-09-05 12:06:25] OK - LOI N°97-020 DU 17 JUIN 1997 [a2849b92].jpg (0.0 Mo, image/jpeg)
[2026-09-05 12:06:25] OK - Loi N° 2000-18 [a48a8586].pdf (1.4 Mo, application/pdf)
[2026-09-05 12:06:25] OK - LOI N°2000-11 DU 4 JUILLET 2000 [a71af2a8].jpg (0.0 Mo, image/jpeg)
[2026-09-05 12:06:25] OK - LOI N°95-12 DU 25 SEPTEMBRE 1995 [aa6e52e9].jpg (0.0 Mo, image/jpeg)
[2026-09-05 12:06:25] OK - Loi N° 94-003 du 11 avril 1994 [abf23892].pdf (0.1 Mo, application/pdf)
[2026-09-05 12:06:25] OK - LOI N°96-18 du 14 Août1986 [8c308f76].jpg (0.0 Mo, image/jpeg)
[2026-09-05 12:06:26] OK - Loi N° 95-013 [aac4400e].pdf (0.4 Mo, application/pdf)
[2026-09-05 12:06:26] OK - LOI N°97-040 DU 08 SEPTEMBRE 1997 [b11ce115].jpg (0.0 Mo, image/jpeg)
[2026-09-05 12:06:26] OK - Loi N° 97-032 du 28 aout 1997 [b110b785].pdf (0.0 Mo, application/pdf)
[2026-09-05 12:06:26] OK - LOI N°2017-04 du 19 Octobre 2017 [9274cde6].jpg (0.0 Mo, image/jpeg)
[2026-09-05 12:06:26] OK - Loi N° 2000-01 [95cd41f8].pdf (0.0 Mo, application/pdf)
[2026-09-05 12:06:26] OK - Loi N° 97-003 du 28 janvier 1997 [92f9ea3b].pdf (0.1 Mo, application/pdf)
[2026-09-05 12:06:26] OK - LOI N°97-033 DU 28 AOUT 1997 [a75d3b03].jpg (0.0 Mo, image/jpeg)
[2026-09-05 12:06:26] OK - Loi N° 96-017 [9e65ec23].pdf (0.1 Mo, application/pdf)
[2026-09-05 12:06:26] OK - Loi N° 96-20 [9fdab58b].pdf (0.1 Mo, application/pdf)
[2026-09-05 12:06:26] OK - Loi N° 94-024 du 16 décembre 1994 [9b89cfdd].pdf (0.1 Mo, application/pdf)
[2026-09-05 12:06:26] OK - Loi N° 96-19 [a72e67da].pdf (0.1 Mo, application/pdf)
[2026-09-05 12:06:27] OK - LOI N°96-18 DU 14 AOÛT 1996 [aedbbbf6].jpg (0.0 Mo, image/jpeg)
[2026-09-05 12:06:27] OK - Loi N° 97-029 du 15 janvier 1999 [b0c46a0d].pdf (1.5 Mo, application/pdf)
[2026-09-05 12:06:27] OK - LOI N°86-006 DU 26 FEVRIER 1986 [adde5341].jpg (0.0 Mo, image/jpeg)
[2026-09-05 12:06:27] OK - LOI N°2000-05 DU 22 MARS 2000 [aadcb7b5].jpg (0.0 Mo, image/jpeg)
[2026-09-05 12:06:27] OK - Loi N° 90-034 [a88d03df].pdf (2.4 Mo, application/pdf)
[2026-09-05 12:06:27] OK - Loi N° 95-006 [be183e7d].pdf (0.1 Mo, application/pdf)
[2026-09-05 12:06:27] OK - Loi N° 97-012 du 6 juin 1997 [b52d9cb9].pdf (0.1 Mo, application/pdf)
[2026-09-05 12:06:27] OK - Loi N° 94-019 du 16 décembre 1994 [b6ddc812].pdf (0.3 Mo, application/pdf)
[2026-09-05 12:06:27] OK - LOI N°2000-09 DU 4 JUILLET 2000 [c1b68c45].jpg (0.0 Mo, image/jpeg)
[2026-09-05 12:06:27] OK - LOI N°99-007 DU 19 JANVIER 1999 [b53e7d37].jpg (0.0 Mo, image/jpeg)
[2026-09-05 12:06:28] OK - Loi N° 2000-02 [c26cdb67].pdf (0.0 Mo, application/pdf)
[2026-09-05 12:06:28] OK - LOI N°96-019 DU 14 AOÛT 1996 [c439f97a].jpg (0.0 Mo, image/jpeg)
[2026-09-05 12:06:28] OK - Loi N° 94-023 du 16 décembre 1994 [b95e76ab].pdf (0.1 Mo, application/pdf)
[2026-09-05 12:06:28] OK - LOI N°95-007 DU 22 AOÛT 1995 [ce4b072c].jpg (0.0 Mo, image/jpeg)
[2026-09-05 12:06:28] OK - LOI N°97-016 DU 10 JUIN 1997 [c4f6a954].jpg (0.0 Mo, image/jpeg)
[2026-09-05 12:06:28] OK - Loi N° 96-18 [c0fe1be5].pdf (0.3 Mo, application/pdf)
[2026-09-05 12:06:28] OK - Loi N° 99-011 du 05 février 1999 [d551668b].pdf (0.0 Mo, application/pdf)
[2026-09-05 12:06:28] OK - LOI N°2000-07 du 22 Mai 2000 [742c71e5].jpg (0.0 Mo, image/jpeg)
[2026-09-05 12:06:28] OK - Loi N° 97-033 du 28 août 1997 [d78a96dd].pdf (0.0 Mo, application/pdf)
[2026-09-05 12:06:28] OK - Loi N° 97-010 du 20 août 1997 [92e2862e].pdf (1.5 Mo, application/pdf)
[2026-09-05 12:06:28] OK - Loi N° 97-016 du 10 juin 1997 [d56c82ba].pdf (0.0 Mo, application/pdf)
[2026-09-05 12:06:28] OK - LOI N°94-024 du 16 Décembre 1994 [677b48d2].jpg (0.0 Mo, image/jpeg)
[2026-09-05 12:06:29] OK - Loi N° 95-011 [da567202].pdf (0.1 Mo, application/pdf)
[2026-09-05 12:06:29] OK - Loi N° 95-007 [71ade21b].pdf (0.1 Mo, application/pdf)
[2026-09-05 12:06:29] OK - Loi N° 94-028 du 26 décembre 1994 [7e2f3499].pdf (0.1 Mo, application/pdf)
[2026-09-05 12:06:29] OK - LOI N°93-009 DU 2 JUILLET 1993 [c3a64523].jpg (0.0 Mo, image/jpeg)
[2026-09-05 12:06:29] OK - LOI N°97-017 DU 10 JUIN 1997 [e5fc723b].jpg (0.0 Mo, image/jpeg)
[2026-09-05 12:06:29] OK - Loi N° 95-005 [7a5d95e5].pdf (0.0 Mo, application/pdf)
[2026-09-05 12:06:29] OK - LOI N°97-016 du 10 Juin 1997 [8815decc].jpg (0.0 Mo, image/jpeg)
[2026-09-05 12:06:29] OK - Loi N° 99-007 du 19 janvier 1999 [817d7742].pdf (0.0 Mo, application/pdf)
[2026-09-05 12:06:29] OK - LOI N°99-010 DU 05 FEVRIER 1999 [e08ac2a5].jpg (0.0 Mo, image/jpeg)
[2026-09-05 12:06:29] OK - LOI N°2000-04 DU 22 MARS 2000 [dedb4b78].jpg (0.0 Mo, image/jpeg)
[2026-09-05 12:06:30] OK - LOI N°94-019 DU 16 DECEMBRE 1994 [f1cd7a00].jpg (0.0 Mo, image/jpeg)
[2026-09-05 12:06:30] OK - LOI N°97-033 du 28 Août 1997 [43957b05].jpg (0.0 Mo, image/jpeg)
[2026-09-05 12:06:30] OK - LOI N°97-006 DU 21 FEVRIER 1997 [f5b8e599].jpg (0.0 Mo, image/jpeg)
[2026-09-05 12:06:30] OK - LOI N°95-006 DU 22 AOÛT 1995 [f48e14b0].jpg (0.0 Mo, image/jpeg)
[2026-09-05 12:06:30] OK - Loi N° 95-004 [178e91f6].pdf (0.0 Mo, application/pdf)
[2026-09-05 12:06:30] OK - LOI N°99-011 du 05 Février 1999 [4ec852f1].jpg (0.0 Mo, image/jpeg)
[2026-09-05 12:06:30] OK - LOI N°97-010 du 20 Août 1997 [5b2f105a].jpg (0.0 Mo, image/jpeg)
[2026-09-05 12:06:30] OK - LOI N°96-017 du 11 Juillet 1996 [64041c29].jpg (0.0 Mo, image/jpeg)
[2026-09-05 12:06:30] OK - LOI N°97-024 du 24 Juin 1997 [5852bb4e].jpg (0.0 Mo, image/jpeg)
[2026-09-05 12:06:30] OK - LOI N°96-028 du 25 Décembre 1996 [62824bda].jpg (0.0 Mo, image/jpeg)
[2026-09-05 12:06:30] OK - Loi N° 97-024 du 24 juin 1997 [5b1c1b84].pdf (0.0 Mo, application/pdf)
[2026-09-05 12:06:30] OK - Loi N° 95-010 [4fc63bff].pdf (0.1 Mo, application/pdf)
[2026-09-05 12:06:30] OK - Loi N° 97-027 du 08 août 1997 [62d73b93].pdf (0.7 Mo, application/pdf)
[2026-09-05 12:06:30] OK - LOI N°95-010 DU 25 SEPTEMBRE 1995 [f65b3b43].jpg (0.0 Mo, image/jpeg)
[2026-09-05 12:06:31] OK - Loi N° 97-017 du 10 juin 1997 [08bc9561].pdf (0.1 Mo, application/pdf)
[2026-09-05 12:06:31] OK - Loi N° 97-006 du 21 février 1997 [17fd6b6c].pdf (0.0 Mo, application/pdf)
[2026-09-05 12:06:31] OK - Loi N° 95-008 [251ba97b].pdf (0.1 Mo, application/pdf)
[2026-09-05 12:06:31] OK - Loi N° 95-009 [23efa45c].pdf (0.1 Mo, application/pdf)
[2026-09-05 12:06:31] OK - LOI N°2000-02 DU 17 JANVIER 2000 [29b76299].jpg (0.0 Mo, image/jpeg)
[2026-09-05 12:06:31] OK - Loi N° 99-008 du 15 mai 2001 [28181728].pdf (0.1 Mo, application/pdf)
[2026-09-05 12:06:31] OK - LOI N°2000-10 DU 4 JUILLET 2000 [2a363cf9].jpg (0.0 Mo, image/jpeg)
[2026-09-05 12:06:31] OK - LOI N°97-010 du 29 Août 1997 [2d7d54fa].jpg (0.0 Mo, image/jpeg)
[2026-09-05 12:06:32] OK - Loi N° 99-010 du 05 février 1999 [2ad3dafa].pdf (0.0 Mo, application/pdf)
[2026-09-05 12:06:32] OK - LOI N°95-011 DU 25 SEPTEMBRE 1995 [349982d5].jpg (0.0 Mo, image/jpeg)
[2026-09-05 12:06:32] OK - LOI N°97-24 du 24 Juin 1997 [37516026].jpg (0.0 Mo, image/jpeg)
[2026-09-05 12:06:32] OK - Loi N° 99-009 du 05 février 1999 [361b6ab1].pdf (0.0 Mo, application/pdf)
[2026-09-05 12:06:32] OK - LOI N°2000-08 du 29 Juin 2000 [39c2e469].jpg (0.0 Mo, image/jpeg)
[2026-09-05 12:06:32] OK - LOI N°99-012 DU 05 FEVRIER 1999 [2feb3237].jpg (0.0 Mo, image/jpeg)
[2026-09-05 12:06:32] OK - Loi N° 99-012 du 05 février 1999 [20af977b].pdf (0.0 Mo, application/pdf)
[2026-09-05 12:06:32] OK - Loi N° 92-034 [2ade6c4b].pdf (0.1 Mo, application/pdf)
[2026-09-05 12:06:32] OK - LOI N°99-011 du 05 Février 1999 [377583fa].jpg (0.0 Mo, image/jpeg)
[2026-09-05 12:06:32] OK - LOI N°99-013 du 05 Février 1999 [6d22d9f5].jpg (0.0 Mo, image/jpeg)
[2026-09-05 12:06:32] OK - Loi N° 92-035 [2bf7ab4c].pdf (0.2 Mo, application/pdf)
[2026-09-05 12:06:32] OK - Loi N° 92-031 [2daf20b5].pdf (0.2 Mo, application/pdf)
[2026-09-05 12:06:33] OK - LOI N°99-016 du 12 Mars 1999 [708226de].jpg (0.0 Mo, image/jpeg)
[2026-09-05 12:06:33] OK - LOI N°97-009 du 19 Juin 1997 [405f50d2].jpg (0.0 Mo, image/jpeg)
[2026-09-05 12:06:33] OK - Loi N° 97-014 du 06 Juin 1997 [3e05b854].pdf (0.0 Mo, application/pdf)
[2026-09-05 12:06:33] OK - LOI N°97-009 du 26 Mai 20 1997 [668e61f7].jpg (0.0 Mo, image/jpeg)
[2026-09-05 12:06:33] OK - LOI N°94-017 du 04 Octobre 1994 [6da4e703].jpg (0.0 Mo, image/jpeg)
[2026-09-05 12:06:33] OK - LOI N°99-015 du 12 Mars 1999 [38f84600].jpg (0.0 Mo, image/jpeg)
[2026-09-05 12:06:33] OK - Loi N° 97-034 du 28 aout 1997 [6e31c2e4].pdf (0.0 Mo, application/pdf)
[2026-09-05 12:06:33] OK - LOI N°97-034 du 28 Août 1997 [723193bf].jpg (0.0 Mo, image/jpeg)
[2026-09-05 12:06:33] OK - LOI N°89-009 du 12 Mai 1989 [7318acb6].jpg (0.0 Mo, image/jpeg)
[2026-09-05 12:06:34] OK - LOI N°97-008 DU 21 FEVRIER 1997 [76f4a30c].jpg (0.0 Mo, image/jpeg)
[2026-09-05 12:06:34] OK - Loi N° 95-002 [76a71b0a].pdf (0.0 Mo, application/pdf)
[2026-09-05 12:06:34] OK - LOI N°2001-25 du 09 Août 2001 [799d9cb0].jpg (0.0 Mo, image/jpeg)
[2026-09-05 12:06:34] OK - Loi N° 92-026 [841543a3].pdf (0.2 Mo, application/pdf)
[2026-09-05 12:06:34] OK - LOI N°97-022 du 20 Juin 1997 [7c5fc3c2].jpg (0.0 Mo, image/jpeg)
[2026-09-05 12:06:34] OK - LOI N°94-015 DU 17 JANVIER 1995 [7c0746be].jpg (0.0 Mo, image/jpeg)
[2026-09-05 12:06:34] OK - Loi N° 95-001 [7a754edf].pdf (0.0 Mo, application/pdf)
[2026-09-05 12:06:34] OK - LOI N°92-023 du 06 Août 1994 [7cc6fa71].jpg (0.0 Mo, image/jpeg)
[2026-09-05 12:06:34] OK - LOI N°92-33 du 30 Décembre 1992 [86cba376].jpg (0.0 Mo, image/jpeg)
[2026-09-05 12:06:34] OK - LOI N°2001-25 du 09 Août 2001 [88e36199].jpg (0.0 Mo, image/jpeg)
[2026-09-05 12:06:35] OK - Loi N° 97-019 [824ac2c3].pdf (0.1 Mo, application/pdf)
[2026-09-05 12:06:35] OK - LOI N°96-013 DU 02 JUILLET 1996 [94e4f73c].jpg (0.0 Mo, image/jpeg)
[2026-09-05 12:06:35] OK - LOI N°92-033 DU 30 DECEMBRE 1992 [982b0720].jpg (0.0 Mo, image/jpeg)
[2026-09-05 12:06:35] OK - Loi N° 99-015 du 12 mars 1999 [892cabe3].pdf (0.1 Mo, application/pdf)
[2026-09-05 12:06:35] OK - Loi N° 97-022 du 20 juin 1997 [8d1d3249].pdf (0.0 Mo, application/pdf)
[2026-09-05 12:06:35] OK - Loi N° 94-017 du 04 octobre 1994 [8cf65c94].pdf (0.1 Mo, application/pdf)
[2026-09-05 12:06:35] OK - Loi N° 97-007 du 21 février 1997 [998a768e].pdf (0.1 Mo, application/pdf)
[2026-09-05 12:06:35] OK - Loi N° 94-013 du 17 janvier 1995 [738fd6fe].pdf (1.1 Mo, application/pdf)
[2026-09-05 12:06:35] OK - LOI N°97-002 DU 21 JANVIER 1997 [a3a88b86].jpg (0.0 Mo, image/jpeg)
[2026-09-05 12:06:35] OK - Loi N° 024 [9a5d1e0a].pdf (0.2 Mo, application/pdf)
[2026-09-05 12:06:35] OK - LOI N°97-014 DU 06 JUIN 1997 [a3802b46].jpg (0.0 Mo, image/jpeg)
[2026-09-05 12:06:36] OK - Loi N° 97-041 du 10 septembre 1997 [9e66c5ed].pdf (0.0 Mo, application/pdf)
[2026-09-05 12:06:36] OK - LOI N°2005-21 DU 08 JUILLET 2005 [b16c1e2e].jpg (0.0 Mo, image/jpeg)
[2026-09-05 12:06:36] OK - LOI N°95-003 DU 18 AOÛT 1995 [b85e40be].jpg (0.0 Mo, image/jpeg)
[2026-09-05 12:06:36] OK - LOI N°92-023 DU 06 AOÛT 1992 [b0c4c5f2].jpg (0.0 Mo, image/jpeg)
[2026-09-05 12:06:36] OK - LOI N°92-028 DU 06 AOUT 1992 [b8a60620].jpg (0.0 Mo, image/jpeg)
[2026-09-05 12:06:36] OK - Loi N° 97-002 du 21 Janvier 1997 [a7dbefcc].pdf (0.2 Mo, application/pdf)
[2026-09-05 12:06:36] OK - LOI N°97-014 DU 06 JUIN 1997 [b3d55d12].jpg (0.0 Mo, image/jpeg)
[2026-09-05 12:06:37] OK - LOI N°99-015 DU 12 MARS 1999 [c5278c22].jpg (0.0 Mo, image/jpeg)
[2026-09-05 12:06:37] OK - LOI N°2001-12 DU 07 JUILLET 2001 [c3ca5d1a].jpg (0.0 Mo, image/jpeg)
[2026-09-05 12:06:37] OK - LOI N°97-001 DU 21 JANVIER 1997 [d045fe68].jpg (0.0 Mo, image/jpeg)
[2026-09-05 12:06:37] OK - LOI N°92-031 DU 26 AOÛT 1992 [d0c1e4f9].jpg (0.0 Mo, image/jpeg)
[2026-09-05 12:06:37] OK - LOI N°96-016 du 09 Juillet 1996 [4baaf64b].jpg (0.0 Mo, image/jpeg)
[2026-09-05 12:06:37] OK - LOI N°97-041 du 10 Septembre 1997 [41388ab0].jpg (0.0 Mo, image/jpeg)
[2026-09-05 12:06:37] OK - Loi N° 92-033 [ca10c288].pdf (0.1 Mo, application/pdf)
[2026-09-05 12:06:38] OK - Loi N° 97-030 du 20 août 1997 [4eb33c37].pdf (0.0 Mo, application/pdf)
[2026-09-05 12:06:38] OK - Loi N° 92-032 [d989e433].pdf (0.2 Mo, application/pdf)
[2026-09-05 12:06:38] OK - Loi N° 99-016 du 12 mars 1999 [50a3a318].pdf (0.0 Mo, application/pdf)
[2026-09-05 12:06:38] OK - Loi N° 92-027 [d6fbe80d].pdf (0.2 Mo, application/pdf)
[2026-09-05 12:06:38] OK - Loi N° 97-001 du 21 janvier 1997 [b8dd32fa].pdf (0.8 Mo, application/pdf)
[2026-09-05 12:06:38] OK - LOI N°92-014du 12 Avril 2001 [52b8770a].jpg (0.0 Mo, image/jpeg)
[2026-09-05 12:06:38] OK - LOI N°95-002 DU 18 AOÛT 1995 [514ee3b0].jpg (0.0 Mo, image/jpeg)
[2026-09-05 12:06:39] OK - Loi N° 96-016 [495176cc].pdf (0.1 Mo, application/pdf)
[2026-09-05 12:06:39] OK - LOI N°97-025 DU 18 JUILLET 1997 [001657d6].pdf (20.4 Mo, application/pdf)
[2026-09-05 12:06:39] OK - Loi N° 92-030 [544a65eb].pdf (0.2 Mo, application/pdf)
[2026-09-05 12:06:39] OK - Loi N° 92-028 [5717b118].pdf (0.2 Mo, application/pdf)
[2026-09-05 12:06:39] OK - LOI N°99-014 du 12 Avril 2000 [63db3fad].jpg (0.0 Mo, image/jpeg)
[2026-09-05 12:06:39] OK - Loi N° 92-022 [62807f33].pdf (0.3 Mo, application/pdf)
[2026-09-05 12:06:39] OK - Loi N° 97-008 du 21 février 1997 [eec88be7].pdf (0.0 Mo, application/pdf)
[2026-09-05 12:06:39] OK - Loi N° 92-029 [57b18311].pdf (1.2 Mo, application/pdf)
[2026-09-05 12:06:39] OK - Loi N° 94-012 du 06 octobre 1994 [df3b3bc5].pdf (0.1 Mo, application/pdf)
[2026-09-05 12:06:40] OK - Loi N° 97-025 du 18 juillet 1997 [ef4699b0].pdf (2.1 Mo, application/pdf)
[2026-09-05 12:06:40] OK - LOI N°2010-01 DU 08 JANVIER 2010 [e51ca381].jpg (0.0 Mo, image/jpeg)
[2026-09-05 12:06:40] OK - LOI N°97-030 DU 20 AOÛT 1997 [f3189352].jpg (0.0 Mo, image/jpeg)
[2026-09-05 12:06:40] OK - Loi N° 96-013 [e7730d54].pdf (0.1 Mo, application/pdf)
[2026-09-05 12:06:40] OK - Loi N° 92-023 [f1463415].pdf (0.3 Mo, application/pdf)
[2026-09-05 12:06:40] OK - LOI N°97-019 DU 10 JUIN 1997 [df135a32].jpg (0.0 Mo, image/jpeg)
[2026-09-05 12:06:40] OK - Loi N° 92-021 [f07c15c3].pdf (0.8 Mo, application/pdf)
[2026-09-05 12:06:40] OK - LOI N°94-012 DU 06 OCTOBRE 1994 [f118f3ab].jpg (0.0 Mo, image/jpeg)
[2026-09-05 12:06:41] OK - LOI N°92-03 DU 30 DECEMBRE 1992 [e627409f].jpg (0.0 Mo, image/jpeg)
[2026-09-05 12:06:41] OK - LOI N°92-026 DU 06 AOÛT 1992 [edacca25].jpg (0.0 Mo, image/jpeg)
[2026-09-05 12:06:41] OK - Loi N° 99-013 du 05 février 1999 [f67dcf35].pdf (0.0 Mo, application/pdf)
[2026-09-05 12:06:41] OK - Loi N° 95-003 [f904ec6e].pdf (0.0 Mo, application/pdf)
[2026-09-05 12:06:41] OK - LOI N°97-009 DU 26 MAI 1997 [faa5d7f1].jpg (0.0 Mo, image/jpeg)
[2026-09-05 12:06:41] OK - LOI N°97-041 DU 19 SEPTEMBRE 1997 [febc4c97].jpg (0.0 Mo, image/jpeg)
[2026-09-05 12:06:41] OK - Loi N° 97-009 du 26 mai 1997 [fdc55fd0].pdf (0.1 Mo, application/pdf)
[2026-09-05 12:06:41] OK - Loi N° 90-021 [ebc44479].pdf (0.1 Mo, application/pdf)
[2026-09-05 12:06:42] OK - Loi N° 92-025 [fd6b177b].pdf (0.2 Mo, application/pdf)
[2026-09-05 12:06:42] OK - Loi N° 2001-25 [fd8c0ca4].pdf (0.0 Mo, application/pdf)
[2026-09-05 12:06:42] OK - LOI N°94-006 DU 22 JUIN 1994 [f6774a54].jpg (0.0 Mo, image/jpeg)
[2026-09-05 12:06:42] OK - Loi N° 96-014 [f052d9f1].pdf (0.0 Mo, application/pdf)
[2026-09-05 12:06:42] OK - Loi N° 91-004 du 11 février 1991 [e24a874b].pdf (1.3 Mo, application/pdf)
[2026-09-05 12:06:42] OK - LOI N°99-20 DU 29 JUILLET 1999 [f345d768].jpg (0.0 Mo, image/jpeg)
[2026-09-05 12:06:42] OK - Loi N° 91-002 bis du 23 aout 1991 [f5ad9faa].pdf (0.1 Mo, application/pdf)
[2026-09-05 12:06:42] OK - LOI N°91-009 DU 31 MAI 2001 [f5d4288d].jpg (0.0 Mo, image/jpeg)
[2026-09-05 12:06:42] OK - Loi N° 92-018 [f4b4b09d].pdf (0.1 Mo, application/pdf)
[2026-09-05 12:06:42] OK - Loi N° 99-20 du 29 juillet 1999 [e0b79a14].pdf (0.1 Mo, application/pdf)
[2026-09-05 12:06:42] OK - LOI N°90-018 DU 27 JUILLET 1990 [9babdf22].jpg (0.0 Mo, image/jpeg)
[2026-09-05 12:06:43] OK - Loi N° 90-017 [f8af30c4].pdf (0.2 Mo, application/pdf)
[2026-09-05 12:06:43] OK - Loi N° 92-016 [fd8e67f8].pdf (0.1 Mo, application/pdf)
[2026-09-05 12:06:43] OK - Loi N° 91-008 bis du 03 Octobre 1991 [aa3ea992].pdf (0.1 Mo, application/pdf)
[2026-09-05 12:06:43] OK - LOI N°92-018 DU 13 JUILLET 1992 [97690704].jpg (0.0 Mo, image/jpeg)
[2026-09-05 12:06:43] OK - LOI N°94-015 DU 27 JANVIER 1995 [fcb4297c].jpg (0.0 Mo, image/jpeg)
[2026-09-05 12:06:43] OK - LOI N°92-010 DU 16 JUILLET 1992 [9db02015].jpg (0.0 Mo, image/jpeg)
[2026-09-05 12:06:43] OK - LOI N°96-009 DU 31 MAI 1996 [a05b980e].jpg (0.0 Mo, image/jpeg)
[2026-09-05 12:06:43] OK - LOI N°99-22 DU 02 AOUT 1999 [a461eadb].jpg (0.0 Mo, image/jpeg)
[2026-09-05 12:06:43] OK - LOI N°96-015 du 5 juillet 1996 [8e25f608].jpg (0.0 Mo, image/jpeg)
[2026-09-05 12:06:43] OK - LOI N°94-023 DU 16 DECEMBRE 1994 [ad597d14].jpg (0.0 Mo, image/jpeg)
[2026-09-05 12:06:44] OK - Loi N° 99-22 du 02 août 1999 [98557d3b].pdf (0.1 Mo, application/pdf)
[2026-09-05 12:06:44] OK - Loi N° 91-009 du 3 mai 1991 [ae343ce4].pdf (0.7 Mo, application/pdf)
[2026-09-05 12:06:44] OK - Loi N° 94 -018 du 04 Octobre 1994 [aff8cded].pdf (0.1 Mo, application/pdf)
[2026-09-05 12:06:44] OK - LOI N°99-018 DU 18 JUIN 1999 [b0e6d766].jpg (0.0 Mo, image/jpeg)
[2026-09-05 12:06:44] OK - LOI N°99-22 DU 02 AOUT 1999 [a8f87bd0].jpg (0.0 Mo, image/jpeg)
[2026-09-05 12:06:44] OK - LOI N°94-027 DU 18 MARS 1999 [b2394a11].jpg (0.0 Mo, image/jpeg)
[2026-09-05 12:06:44] OK - Loi N° 99-018 du 18 juin 1999 [03c3b9ce].pdf (0.0 Mo, application/pdf)
[2026-09-05 12:06:44] OK - Loi N° 94-005 du 10 juin 1994 [115bf998].pdf (0.1 Mo, application/pdf)
[2026-09-05 12:06:44] OK - Loi N° 92-017 [0b953fa4].pdf (0.2 Mo, application/pdf)
[2026-09-05 12:06:44] OK - Loi N° 99-19 du 05 août 1999 [1d870388].pdf (0.0 Mo, application/pdf)
[2026-09-05 12:06:45] OK - Loi N° 90-018 [b16a2caa].pdf (1.5 Mo, application/pdf)
[2026-09-05 12:06:45] OK - LOI N°94-018 DU 04 OCTOBRE 1994 [3312aa16].jpg (0.0 Mo, image/jpeg)
[2026-09-05 12:06:45] OK - Loi N° 94-015 du 27 janvier 1995 [06c89399].pdf (0.5 Mo, application/pdf)
[2026-09-05 12:06:45] OK - Loi N° 96-012 [18781af8].pdf (0.1 Mo, application/pdf)
[2026-09-05 12:06:45] OK - Loi N° 92-014 [18b21575].pdf (0.0 Mo, application/pdf)
[2026-09-05 12:06:45] OK - Loi N° 91-012 du 28 mars 1991 [376c2b28].pdf (0.1 Mo, application/pdf)
[2026-09-05 12:06:45] OK - Loi organique N° 94-027 du 18 mars 1999 [23a8609b].pdf (0.3 Mo, application/pdf)
[2026-09-05 12:06:45] OK - LOI N°91-004 DU 11 FEVRIER 1991 [305d96b7].jpg (0.0 Mo, image/jpeg)
[2026-09-05 12:06:45] OK - Loi N° 96-009 [25afc700].pdf (0.1 Mo, application/pdf)
[2026-09-05 12:06:45] OK - LOI N°99-21 du 28 Juillet 1999 [2d65c2de].jpg (0.0 Mo, image/jpeg)
[2026-09-05 12:06:45] OK - Loi N° 99-017 du 18 juin 1999 [39120f46].pdf (0.0 Mo, application/pdf)
[2026-09-05 12:06:45] OK - LOI N°90-019 DU 27 JUILLET 1990 [33a3bcf3].jpg (0.0 Mo, image/jpeg)
[2026-09-05 12:06:46] OK - Loi N° 91-010 bis du 04 octobre 1991 [3a9a29a7].pdf (0.1 Mo, application/pdf)
[2026-09-05 12:06:46] OK - Loi N° 92-020 [37ea5876].pdf (0.1 Mo, application/pdf)
[2026-09-05 12:06:46] OK - LOI N°94-003 DU 10 JUIN 1994 [339416fe].jpg (0.0 Mo, image/jpeg)
[2026-09-05 12:06:46] OK - LOI N°91-010 DU 4 OCTOBRE 1991 [340b225b].jpg (0.0 Mo, image/jpeg)
[2026-09-05 12:06:46] OK - LOI N°92-013 du 15 Juillet 1992 [6cc11741].jpg (0.0 Mo, image/jpeg)
[2026-09-05 12:06:46] OK - LOI N°92-020 du 13 Juillet 1992 [8a4de024].jpg (0.0 Mo, image/jpeg)
[2026-09-05 12:06:46] OK - LOI N°90-021 du 27 Juillet 1990 [76831d95].jpg (0.0 Mo, image/jpeg)
[2026-09-05 12:06:46] OK - Loi N° 91-·009 bis du 4 Octobre 1991 [75119264].pdf (0.1 Mo, application/pdf)
[2026-09-05 12:06:46] OK - LOI N°92-016 DU 13 JUILLET 1992 [7a0e6aae].jpg (0.0 Mo, image/jpeg)
[2026-09-05 12:06:47] OK - LOI N°99-21 DU 28 JUILLET 1999 [80c834e5].jpg (0.0 Mo, image/jpeg)
[2026-09-05 12:06:47] OK - LOI N°91-012 du 26 Mars 1991 [83a37d24].jpg (0.0 Mo, image/jpeg)
[2026-09-05 12:06:47] OK - Loi N° 96-015 [801bfa98].pdf (0.1 Mo, application/pdf)
[2026-09-05 12:06:47] OK - LOI N°92-012 DU 13 JUILLET 1992 [71a86357].jpg (0.0 Mo, image/jpeg)
[2026-09-05 12:06:47] OK - Loi N° 92-015 [89ec52f3].pdf (0.1 Mo, application/pdf)
[2026-09-05 12:06:47] OK - Loi N° 96-010 [8aa87f90].pdf (0.1 Mo, application/pdf)
[2026-09-05 12:06:47] OK - Loi N° 91-001 bis du 16 août 1991 [441dd2e6].pdf (0.1 Mo, application/pdf)
[2026-09-05 12:06:47] OK - Loi N° 90-019 [461ac99b].pdf (0.0 Mo, application/pdf)
[2026-09-05 12:06:47] OK - LOI N°91-008 bis du 03 Octobre 1991 [4b50e341].jpg (0.0 Mo, image/jpeg)
[2026-09-05 12:06:47] OK - LOI N°92-001 du 15 Janvier 1992 [5393ecf3].jpg (0.0 Mo, image/jpeg)
[2026-09-05 12:06:48] OK - Loi N° 90-016 [4e124ee5].pdf (0.0 Mo, application/pdf)
[2026-09-05 12:06:48] OK - LOI N°92-019 du 13 Juillet 1992 [4fd99eb7].jpg (0.0 Mo, image/jpeg)
[2026-09-05 12:06:48] OK - LOI N°90-019 du 27 Juillet 1990 [5912b273].jpg (0.0 Mo, image/jpeg)
[2026-09-05 12:06:48] OK - Loi N° 92-019 [5ea85724].pdf (0.1 Mo, application/pdf)
[2026-09-05 12:06:48] OK - LOI N°91-009 du 31 Mai 2001 [6044ebc5].jpg (0.0 Mo, image/jpeg)
[2026-09-05 12:06:48] OK - LOI N°94-005 du 10 Juin 1994 [63313900].jpg (0.0 Mo, image/jpeg)
[2026-09-05 12:06:48] OK - LOI N°91-012 DU 28 MAI 1991 [47b50c1c].jpg (0.0 Mo, image/jpeg)
[2026-09-05 12:06:48] OK - LOI N°92-020 DU 13 JUILLET 1992 [b3acd147].jpg (0.0 Mo, image/jpeg)
[2026-09-05 12:06:48] OK - LOI N°90-021 DU 27 JUILLET 1990 [dc4dfaab].jpg (0.0 Mo, image/jpeg)
[2026-09-05 12:06:49] OK - Loi N° 94-006 du 22 juin 1994 [61535189].pdf (0.0 Mo, application/pdf)
[2026-09-05 12:06:49] OK - Loi N° 92-013 [b964bb58].pdf (0.1 Mo, application/pdf)
[2026-09-05 12:06:49] OK - Loi N° 99-21 du 28 juillet 1999 [bd101090].pdf (0.0 Mo, application/pdf)
[2026-09-05 12:06:49] OK - LOI N°99-026 DU 07 FEVRIER 2000 [b72a4826].jpg (0.0 Mo, image/jpeg)
[2026-09-05 12:06:49] OK - LOI N°91-009 DU 04 OCTOBRE 1991 [c1f32a01].jpg (0.0 Mo, image/jpeg)
[2026-09-05 12:06:49] OK - LOI N°90-016 DU 30 JUIN 1990 [c7c1f6ed].jpg (0.0 Mo, image/jpeg)
[2026-09-05 12:06:49] OK - Loi N° 92-012 [ccd89dbd].pdf (0.1 Mo, application/pdf)
[2026-09-05 12:06:49] OK - Loi N° 94-021 du 16 décembre 1994 [bec180db].pdf (0.1 Mo, application/pdf)
[2026-09-05 12:06:50] OK - LOI N°99-017 DU 18 JUIN 1999 [cfc7442c].jpg (0.0 Mo, image/jpeg)
[2026-09-05 12:06:50] OK - LOI N°97-013 DU 6 JUIN 1997 [cb41d2a2].jpg (0.0 Mo, image/jpeg)
[2026-09-05 12:06:50] OK - LOI N°91-004 DU 11 FEVRIER 1991 [d5ccd4bc].jpg (0.0 Mo, image/jpeg)
[2026-09-05 12:06:50] OK - Loi N° 97-013 du 6 juin 1997 [d3674af3].pdf (0.1 Mo, application/pdf)
[2026-09-05 12:06:50] OK - LOI N°92-014 DU 13 JUILLET 1992 [d85e2e9a].jpg (0.0 Mo, image/jpeg)
[2026-09-05 12:06:50] OK - LOI N°92-005 DU 25 FEVRIER 1992 [b38ee1e7].jpg (0.0 Mo, image/jpeg)
[2026-09-05 12:06:50] OK - LOI N°92-014 DU 13 JUILLET 1992 [c552f69d].jpg (0.0 Mo, image/jpeg)
[2026-09-05 12:06:50] OK - LOI N°99-25 DU 02 AOÛT 1999 [c1bde479].jpg (0.0 Mo, image/jpeg)
[2026-09-05 12:06:51] OK - Loi N° 92-010 [bee04fba].pdf (0.2 Mo, application/pdf)
[2026-09-05 12:06:51] OK - LOI N°91-005 DU 22 FEVRIER 1991 [c364d480].jpg (0.0 Mo, image/jpeg)
[2026-09-05 12:06:51] OK - Loi N° 92-003 [1502dc70].pdf (0.6 Mo, application/pdf)
[2026-09-05 12:06:51] OK - Loi N° 92-001 [c494ef82].pdf (0.0 Mo, application/pdf)
[2026-09-05 12:06:51] OK - Loi N° 99-24 du 05 août 1999 [c4f74cf9].pdf (0.0 Mo, application/pdf)
[2026-09-05 12:06:51] OK - LOI N°91-001 DU 21 JANVIER 1991 [c8e97893].jpg (0.0 Mo, image/jpeg)
[2026-09-05 12:06:51] OK - LOI N°92-006 DU 30 MARS 1992 [d46807ec].jpg (0.0 Mo, image/jpeg)
[2026-09-05 12:06:51] OK - Loi N° 91-003 du 21 janvier 1991 [d4ffe8d8].pdf (0.0 Mo, application/pdf)
[2026-09-05 12:06:51] OK - LOI N°91-003 bis DU 23 AOUT 1991 [d42a8999].jpg (0.0 Mo, image/jpeg)
[2026-09-05 12:06:51] OK - Loi N° 99-29 du [d79a5453].pdf (0.1 Mo, application/pdf)
[2026-09-05 12:06:52] OK - Loi N° 91-003 bis du 23 aout 1991 [d3e7a9c2].pdf (0.1 Mo, application/pdf)
[2026-09-05 12:06:52] OK - Loi N° 96-005 [da30b952].pdf (0.1 Mo, application/pdf)
[2026-09-05 12:06:52] OK - Loi N° 91-005 du 22 février 1991 [c4555b40].pdf (0.0 Mo, application/pdf)
[2026-09-05 12:06:52] OK - Loi N° 94-026 du 16 décembre 1994 [0ff8c126].pdf (0.1 Mo, application/pdf)
[2026-09-05 12:06:52] OK - Loi N° 92-005 [24b25ec5].pdf (0.1 Mo, application/pdf)
[2026-09-05 12:06:52] OK - LOI N°91-005 DU 21 JANVIER 1991 [2af1afe2].jpg (0.0 Mo, image/jpeg)
[2026-09-05 12:06:52] OK - LOI N°92-008 du 1er Juillet 1992 [355613c0].jpg (0.0 Mo, image/jpeg)
[2026-09-05 12:06:52] OK - Loi N° 90-020 [302dfb26].pdf (0.0 Mo, application/pdf)
[2026-09-05 12:06:52] OK - LOI N°92-005 DU 25 FEVRIER 1992 [df10676f].jpg (0.0 Mo, image/jpeg)
[2026-09-05 12:06:52] OK - LOI N°94-021 DU 16 DECEMBRE 1994 [3bc32062].jpg (0.0 Mo, image/jpeg)
[2026-09-05 12:06:53] OK - Loi N° 91-006 du 25 février 1991 [3fb119d8].pdf (0.5 Mo, application/pdf)
[2026-09-05 12:06:53] OK - Loi N° 91-015 du 12 avril 1991 [01886c0b].pdf (0.2 Mo, application/pdf)
[2026-09-05 12:06:53] OK - Loi N° 94-020 du 16 décembre 1994 [40afa6fd].pdf (0.7 Mo, application/pdf)
[2026-09-05 12:06:53] OK - Loi N° 91-011 bis du 04 octobre 1991 [90c69a59].pdf (0.1 Mo, application/pdf)
[2026-09-05 12:06:53] OK - LOI N°91-002 DU 21 JANVIER 1991 [e47bd4a8].jpg (0.0 Mo, image/jpeg)
[2026-09-05 12:06:53] OK - Loi N° 91-002 du 21 janvier 1991 [e13a0643].pdf (0.1 Mo, application/pdf)
[2026-09-05 12:06:53] OK - LOI N°91-001 DU 21 JANVIER 1991 [f0df9d6c].jpg (0.0 Mo, image/jpeg)
[2026-09-05 12:06:53] OK - LOI N°96-009 DU 30 MAI 1995 [effac595].jpg (0.0 Mo, image/jpeg)
[2026-09-05 12:06:53] OK - LOI N°91-013 DU 12 AVRIL 1991 [ec477603].jpg (0.0 Mo, image/jpeg)
[2026-09-05 12:06:53] OK - LOI N°94-020 DU 16 DECEMBRE 1994 [e901795a].jpg (0.0 Mo, image/jpeg)
[2026-09-05 12:06:53] OK - LOI N°99-24 DANS 05 AOUT 1999 [a90e4c0f].jpg (0.0 Mo, image/jpeg)
[2026-09-05 12:06:53] OK - LOI N°94-021 DU 16 DECEMBRE 1994 [f61a4e5f].jpg (0.0 Mo, image/jpeg)
[2026-09-05 12:06:53] OK - LOI N°91-015 DU 12 AVRIL 1991 [f0c48a05].jpg (0.0 Mo, image/jpeg)
[2026-09-05 12:06:54] OK - LOI N°92-008 DU 1er JUILLET 1992 [f71c7ee8].jpg (0.0 Mo, image/jpeg)
[2026-09-05 12:06:54] OK - LOI N°96-008 DU 30 MAI 1996 [93b77a7d].jpg (0.0 Mo, image/jpeg)
[2026-09-05 12:06:54] OK - LOI N°91-006 DU 25 FEVRIER 1991 [97642286].jpg (0.0 Mo, image/jpeg)
[2026-09-05 12:06:54] OK - LOI N°92-009 DU 1er JUILLET 1992 [ec6e3105].jpg (0.0 Mo, image/jpeg)
[2026-09-05 12:06:54] OK - LOI N°92-003 DU 31 JANVIER 1992 [a4d80e3a].jpg (0.0 Mo, image/jpeg)
[2026-09-05 12:06:54] OK - LOI N°91-011 DU 4 OCTOBRE 1991 [a935241d].jpg (0.0 Mo, image/jpeg)
[2026-09-05 12:06:54] OK - Loi organique N° 91-001 du 21 janvier 1991 [fedd526c].pdf (0.1 Mo, application/pdf)
[2026-09-05 12:06:54] OK - LOI N°96-004 DU 30 MAI 1996 [abfac9f7].jpg (0.0 Mo, image/jpeg)
[2026-09-05 12:06:54] OK - Loi N° 96-008 [5885e8d2].pdf (0.1 Mo, application/pdf)
[2026-09-05 12:06:54] OK - Loi N° 99-026 du 07 février 2000 [5c1a47d0].pdf (0.0 Mo, application/pdf)
[2026-09-05 12:06:54] OK - Loi N° 96-004 [44acb642].pdf (0.1 Mo, application/pdf)
[2026-09-05 12:06:55] OK - LOI N°99-25 DU 02 AOÛT 1999 [448d7dc1].jpg (0.0 Mo, image/jpeg)
[2026-09-05 12:06:55] OK - Loi N° 96-007 [45cb6b2e].pdf (0.1 Mo, application/pdf)
[2026-09-05 12:06:55] OK - Loi N° 99-25 du 02 août 1999 [473cc5f5].pdf (0.0 Mo, application/pdf)
[2026-09-05 12:06:55] OK - LOI N°91-015 DU 12 AVRIL 1991 [b20f57cd].jpg (0.0 Mo, image/jpeg)
[2026-09-05 12:06:55] OK - LOI N°99-29 du 29 Décembre 1999 [533796d4].jpg (0.0 Mo, image/jpeg)
[2026-09-05 12:06:55] OK - LOI N°96-006 du 30 1996 [50950af5].jpg (0.0 Mo, image/jpeg)
[2026-09-05 12:06:55] OK - Loi N° 91-004 bis du 26 aout 1991 [57492f36].pdf (0.1 Mo, application/pdf)
[2026-09-05 12:06:55] OK - Loi N° 92-006 [48b8c4fe].pdf (0.1 Mo, application/pdf)
[2026-09-05 12:06:55] OK - Loi N° 92-004 [4b0573d6].pdf (0.2 Mo, application/pdf)
[2026-09-05 12:06:55] OK - Loi N° 92- 009 [85aa63dd].pdf (0.1 Mo, application/pdf)
[2026-09-05 12:06:55] OK - LOI N°91-003 du 21 Janvier 1991 [5e28591b].jpg (0.0 Mo, image/jpeg)
[2026-09-05 12:06:55] OK - LOI N°92-001 du 16 Janvier 1992 [67b5aac9].jpg (0.0 Mo, image/jpeg)
[2026-09-05 12:06:56] OK - Loi N° 91-013 du 12 Avril 1991 [6298042b].pdf (0.0 Mo, application/pdf)
[2026-09-05 12:06:56] OK - LOI N° 96-006 [6d947984].pdf (0.1 Mo, application/pdf)
[2026-09-05 12:06:56] OK - LOI N°96-006 du 30 Mai 1996 [5d271c10].jpg (0.0 Mo, image/jpeg)
[2026-09-05 12:06:56] OK - LOI N°99-29 DU 29 DECEMBRE 1999 [894fedd4].jpg (0.0 Mo, image/jpeg)
[2026-09-05 12:06:56] OK - Loi N° 92-008 [6f4c0efd].pdf (1.6 Mo, application/pdf)
[2026-09-05 12:06:56] OK - LOI N°2005-06 DU 27 JANVIER 2005 [70fbdb08].jpg (0.0 Mo, image/jpeg)
[2026-09-05 12:06:56] OK - Loi N° 64-19 [e45b2fef].pdf (1.9 Mo, application/pdf)
[2026-09-05 12:06:56] OK - LOI N°99-020 DU 7 JUILLET 2000 [f623997b].jpg (0.0 Mo, image/jpeg)
[2026-09-05 12:06:56] OK - LOI N°86-008 du 26 Février 1986 [759c47a3].jpg (0.0 Mo, image/jpeg)
[2026-09-05 12:06:56] OK - LOI N°90-031 du 12 Novembre 1999 [84b18e99].jpg (0.0 Mo, image/jpeg)
[2026-09-05 12:06:57] OK - Loi N° 90-029 [84da3e0d].pdf (0.1 Mo, application/pdf)
[2026-09-05 12:06:57] OK - LOI N°96-001 DU 05 FEVRIER 1996 [bbf4ed03].jpg (0.0 Mo, image/jpeg)
[2026-09-05 12:06:57] OK - LOI N°90-029 du 23 Octobre 1990 [6be2689d].jpg (0.0 Mo, image/jpeg)
[2026-09-05 12:06:57] OK - Loi N° 64-31 [87ac754c].pdf (0.2 Mo, application/pdf)
[2026-09-05 12:06:57] OK - LOI N°91-008 DU 25 FEVRIER 1991 [e8dd39ba].jpg (0.0 Mo, image/jpeg)
[2026-09-05 12:06:57] OK - Loi N° 64-34 [ed0f1291].pdf (0.4 Mo, application/pdf)
[2026-09-05 12:06:57] OK - Loi N° 64-4 [f06cb3c2].pdf (0.2 Mo, application/pdf)
[2026-09-05 12:06:57] OK - LOI N°91-008 DU 23 FEVRIER 1991 [f8d0f73f].jpg (0.0 Mo, image/jpeg)
[2026-09-05 12:06:57] OK - LOI N°96-003 DU 30 MAI 1996 [e1f03642].jpg (0.0 Mo, image/jpeg)
[2026-09-05 12:06:57] OK - LOI N°90-020 du 9 Octobre 1990 [7f45cb03].jpg (0.0 Mo, image/jpeg)
[2026-09-05 12:06:57] OK - Loi N° 91-007 du 25 février 1991 [fb353eb8].pdf (0.3 Mo, application/pdf)
[2026-09-05 12:06:57] OK - Loi N° 96-002 [fcd16bb0].pdf (0.1 Mo, application/pdf)
[2026-09-05 12:06:57] OK - Loi N° 91-008 du 25 Février 1991 [bf01c094].pdf (0.5 Mo, application/pdf)
[2026-09-05 12:06:58] OK - LOI N°96-002 DU 30 MAI 1996 [c2dab1bc].jpg (0.0 Mo, image/jpeg)
[2026-09-05 12:06:58] OK - Loi N° 2004-01 du 11 février 2004 [c9f26955].pdf (0.1 Mo, application/pdf)
[2026-09-05 12:06:58] OK - Loi N° 64-24 [275e751e].pdf (0.2 Mo, application/pdf)
[2026-09-05 12:06:58] OK - Loi N° 94-002 du 28 février 1994 [02cfffa5].pdf (0.1 Mo, application/pdf)
[2026-09-05 12:06:58] OK - Loi N° 96-001 [11d84a5b].pdf (0.1 Mo, application/pdf)
[2026-09-05 12:06:59] OK - LOI N°64-32 [3e1c3c8a].jpg (0.0 Mo, image/jpeg)
[2026-09-05 12:06:59] OK - LOI N°90-029 du 23 octobre 1990 [40455cc8].jpg (0.0 Mo, image/jpeg)
[2026-09-05 12:06:59] OK - LOI N°91-007 du 25 Février 1991 [5efbd7c8].jpg (0.0 Mo, image/jpeg)
[2026-09-05 12:06:59] OK - LOI N°96-003 du 30 Mai 1996 [303d1a4d].jpg (0.0 Mo, image/jpeg)
[2026-09-05 12:06:59] OK - Loi N° 90-031 [2eb65df4].pdf (0.1 Mo, application/pdf)
[2026-09-05 12:06:59] OK - LOI N°96-002 du 30 Mai 1996 [539c83f9].jpg (0.0 Mo, image/jpeg)
[2026-09-05 12:06:59] OK - LOI N0°94-002 du 28 Février 1994 [46c929b5].jpg (0.0 Mo, image/jpeg)
[2026-09-05 12:06:59] OK - Loi N° 91-010 du 04 octobre 1991 [5f392c96].pdf (0.1 Mo, application/pdf)
[2026-09-05 12:06:59] OK - Loi N° 64-12 [1633178a].pdf (0.7 Mo, application/pdf)
[2026-09-05 12:06:59] OK - Loi N° 96-003 [55b59266].pdf (0.1 Mo, application/pdf)
[2026-09-05 12:06:59] OK - Loi N° 64-36 [2dec39ef].pdf (0.3 Mo, application/pdf)
[2026-09-05 12:06:59] OK - Loi N° 64-22 [5642142f].pdf (0.3 Mo, application/pdf)
[2026-09-05 12:07:00] OK - Loi N° 90-028 [a13c920b].pdf (0.2 Mo, application/pdf)
[2026-09-05 12:07:00] OK - Loi N° 64-30 [8efbc34b].pdf (0.3 Mo, application/pdf)
[2026-09-05 12:07:00] OK - Loi N° 64-23 [9478a18d].pdf (0.2 Mo, application/pdf)
[2026-09-05 12:07:00] OK - Loi N° 90-030 [9070de9f].pdf (0.4 Mo, application/pdf)
[2026-09-05 12:07:00] OK - LOI N°94-002 DU 28 FEVRIER 1994 [a6822f9a].jpg (0.0 Mo, image/jpeg)
[2026-09-05 12:07:01] OK - LOI N°96-18 DU 14 AOÛT 1996 [ae6437c3].jpg (0.0 Mo, image/jpeg)
[2026-09-05 12:07:01] OK - LOI N°91-010 DU 4 OCTOBRE 1991 [b25f1af7].jpg (0.0 Mo, image/jpeg)
[2026-09-05 12:07:01] OK - LOI N°2018-30 DU 17 OCTOBRE 2018 [41c4b720].jpg (0.0 Mo, image/jpeg)
[2026-09-05 12:07:01] OK - LOI N°2018-25 du 02 Août 2018 [4bbe5abe].jpg (0.0 Mo, image/jpeg)
[2026-09-05 12:07:01] OK - LOI N°2018-05droit, politique du 30 Mars 2018 [4d5239b4].jpg (0.0 Mo, image/jpeg)
[2026-09-05 12:07:01] OK - Loi N°9 2018-36 du 13 septembre 2018 [50a0e5ca].jpg (0.0 Mo, image/jpeg)
[2026-09-05 12:07:01] OK - LOI N°2018-14 du 04 Août 2018 [5748274d].jpg (0.0 Mo, image/jpeg)
[2026-09-05 12:07:01] OK - LOI N°2018-29 du 03 Septembre 2018 [535585e3].jpg (0.0 Mo, image/jpeg)
[2026-09-05 12:07:02] OK - Loi N° 64-8 [ad090811].pdf (0.2 Mo, application/pdf)
[2026-09-05 12:07:02] OK - Loi N° 64-18 [c647539f].pdf (1.8 Mo, application/pdf)
[2026-09-05 12:07:02] OK - Document 585802bf [585802bf].jpg (0.0 Mo, image/jpeg)
[2026-09-05 12:07:02] OK - Loi N° 64-32 [1f242de2].pdf (1.8 Mo, application/pdf)
[2026-09-05 12:07:02] OK - Loi N° 64-38 [abf11f5d].pdf (0.4 Mo, application/pdf)
[2026-09-05 12:07:02] OK - LOI N°2018-23 du 24 Janvier 2018 [5c1bce2c].jpg (0.0 Mo, image/jpeg)
[2026-09-05 12:07:02] OK - LOI N°2018-30 du 03 Septembre 2018 [34b6d1a8].jpg (0.0 Mo, image/jpeg)
[2026-09-05 12:07:03] OK - Loi n°2024-32 du 02 septembre 2024 fixant les fêtes annuelles des religions trad [099b2eec].pdf (0.7 Mo, application/pdf)
[2026-09-05 12:07:03] OK - LOI N°2018-37 du 13 septembre 2018 [6ebbb80d].jpg (0.0 Mo, image/jpeg)
[2026-09-05 12:07:03] OK - LOI N°2018-23 du 04 Août 2018 [38624403].jpg (0.0 Mo, image/jpeg)
[2026-09-05 12:07:03] OK - LOI N°2018-04 DU 30 MARS 2018 [77a1898e].jpg (0.0 Mo, image/jpeg)
[2026-09-05 12:07:03] OK - LOI N°2018-12 DU 05 JUILLET 2018 [718b53b3].jpg (0.0 Mo, image/jpeg)
[2026-09-05 12:07:03] OK - LOI N°2018-11du 18 mai 2018 [70fe2549].jpg (0.0 Mo, image/jpeg)
[2026-09-05 12:07:03] OK - LOI N°2018-34 DU 02 AOÛT 2018 [7c7c0907].jpg (0.0 Mo, image/jpeg)
[2026-09-05 12:07:03] OK - LOI N°2018-07 DU 30 MARS 2018 [77ad3bf4].jpg (0.0 Mo, image/jpeg)
[2026-09-05 12:07:03] OK - LOI N° 2018-05 DU 30 mars 2018 [84c0da6e].jpg (0.0 Mo, image/jpeg)
[2026-09-05 12:07:04] OK - Loi N° 65-17 [d2661f18].pdf (8.5 Mo, application/pdf)
[2026-09-05 12:07:04] OK - LOI N° 2017 - 20 DU 20 AVRIL 2018 [cfa575d0].jpg (0.0 Mo, image/jpeg)
[2026-09-05 12:07:04] OK - Document be3ea354 [be3ea354].jpg (0.0 Mo, image/jpeg)
[2026-09-05 12:07:04] OK - LOI N°2018-29 DU 03 Septembre 2018 [b6fe397e].jpg (0.0 Mo, image/jpeg)
[2026-09-05 12:07:04] OK - LOI N° 2018 - 28 DU 03 SEPTEMBRE 2018 [cbdb80fc].jpg (0.0 Mo, image/jpeg)
[2026-09-05 12:07:04] OK - LOI N° 2018 - 39 DU 28 DECEMBRE 2018 [d0efc85f].jpg (0.0 Mo, image/jpeg)
[2026-09-05 12:07:04] OK - Loi N° 90-32 [43e17ef6].pdf (5.5 Mo, application/pdf)
[2026-09-05 12:07:04] OK - LOI N° 2018 - 22 DU 05 AOÛT 2018 [d157ecc4].jpg (0.0 Mo, image/jpeg)
[2026-09-05 12:07:04] OK - LOI N° 2018 - 38 DU 17 OCTOBRE 2018 [d163aaa4].jpg (0.0 Mo, image/jpeg)
[2026-09-05 12:07:04] OK - LOI N° 2018-24 DU 02 août 2018 [d7eb8d4b].jpg (0.0 Mo, image/jpeg)
[2026-09-05 12:07:05] OK - LOI N° 2017-44 DU 04 février 2018 [8de79049].jpg (0.0 Mo, image/jpeg)
[2026-09-05 12:07:05] OK - LOI N° 2018-23 DU 17 septembre 2018 [dc1891af].jpg (0.0 Mo, image/jpeg)
[2026-09-05 12:07:05] OK - LOI N° 2018-24 DU 02 AOÛT 2018 [d950d72f].jpg (0.0 Mo, image/jpeg)
[2026-09-05 12:07:05] OK - LOI N° 2018-13 DU 02 Juillet 2018 [dbb245ed].jpg (0.0 Mo, image/jpeg)
[2026-09-05 12:07:05] OK - LOI N°2018-25 du 02 Août 2018 [8b7eebca].jpg (0.0 Mo, image/jpeg)
[2026-09-05 12:07:05] OK - LOI N° 2018-33 DU 05 Octobre 2018 [942670e7].jpg (0.0 Mo, image/jpeg)
[2026-09-05 12:07:05] OK - LOI N°2018-06 DU 30 Mars 2018 [94c22a96].jpg (0.0 Mo, image/jpeg)
[2026-09-05 12:07:05] OK - Document 98bd6780 [98bd6780].jpg (0.0 Mo, image/jpeg)
[2026-09-05 12:07:05] OK - LOI N°2018-02 du 02 Juillet 2018 [9aec82ba].jpg (0.0 Mo, image/jpeg)
[2026-09-05 12:07:05] OK - LOI N°2018-30 DU 03 Septembre 2018 [a64e1e85].jpg (0.0 Mo, image/jpeg)
[2026-09-05 12:07:05] OK - LOI N°2018-03 DU 26 Janvier 2018 [b1117bcb].jpg (0.0 Mo, image/jpeg)
[2026-09-05 12:07:05] OK - LOI N°2018-36 DU 13 SEPTEMBRE 2018 [dfe481f0].jpg (0.0 Mo, image/jpeg)
[2026-09-05 12:07:05] OK - LOI N°2018-37 DU 13 SEPTEMBRE 2018 [edb32350].jpg (0.0 Mo, image/jpeg)
[2026-09-05 12:07:05] OK - LOI N° 2018-05 DU 30 mars 2018 [edfa82f8].jpg (0.0 Mo, image/jpeg)
[2026-09-05 12:07:06] OK - LOI N° 2018-34 DU 05 octobre 2018 [effb3032].jpg (0.0 Mo, image/jpeg)
[2026-09-05 12:07:06] OK - LOI N° 2017-04 DU 30 Mars 2018 [f345bbee].jpg (0.0 Mo, image/jpeg)
[2026-09-05 12:07:06] OK - LOI N° 2017-42 DU 02 Juillet 2018 [f43a50a9].jpg (0.0 Mo, image/jpeg)
[2026-09-05 12:07:06] OK - LOI N° 2018-15 DU 02 Juillet 2018 [fbf2a3e3].jpg (0.0 Mo, image/jpeg)
[2026-09-05 12:07:06] OK - LOI N°2018-20 DU 23 AVRIL 2019 [eda973a6].jpg (0.0 Mo, image/jpeg)
[2026-09-05 12:07:06] OK - LOI N°2019-14 DU 05 AVRIL 2019 [e1c363eb].jpg (0.0 Mo, image/jpeg)
[2026-09-05 12:07:06] OK - LOI N°2019-11 DU 25 FEVRIER 2019 [dfb5ed87].jpg (0.0 Mo, image/jpeg)
[2026-09-05 12:07:07] OK - LOI N°2019-01 DU 17 JANVIER 2019 [ef64e46d].jpg (0.0 Mo, image/jpeg)
[2026-09-05 12:07:07] OK - LOI N°2019-02 DU 17 JANVIER 2019 [f2acc72d].jpg (0.0 Mo, image/jpeg)
[2026-09-05 12:07:07] OK - LOI N°2022-28 DU 07 DECEMBRE 2022 [f6a3082b].jpg (0.0 Mo, image/jpeg)
[2026-09-05 12:07:07] OK - LOI N°2019-16 du 22 Mars 2019 [fef18981].jpg (0.0 Mo, image/jpeg)
[2026-09-05 12:07:07] OK - LOI N°2019-40 DU 07 NOVEMBRE 2019 [783b86b9].jpg (0.0 Mo, image/jpeg)
[2026-09-05 12:07:07] OK - LOI N°2022-37 DU 20 DECEMBRE 2022 [7e69b0b4].jpg (0.0 Mo, image/jpeg)
[2026-09-05 12:07:07] OK - LOI N°2019-17 DU 22 MARS 2019 [48616942].jpg (0.0 Mo, image/jpeg)
[2026-09-05 12:07:07] OK - LOI N°2018-32 DU 05 SEPTEMBRE 2018 [86dadbe7].jpg (0.0 Mo, image/jpeg)
[2026-09-05 12:07:07] OK - LOI N°2019-15 DU 22 MARS 2019 [5427dcf6].jpg (0.0 Mo, image/jpeg)
[2026-09-05 12:07:08] OK - LOI N°2018-32 DU 05 SEPTEMBRE 2018 [7a95da1a].jpg (0.0 Mo, image/jpeg)
[2026-09-05 12:07:08] OK - LOI N°2019-39 DU 07 NOVEMBRE 2019 [5487025f].jpg (0.0 Mo, image/jpeg)
[2026-09-05 12:07:08] OK - LOI N°2019-20 du 05 Avril 2019 [41059adf].jpg (0.0 Mo, image/jpeg)
[2026-09-05 12:07:08] OK - LOI N°2019-14 DU 22 MARS 2019 [803c6524].jpg (0.0 Mo, image/jpeg)
[2026-09-05 12:07:08] OK - LOI N°2019-19 DU 05 AVRIL 2019 [57b71e7b].jpg (0.0 Mo, image/jpeg)
[2026-09-05 12:07:08] OK - LOI N°2022-24 DU 37 DECEMBRE 2023 [5e43f409].jpg (0.0 Mo, image/jpeg)
[2026-09-05 12:07:08] OK - LOI N°2019-10 DU 15 FEVRIER 2019 [5fe1b467].jpg (0.0 Mo, image/jpeg)
[2026-09-05 12:07:08] OK - LOI N°2019-03 du 17 Janvier 2019 [3844a601].jpg (0.0 Mo, image/jpeg)
[2026-09-05 12:07:08] OK - LOI N°2019-03 du 17 Janvier 2019 [2fa563b9].jpg (0.0 Mo, image/jpeg)
[2026-09-05 12:07:08] OK - LOI N°2018-27 du 03 Septembre 2018 [3f554fa9].jpg (0.0 Mo, image/jpeg)
[2026-09-05 12:07:09] OK - LOI N°2019- 21 DU 05 AVRIL 2019 [629094b3].jpg (0.0 Mo, image/jpeg)
[2026-09-05 12:07:09] OK - Loi n° 2024-03 du 05 mars 2024 modifiant et complétant la loi n° 2005-25 du 25 m [e94c0c91].pdf (9.7 Mo, application/pdf)
[2026-09-05 12:07:09] OK - LOI N°2019-04 DU 17 JANVIER 2019 [8e6fb8bd].jpg (0.0 Mo, image/jpeg)
[2026-09-05 12:07:09] OK - LOI N°2019-20 DU 06 AVRIL 2019 [91651b07].jpg (0.0 Mo, image/jpeg)
[2026-09-05 12:07:09] OK - Document 9cf91784 [9cf91784].jpg (0.0 Mo, image/jpeg)
[2026-09-05 12:07:09] OK - Document 9f390e17 [9f390e17].jpg (0.0 Mo, image/jpeg)
[2026-09-05 12:07:09] OK - LOI N°2019-14 DU 22 MARS 2019 [99b39700].jpg (0.0 Mo, image/jpeg)
[2026-09-05 12:07:09] OK - LOI N°2019-42 DU 13 NOVEMBRE 2019 [9bbf26c3].jpg (0.0 Mo, image/jpeg)
[2026-09-05 12:07:09] OK - LOI N°2019-10 DU 15 FEVRIER 2019 [9f1665cb].jpg (0.0 Mo, image/jpeg)
[2026-09-05 12:07:09] OK - LOI N°2019-06 DU 15 NOVEMBRE 2019 [a122d6a2].jpg (0.0 Mo, image/jpeg)
[2026-09-05 12:07:09] OK - LOI N°2019-12 DU 25 FEVRIER 2019 [b443393a].jpg (0.0 Mo, image/jpeg)
[2026-09-05 12:07:09] OK - LOI N°2019-04 DU 17 JANVIER 2017 [b2eb6401].jpg (0.0 Mo, image/jpeg)
[2026-09-05 12:07:10] OK - LOI N°2018-41 DU 15 NOVEMBRE 2019 [bb70420f].jpg (0.0 Mo, image/jpeg)
[2026-09-05 12:07:10] OK - LOI N°2019-15 DU 22 MARS 2019 [b8e118d6].jpg (0.0 Mo, image/jpeg)
[2026-09-05 12:07:10] OK - LOI N°2022-29 DU 20 DECEMBRE 2022 [c13e0554].jpg (0.0 Mo, image/jpeg)
[2026-09-05 12:07:10] OK - LOI N°2022-31 DU 20 DECEMBRE 2022 [c99aecf4].jpg (0.0 Mo, image/jpeg)
[2026-09-05 12:07:10] OK - LOI N°2019-19 DU 05 AVRIL 2019 [c687b70f].jpg (0.0 Mo, image/jpeg)
[2026-09-05 12:07:10] OK - LOI N°2022-13 DU 05 JUILLET 2022 [ba8a66a4].jpg (0.0 Mo, image/jpeg)
[2026-09-05 12:07:10] OK - LOI N°2022-16 DU 19 OCTOBRE 2022 [b4645186].jpg (0.0 Mo, image/jpeg)
[2026-09-05 12:07:10] OK - LOI N°2018-27 DU 03 SEPTEMBRE 2018 [ca572a66].jpg (0.0 Mo, image/jpeg)
[2026-09-05 12:07:11] OK - LOI N°2022-06 DU 27 JUIN 2022 [cb5fe72f].jpg (0.0 Mo, image/jpeg)
[2026-09-05 12:07:11] OK - LOI N°2021-01 DU 03 FEVRIER 2021 [cbb0f557].jpg (0.0 Mo, image/jpeg)
[2026-09-05 12:07:11] OK - LOI N°2021-09 DU 22 OCTOBRE 2021 [d1e9190d].jpg (0.0 Mo, image/jpeg)
[2026-09-05 12:07:11] OK - LOI N°2022-07 du 27 Juin 2022 [447c414f].jpg (0.0 Mo, image/jpeg)
[2026-09-05 12:07:11] OK - LOI N°2022-13 du 05 Juilet 2023 [d6e3e778].jpg (0.0 Mo, image/jpeg)
[2026-09-05 12:07:11] OK - LOI N°2021-01 du 03 Février 2021 [d7509fd0].jpg (0.0 Mo, image/jpeg)
[2026-09-05 12:07:11] OK - lot N'2021 - 14 DU 20 DECEMBRE 2021 portant sur le code de l'administration terr [4a5403f5].pdf (16.5 Mo, application/pdf)
[2026-09-05 12:07:11] OK - LOI N°2020-34 du 04 Octobre 2021 [46646655].jpg (0.0 Mo, image/jpeg)
[2026-09-05 12:07:11] OK - LOI N°2021-01 du 03 Février 2021 [47bac773].jpg (0.0 Mo, image/jpeg)
[2026-09-05 12:07:11] OK - LOI N°2022-07 du 27 Juin 2022 [5942009e].jpg (0.0 Mo, image/jpeg)
[2026-09-05 12:07:11] OK - LOI N°2021-06 DU 04 OCTOBRE 2021 [e32d66c1].jpg (0.0 Mo, image/jpeg)
[2026-09-05 12:07:11] OK - LOI N°2001-11 du 20 Décembre 2021 [54b51db8].jpg (0.0 Mo, image/jpeg)
[2026-09-05 12:07:12] OK - LOI N°2021-04 du 04 Octobre 2021 [ebdcc134].jpg (0.0 Mo, image/jpeg)
[2026-09-05 12:07:12] OK - LOI N°2020-34 DU 06 JANVIER 2021 [e58129ad].jpg (0.0 Mo, image/jpeg)
[2026-09-05 12:07:12] OK - LOI N°2020-35 DU 04 JANVIER 2021 [f066055b].jpg (0.0 Mo, image/jpeg)
[2026-09-05 12:07:12] OK - LOI N°2022-35 du 23 Février 2023 [67d20fa2].jpg (0.0 Mo, image/jpeg)
[2026-09-05 12:07:12] OK - LOI N°2022-14 du 19 JUILLET 2023 [719b637f].jpg (0.0 Mo, image/jpeg)
[2026-09-05 12:07:12] OK - LOI N°2022-10 DU 27 JUIN 2022 [844583ae].jpg (0.0 Mo, image/jpeg)
[2026-09-05 12:07:12] OK - LOI N°2022-20 du 19 Octobre 2023 [746374c6].jpg (0.0 Mo, image/jpeg)
[2026-09-05 12:07:12] OK - Document 90a97443 [90a97443].jpg (0.0 Mo, image/jpeg)
[2026-09-05 12:07:12] OK - LOI N°2022-12 DU 05 JUILLET 2022 [832a10cf].jpg (0.0 Mo, image/jpeg)
[2026-09-05 12:07:12] OK - LOI N°2021-04 DU 08 JUILLET 2021 [36649262].jpg (0.0 Mo, image/jpeg)
[2026-09-05 12:07:12] OK - LOI N°2022-08 DU 27 JUIN 2022 [ae4787b9].jpg (0.0 Mo, image/jpeg)
[2026-09-05 12:07:13] OK - LOI N°2022-17 DU 19 OCTOBRE 2022 [965b329f].jpg (0.0 Mo, image/jpeg)
[2026-09-05 12:07:13] OK - LOI N°2021-14 DU 20 DECEMBRE 2021 [b0038e95].jpg (0.0 Mo, image/jpeg)
[2026-09-05 12:07:13] OK - LOI N°2022-21 DU 19 OCTOBRE 2022 [3c6e542d].jpg (0.0 Mo, image/jpeg)
[2026-09-05 12:07:13] OK - lOI N°2020-23 DU 29 SEPTEMBRE 2020 [fe29e393].jpg (0.0 Mo, image/jpeg)
[2026-09-05 12:07:13] OK - LOI N°2020-09 du 23 Avril 2020 [f092dc21].jpg (0.0 Mo, image/jpeg)
[2026-09-05 12:07:13] OK - LOI N°2020-18 DU 03 JUILLET 2020 [f21e8a2f].jpg (0.0 Mo, image/jpeg)
[2026-09-05 12:07:13] OK - LOI N°2020-30 du 30 Octobre 202 [335fd934].jpg (0.0 Mo, image/jpeg)
[2026-09-05 12:07:13] OK - Document b2de904e [b2de904e].jpg (0.0 Mo, image/jpeg)
[2026-09-05 12:07:13] OK - LOI N°2020-01 DU 04 FEVRIER 2020 [b708859e].jpg (0.0 Mo, image/jpeg)
[2026-09-05 12:07:14] OK - LOI N°2020-32 DU 23 OCTOBRE 2020 [fe8c3ff4].jpg (0.0 Mo, image/jpeg)
[2026-09-05 12:07:14] OK - LOI N°2020-13 DU 14 JUIN 2020 [b8a31681].jpg (0.0 Mo, image/jpeg)
[2026-09-05 12:07:14] OK - LOI N°2020-11 DU 27 AVRIL 2020 [c0f3f750].jpg (0.0 Mo, image/jpeg)
[2026-09-05 12:07:14] OK - LOI N°2020-25 DU 02 SEPTEMBRE 2023 [daf25d82].jpg (0.0 Mo, image/jpeg)
[2026-09-05 12:07:14] OK - LOI N°2022-02 DU 25 JANVIER 2022 [d61b1ee1].jpg (0.0 Mo, image/jpeg)
[2026-09-05 12:07:14] OK - LOI N°2009-01 du 20 Mars 2020 [caa6c30b].jpg (0.0 Mo, image/jpeg)
[2026-09-05 12:07:14] OK - LOI N°2020-30 DU 18 OCTOBRE 2020 [dc037ae8].jpg (0.0 Mo, image/jpeg)
[2026-09-05 12:07:14] OK - LOI N°2020-28 du 02 Septembre 2020 [442e0429].jpg (0.0 Mo, image/jpeg)
[2026-09-05 12:07:14] OK - LOI N0°2020-25 du 02 Septembre 2020 [5ce12bb0].jpg (0.0 Mo, image/jpeg)
[2026-09-05 12:07:15] OK - Document 4bcb0aee [4bcb0aee].jpg (0.0 Mo, image/jpeg)
[2026-09-05 12:07:15] OK - LOI N°2022 N°2022-04 du 25 Janvier 2022 [59bddb04].jpg (0.0 Mo, image/jpeg)
[2026-09-05 12:07:15] OK - LOI N°2022 N°2022-01 du 25 Janvier 2022 [595fd0cb].jpg (0.0 Mo, image/jpeg)
[2026-09-05 12:07:15] OK - LOI N°2020-25 du 02 Septembre 2020 [53a852aa].jpg (0.0 Mo, image/jpeg)
[2026-09-05 12:07:15] OK - LOI N°2020-24 du 02 Septembre 2020 [45d433b0].jpg (0.0 Mo, image/jpeg)
[2026-09-05 12:07:15] OK - LOI N° 2020-01 DU 04 FEVRIER 2020 [61bcb6c9].jpg (0.0 Mo, image/jpeg)
[2026-09-05 12:07:15] OK - LOI N°2020-16 DU 03 JUILLET 2020 [5f37eba0].jpg (0.0 Mo, image/jpeg)
[2026-09-05 12:07:15] OK - Document 8e37def9 [8e37def9].jpg (0.0 Mo, image/jpeg)
[2026-09-05 12:07:15] OK - LOI N°20120-15 du 03 Juillet 2020 [5d7b3961].jpg (0.0 Mo, image/jpeg)
[2026-09-05 12:07:15] OK - LOI N°2020-30 DU 18 OCTOBRE 2020 [945fa4f5].jpg (0.0 Mo, image/jpeg)
[2026-09-05 12:07:15] OK - LOI N°2020-07 DU 17 FEVRIER 2020 [a6fefcf8].jpg (0.0 Mo, image/jpeg)
[2026-09-05 12:07:16] OK - LOI N°2020-30 DU 28 OCTOBRE 2020 [a4de6e60].jpg (0.0 Mo, image/jpeg)
[2026-09-05 12:07:16] OK - LOI N°2020-14 DU 03 JUILLET 2020 [a591d53f].jpg (0.0 Mo, image/jpeg)
[2026-09-05 12:07:16] OK - LOI N°2020-07 DU 17 FEVRIER 2020 [695646f2].jpg (0.0 Mo, image/jpeg)
[2026-09-05 12:07:16] OK - LOI N°2020-31 DU 28 OCTOBRE 2020 [af2b7480].jpg (0.0 Mo, image/jpeg)
[2026-09-05 12:07:16] OK - Document 6632760f [6632760f].jpg (0.0 Mo, image/jpeg)
[2026-09-05 12:07:16] OK - LOI N°2020-35 du 04 Janvier 2021 [6c3061bb].jpg (0.0 Mo, image/jpeg)
[2026-09-05 12:07:16] OK - LOI N°2020-19 DU 03 JUILLET 2020 [86fdc6c1].jpg (0.0 Mo, image/jpeg)
[2026-09-05 12:07:17] OK - LOI N°2020-25 DU 02 SEPTEMBRE 2020 [7fee07b8].jpg (0.0 Mo, image/jpeg)
[2026-09-05 12:07:17] OK - LOI N°2020-15 DU 03 JUILLET 2020 [78981cc9].jpg (0.0 Mo, image/jpeg)
[2026-09-05 12:07:17] OK - LOI N°2021-01 DU 03 FEVRIER 2021 [817d9220].jpg (0.0 Mo, image/jpeg)
[2026-09-05 12:07:18] OK - Document 7fff2a4c [7fff2a4c].jpg (0.0 Mo, image/jpeg)
[2026-09-05 12:07:18] OK - LOI N°2020-09 DU 23 AVRIL 2020 [889d10b7].jpg (0.0 Mo, image/jpeg)
[2026-09-05 12:07:18] OK - Document 66f8a7aa [66f8a7aa].jpg (0.0 Mo, image/jpeg)
[2026-09-05 12:07:19] OK - Document 7fa53fcf [7fa53fcf].jpg (0.0 Mo, image/jpeg)
[2026-09-05 12:07:19] OK - Document 6a11638a [6a11638a].jpg (0.0 Mo, image/jpeg)
[2026-09-05 12:07:19] OK - Document 75cf2dca [75cf2dca].jpg (0.0 Mo, image/jpeg)
[2026-09-05 12:07:20] OK - LOI N°2017-25 DU 10 AOÛT 2017 [84a97c8b].jpg (0.0 Mo, image/jpeg)
[2026-09-05 12:07:20] OK - LOI N°2016-09 DU 24 JUIN 2016 [783fc0a7].jpg (0.0 Mo, image/jpeg)
[2026-09-05 12:07:21] OK - LOI N°2016-23 DU 23 AOÛT 2016 [724dc751].jpg (0.0 Mo, image/jpeg)
[2026-09-05 12:07:21] OK - LOI N°2016-16 DU 28 JUILLET 2016 [8929d256].jpg (0.0 Mo, image/jpeg)
[2026-09-05 12:07:21] OK - LOI N°2016-35 DU 26 DECEMBRE 2016 [7f891cc8].jpg (0.0 Mo, image/jpeg)
[2026-09-05 12:07:21] OK - Document 7ff0fbdc [7ff0fbdc].jpg (0.0 Mo, image/jpeg)
[2026-09-05 12:07:22] OK - LOI N°2016-14 DU 20 JUILLET 2016 [bf900fa0].jpg (0.0 Mo, image/jpeg)
[2026-09-05 12:07:22] OK - LOI N°2016-07 DU 24 JUIN 2016 [bf5f8877].jpg (0.0 Mo, image/jpeg)
[2026-09-05 12:07:22] OK - Document df2a56e5 [df2a56e5].jpg (0.0 Mo, image/jpeg)
[2026-09-05 12:07:22] OK - LOI N°2016-06 du 24 Juin 2016 [e81c2b2f].jpg (0.0 Mo, image/jpeg)
[2026-09-05 12:07:23] OK - Loi N°2024 - 01 DU 20 FEVRIER 2024 [95d3dbf0].pdf (65.5 Mo, application/pdf)
[2026-09-05 12:07:23] OK - LOI N°2012-05 DU 26 JANVIER 2012 [d0419c2b].jpg (0.0 Mo, image/jpeg)
[2026-09-05 12:07:23] OK - Document d87da0a4 [d87da0a4].jpg (0.0 Mo, image/jpeg)
[2026-09-05 12:07:23] OK - LOI N° 85-015 DU 12 MAI 1985 [4035c5fa].jpg (0.0 Mo, image/jpeg)
[2026-09-05 12:07:23] OK - Document bc6d84ec [bc6d84ec].jpg (0.0 Mo, image/jpeg)
[2026-09-05 12:07:23] OK - LOI N°2016-20 DU 23 AOÛT 2016 [c53081ce].jpg (0.0 Mo, image/jpeg)
[2026-09-05 12:07:23] OK - LOI N°2016-02 DU 25 MAI 2016 [51d0adfe].jpg (0.0 Mo, image/jpeg)
[2026-09-05 12:07:23] OK - Document fba10241 [fba10241].jpg (0.0 Mo, image/jpeg)
[2026-09-05 12:07:24] OK - LOI N°62-14 [5683a687].jpg (0.0 Mo, image/jpeg)
[2026-09-05 12:07:24] OK - Document a7f96b5e [a7f96b5e].jpg (0.0 Mo, image/jpeg)
[2026-09-05 12:07:24] OK - Document 41f85e57 [41f85e57].jpg (0.0 Mo, image/jpeg)
[2026-09-05 12:07:24] OK - Document 46af311f [46af311f].jpg (0.0 Mo, image/jpeg)
[2026-09-05 12:07:24] OK - LOI N°2016-35 DU 26 DECEMBRE 2016 [49e6dd1a].jpg (0.0 Mo, image/jpeg)
[2026-09-05 12:07:24] OK - Document 4bf95bfa [4bf95bfa].jpg (0.0 Mo, image/jpeg)
[2026-09-05 12:07:24] OK - Document fecd3f5c [fecd3f5c].jpg (0.0 Mo, image/jpeg)
[2026-09-05 12:07:24] OK - LOI N°2016-03 DU 25 MAI 2016 [506acef6].jpg (0.0 Mo, image/jpeg)
[2026-09-05 12:07:25] OK - Document e0047bc7 [e0047bc7].jpg (0.0 Mo, image/jpeg)
[2026-09-05 12:07:25] OK - Document 641693fd [641693fd].jpg (0.0 Mo, image/jpeg)
[2026-09-05 12:07:25] OK - LOI N°2016-20 DU 23 AOÛT 2016 [576c3e67].jpg (0.0 Mo, image/jpeg)
[2026-09-05 12:07:25] OK - LOI N° 2016-18 DU 03 AOÛT 2016 [4b64dc9f].jpg (0.0 Mo, image/jpeg)
[2026-09-05 12:07:25] OK - Document 6235d880 [6235d880].jpg (0.0 Mo, image/jpeg)
[2026-09-05 12:07:25] OK - LOI N°01016-09 du 24 Juin 2016 [5ef0e918].jpg (0.0 Mo, image/jpeg)
[2026-09-05 12:07:25] OK - Document 3a715395 [3a715395].jpg (0.0 Mo, image/jpeg)
[2026-09-05 12:07:26] OK - LOI N°2016-23 du 23 4out 2016 [634fde60].jpg (0.0 Mo, image/jpeg)
[2026-09-05 12:07:26] OK - Document 691dabe7 [691dabe7].jpg (0.0 Mo, image/jpeg)
[2026-09-05 12:07:26] OK - LOI N°87-019 du 21 Septembre 1987 [57551194].jpg (0.0 Mo, image/jpeg)
[2026-09-05 12:07:26] OK - Document 7d14b79e [7d14b79e].jpg (0.0 Mo, image/jpeg)
[2026-09-05 12:07:26] OK - LOI N°88-002 DU 26 AVRIL 1988 [2ac4fffe].jpg (0.0 Mo, image/jpeg)
[2026-09-05 12:07:27] OK - LOI N°85-032 DU 26 SEPTEMBRE 1986 [293d4f8e].jpg (0.0 Mo, image/jpeg)
[2026-09-05 12:07:27] OK - LOI N°87-013 DU 21 SEPTEMBRE 1987 [3071df2b].jpg (0.0 Mo, image/jpeg)
[2026-09-05 12:07:27] OK - Document 645ae49d [645ae49d].jpg (0.0 Mo, image/jpeg)
[2026-09-05 12:07:27] OK - Document 3014ec88 [3014ec88].html (0.0 Mo, text/html)
[2026-09-05 12:07:27] OK - Document c8de9847 [c8de9847].jpg (0.0 Mo, image/jpeg)
[2026-09-05 12:07:27] OK - Document 3d7d2b6d [3d7d2b6d].jpg (0.0 Mo, image/jpeg)
[2026-09-05 12:07:27] OK - Document 3df39801 [3df39801].jpg (0.0 Mo, image/jpeg)
[2026-09-05 12:07:28] OK - LOI N°85-013 DU 12 MAI 1985 [50a09dc3].jpg (0.0 Mo, image/jpeg)
[2026-09-05 12:07:28] OK - LOI N°2016-05 DU 21 MAI 2016 [5d59eb28].jpg (0.0 Mo, image/jpeg)
[2026-09-05 12:07:28] OK - Document 80580f44 [80580f44].jpg (0.0 Mo, image/jpeg)
[2026-09-05 12:07:28] OK - Document 8170736f [8170736f].jpg (0.0 Mo, image/jpeg)
[2026-09-05 12:07:28] OK - Document b42599f8 [b42599f8].jpg (0.1 Mo, image/jpeg)
[2026-09-05 12:07:28] OK - Document c6be5a38 [c6be5a38].jpg (0.0 Mo, image/jpeg)
[2026-09-05 12:07:28] OK - Document cc03ed4b [cc03ed4b].jpg (0.0 Mo, image/jpeg)
[2026-09-05 12:07:28] OK - Document d1ab8507 [d1ab8507].jpg (0.0 Mo, image/jpeg)
[2026-09-05 12:07:29] OK - Document 3fff17d6 [3fff17d6].jpg (0.0 Mo, image/jpeg)
[2026-09-05 12:07:29] OK - LOI N°2017-12 DU 17 MAI 2017 [d318ca0d].jpg (0.0 Mo, image/jpeg)
[2026-09-05 12:07:29] OK - Document a615e036 [a615e036].jpg (0.0 Mo, image/jpeg)
[2026-09-05 12:07:29] OK - Document 96cb7f7f [96cb7f7f].jpg (0.0 Mo, image/jpeg)
[2026-09-05 12:07:29] OK - Document 9b8deb9a [9b8deb9a].jpg (0.0 Mo, image/jpeg)
[2026-09-05 12:07:29] OK - LOI N°89-012 DU 12 MAI 1989 [a2179d02].jpg (0.0 Mo, image/jpeg)
[2026-09-05 12:07:29] OK - Document 9fb4a72c [9fb4a72c].jpg (0.0 Mo, image/jpeg)
[2026-09-05 12:07:29] OK - Document a14e353a [a14e353a].jpg (0.0 Mo, image/jpeg)
[2026-09-05 12:07:29] OK - Document cf3ff1e5 [cf3ff1e5].jpg (0.0 Mo, image/jpeg)
[2026-09-05 12:07:29] OK - Document a3b90356 [a3b90356].jpg (0.0 Mo, image/jpeg)
[2026-09-05 12:07:29] OK - Document a576e3bf [a576e3bf].jpg (0.0 Mo, image/jpeg)
[2026-09-05 12:07:29] OK - LOI N°2008-04 DU 24 SEPTEMBRE 2008 [a46ede3f].jpg (0.0 Mo, image/jpeg)
[2026-09-05 12:07:29] OK - Document e1b7422a [e1b7422a].jpg (0.0 Mo, image/jpeg)
[2026-09-05 12:07:30] OK - Document a6857983 [a6857983].jpg (0.0 Mo, image/jpeg)
[2026-09-05 12:07:30] OK - Document a7772a6c [a7772a6c].jpg (0.0 Mo, image/jpeg)
[2026-09-05 12:07:30] OK - Document a89864ea [a89864ea].jpg (0.0 Mo, image/jpeg)
[2026-09-05 12:07:30] OK - Document a8cb93a2 [a8cb93a2].jpg (0.0 Mo, image/jpeg)
[2026-09-05 12:07:30] OK - Loi N° 88-010 accordant les pleins pouvoirs au Président de la République, Chef  [a21b5ed9].pdf (0.1 Mo, application/pdf)
[2026-09-05 12:07:30] OK - LOI N°89-012 DU 12 MAI 1989 [e133630b].jpg (0.0 Mo, image/jpeg)
[2026-09-05 12:07:30] OK - Document fb45513f [fb45513f].jpg (0.0 Mo, image/jpeg)
[2026-09-05 12:07:30] OK - LOI N°89-016 DU 12 MAI 1989 [e2caa34c].jpg (0.0 Mo, image/jpeg)
[2026-09-05 12:07:30] OK - Document e7158800 [e7158800].jpg (0.0 Mo, image/jpeg)
[2026-09-05 12:07:30] OK - Document e41e75ba [e41e75ba].jpg (0.0 Mo, image/jpeg)
[2026-09-05 12:07:30] OK - Document e6b0dd49 [e6b0dd49].jpg (0.0 Mo, image/jpeg)
[2026-09-05 12:07:30] OK - Document f27ab698 [f27ab698].jpg (0.0 Mo, image/jpeg)
[2026-09-05 12:07:30] OK - Document f0d03312 [f0d03312].jpg (0.0 Mo, image/jpeg)
[2026-09-05 12:07:31] OK - Document fa43d39a [fa43d39a].jpg (0.0 Mo, image/jpeg)
[2026-09-05 12:07:31] OK - Document 6c560cbf [6c560cbf].jpg (0.0 Mo, image/jpeg)
[2026-09-05 12:07:31] OK - Document ffd01721 [ffd01721].html (0.0 Mo, text/html)
[2026-09-05 12:07:31] OK - Document 467d9a7d [467d9a7d].jpg (0.0 Mo, image/jpeg)
[2026-09-05 12:07:31] OK - Document 7edcc122 [7edcc122].jpg (0.0 Mo, image/jpeg)
[2026-09-05 12:07:31] OK - Document 877c359b [877c359b].jpg (0.0 Mo, image/jpeg)
[2026-09-05 12:07:31] OK - Document 5ff3c9a8 [5ff3c9a8].jpg (0.0 Mo, image/jpeg)
[2026-09-05 12:07:31] OK - Document 624d067d [624d067d].jpg (0.0 Mo, image/jpeg)
[2026-09-05 12:07:31] OK - LOI N°96-011 DU 26 FEVRIER 1996 [2e613074].jpg (0.0 Mo, image/jpeg)
[2026-09-05 12:07:31] OK - LOI N°86-012 DU 26 FEVRIER 1986 [305ea267].jpg (0.0 Mo, image/jpeg)
[2026-09-05 12:07:31] OK - LOI N°06-013 DU 26 FEVRIER 1906 [3a2485ab].jpg (0.0 Mo, image/jpeg)
[2026-09-05 12:07:31] OK - Document 9d4be53a [9d4be53a].jpg (0.0 Mo, image/jpeg)
[2026-09-05 12:07:32] OK - Document 9440b2fc [9440b2fc].jpg (0.0 Mo, image/jpeg)
[2026-09-05 12:07:32] OK - LOI N° 86-008 DU 26 FEVRIER 1986 [404cc6d3].jpg (0.0 Mo, image/jpeg)
[2026-09-05 12:07:32] OK - LOI N°89-017 DU 12 MAI 1989 [a36fd26a].jpg (0.0 Mo, image/jpeg)
[2026-09-05 12:07:32] OK - Document a7b7489a [a7b7489a].jpg (0.0 Mo, image/jpeg)
[2026-09-05 12:07:32] OK - Document c115ce88 [c115ce88].jpg (0.0 Mo, image/jpeg)
[2026-09-05 12:07:32] OK - Document b823edf7 [b823edf7].jpg (0.0 Mo, image/jpeg)
[2026-09-05 12:07:32] OK - LOI N°89-009 DU 12 MAI 1989 [b1617845].jpg (0.0 Mo, image/jpeg)
[2026-09-05 12:07:32] OK - Document cc91ec41 [cc91ec41].jpg (0.0 Mo, image/jpeg)
[2026-09-05 12:07:32] OK - Document d2c8eac8 [d2c8eac8].jpg (0.0 Mo, image/jpeg)
[2026-09-05 12:07:32] OK - Document d4a45646 [d4a45646].jpg (0.0 Mo, image/jpeg)
[2026-09-05 12:07:33] OK - Document b4d4cd20 [b4d4cd20].jpg (0.0 Mo, image/jpeg)
[2026-09-05 12:07:33] OK - Document b7001d30 [b7001d30].jpg (0.0 Mo, image/jpeg)
[2026-09-05 12:07:33] OK - Document dbdc32be [dbdc32be].jpg (0.0 Mo, image/jpeg)
[2026-09-05 12:07:33] OK - Document c6b2607e [c6b2607e].jpg (0.0 Mo, image/jpeg)
[2026-09-05 12:07:33] OK - Document cada00d8 [cada00d8].jpg (0.0 Mo, image/jpeg)
[2026-09-05 12:07:33] OK - Document ccb72c88 [ccb72c88].jpg (0.0 Mo, image/jpeg)
[2026-09-05 12:07:33] OK - Document cfe4a838 [cfe4a838].jpg (0.0 Mo, image/jpeg)
[2026-09-05 12:07:33] OK - Document dc8c9a04 [dc8c9a04].jpg (0.0 Mo, image/jpeg)
[2026-09-05 12:07:33] OK - Document 416d8307 [416d8307].jpg (0.0 Mo, image/jpeg)
[2026-09-05 12:07:33] OK - Document 426a936f [426a936f].jpg (0.0 Mo, image/jpeg)
[2026-09-05 12:07:33] OK - Document f813068a [f813068a].jpg (0.0 Mo, image/jpeg)
[2026-09-05 12:07:33] OK - Document 47a6f6e9 [47a6f6e9].jpg (0.0 Mo, image/jpeg)
[2026-09-05 12:07:34] OK - Document 4ddfb647 [4ddfb647].jpg (0.0 Mo, image/jpeg)
[2026-09-05 12:07:34] OK - Document 4f1fea0b [4f1fea0b].jpg (0.0 Mo, image/jpeg)
[2026-09-05 12:07:34] OK - Document 625a7573 [625a7573].jpg (0.0 Mo, image/jpeg)
[2026-09-05 12:07:34] OK - Document 65ed7584 [65ed7584].jpg (0.0 Mo, image/jpeg)
[2026-09-05 12:07:34] OK - LOI N°61-005 DU 23 MARS 1961 [ecacef34].jpg (0.0 Mo, image/jpeg)
[2026-09-05 12:07:34] OK - Document ea462118 [ea462118].jpg (0.0 Mo, image/jpeg)
[2026-09-05 12:07:34] OK - Document eec420a0 [eec420a0].jpg (0.0 Mo, image/jpeg)
[2026-09-05 12:07:34] OK - Document 534a4045 [534a4045].jpg (0.0 Mo, image/jpeg)
[2026-09-05 12:07:34] OK - Document fc4068b6 [fc4068b6].jpg (0.0 Mo, image/jpeg)
[2026-09-05 12:07:34] OK - LOI N°81-012 DU 10 OCTOBRE 1981 [fcc75871].jpg (0.0 Mo, image/jpeg)
[2026-09-05 12:07:34] OK - Document 7750d67e [7750d67e].jpg (0.0 Mo, image/jpeg)
[2026-09-05 12:07:35] OK - LOI N°86-008 DU 26 FEVRIER 1986 [74bd1f95].jpg (0.0 Mo, image/jpeg)
[2026-09-05 12:07:35] OK - Document 751588d9 [751588d9].jpg (0.0 Mo, image/jpeg)
[2026-09-05 12:07:35] OK - Document 7c225e14 [7c225e14].jpg (0.0 Mo, image/jpeg)
[2026-09-05 12:07:35] OK - Document 66f7470e [66f7470e].jpg (0.0 Mo, image/jpeg)
[2026-09-05 12:07:35] OK - Document ac3d816c [ac3d816c].jpg (0.0 Mo, image/jpeg)
[2026-09-05 12:07:35] OK - Document 8bdbd10a [8bdbd10a].jpg (0.0 Mo, image/jpeg)
[2026-09-05 12:07:35] OK - Document 8376f9a6 [8376f9a6].jpg (0.0 Mo, image/jpeg)
[2026-09-05 12:07:35] OK - Document 99e31c1e [99e31c1e].jpg (0.0 Mo, image/jpeg)
[2026-09-05 12:07:35] OK - Document 8dcc347e [8dcc347e].jpg (0.0 Mo, image/jpeg)
[2026-09-05 12:07:35] OK - Document 9bf6d925 [9bf6d925].jpg (0.0 Mo, image/jpeg)
[2026-09-05 12:07:35] OK - Document 7ecad6fe [7ecad6fe].jpg (0.0 Mo, image/jpeg)
[2026-09-05 12:07:35] OK - Document 9d5008c8 [9d5008c8].jpg (0.0 Mo, image/jpeg)
[2026-09-05 12:07:36] OK - Document 810fb07e [810fb07e].jpg (0.0 Mo, image/jpeg)
[2026-09-05 12:07:36] OK - Document 3411563e [3411563e].jpg (0.0 Mo, image/jpeg)
[2026-09-05 12:07:36] OK - LOI N° 82-006 DU 30 DECEMBRE 1982 [2fe19267].jpg (0.0 Mo, image/jpeg)
[2026-09-05 12:07:36] OK - LOI N°88-004 DU 26 AVRIL 1988 [2c090f69].jpg (0.0 Mo, image/jpeg)
[2026-09-05 12:07:36] OK - LOI N°88-004 DU 26 AVRIL 1988 [371f1191].jpg (0.0 Mo, image/jpeg)
[2026-09-05 12:07:36] OK - Document 3aa3ce91 [3aa3ce91].jpg (0.0 Mo, image/jpeg)
[2026-09-05 12:07:36] OK - Document 2a6affd1 [2a6affd1].jpg (0.0 Mo, image/jpeg)
[2026-09-05 12:07:36] OK - LOI N°81-006 DU 25 MARS 1981 [2cc130e2].jpg (0.0 Mo, image/jpeg)
[2026-09-05 12:07:36] OK - LOI N°63-3 [30a13ac2].jpg (0.0 Mo, image/jpeg)
[2026-09-05 12:07:37] OK - LOI N°52-17 [3493faa5].jpg (0.0 Mo, image/jpeg)
[2026-09-05 12:07:37] OK - LOI N°62-25 [3fed6126].jpg (0.0 Mo, image/jpeg)
[2026-09-05 12:07:37] OK - Document e0cc1a1f [e0cc1a1f].jpg (0.0 Mo, image/jpeg)
[2026-09-05 12:07:37] OK - LOI N°62-25 [3c7e37b5].jpg (0.0 Mo, image/jpeg)
[2026-09-05 12:07:37] OK - Document f11a066c [f11a066c].jpg (0.0 Mo, image/jpeg)
[2026-09-05 12:07:37] OK - Document e7840d63 [e7840d63].jpg (0.0 Mo, image/jpeg)
[2026-09-05 12:07:37] OK - Document e57d81c5 [e57d81c5].jpg (0.0 Mo, image/jpeg)
[2026-09-05 12:07:37] OK - Document ea1f21fe [ea1f21fe].jpg (0.0 Mo, image/jpeg)
[2026-09-05 12:07:37] OK - Document e99db565 [e99db565].jpg (0.0 Mo, image/jpeg)
[2026-09-05 12:07:37] OK - Document e86787e3 [e86787e3].jpg (0.0 Mo, image/jpeg)
[2026-09-05 12:07:37] OK - Document f857adad [f857adad].jpg (0.0 Mo, image/jpeg)
[2026-09-05 12:07:38] OK - Document f0a913dd [f0a913dd].jpg (0.0 Mo, image/jpeg)
[2026-09-05 12:07:38] OK - Document ee7d1a8a [ee7d1a8a].jpg (0.0 Mo, image/jpeg)
[2026-09-05 12:07:38] OK - Document fd466cee [fd466cee].jpg (0.0 Mo, image/jpeg)
[2026-09-05 12:07:38] OK - Document ffa9bdb9 [ffa9bdb9].jpg (0.0 Mo, image/jpeg)
[2026-09-05 12:07:38] OK - Loi N° 81-003 portan création d'un Conseil National de la Comptabilité [3f9069e0].pdf (2.9 Mo, application/pdf)
[2026-09-05 12:07:38] OK - LOI N°83-002 DU 17 MAI 1983 [d22cdd73].jpg (0.0 Mo, image/jpeg)
[2026-09-05 12:07:38] OK - Document b5047bf5 [b5047bf5].jpg (0.0 Mo, image/jpeg)
[2026-09-05 12:07:38] OK - Document 414e56db [414e56db].jpg (0.0 Mo, image/jpeg)
[2026-09-05 12:07:38] OK - LOI N°62-13 [48eea637].jpg (0.0 Mo, image/jpeg)
[2026-09-05 12:07:39] OK - Document 4a76899e [4a76899e].jpg (0.0 Mo, image/jpeg)
[2026-09-05 12:07:39] OK - Document 4e78beda [4e78beda].jpg (0.0 Mo, image/jpeg)
[2026-09-05 12:07:39] OK - Document 55a38057 [55a38057].jpg (0.0 Mo, image/jpeg)
[2026-09-05 12:07:39] OK - Document 4e84ab14 [4e84ab14].jpg (0.0 Mo, image/jpeg)
[2026-09-05 12:07:39] OK - Document 56587702 [56587702].jpg (0.0 Mo, image/jpeg)
[2026-09-05 12:07:39] OK - Document 57135c45 [57135c45].jpg (0.0 Mo, image/jpeg)
[2026-09-05 12:07:39] OK - Document 910035e1 [910035e1].jpg (0.0 Mo, image/jpeg)
[2026-09-05 12:07:39] OK - Document 4928ffe5 [4928ffe5].jpg (0.0 Mo, image/jpeg)
[2026-09-05 12:07:39] OK - Document 5eb4e1ed [5eb4e1ed].jpg (0.0 Mo, image/jpeg)
[2026-09-05 12:07:39] OK - Document 8af2ebba [8af2ebba].jpg (0.0 Mo, image/jpeg)
[2026-09-05 12:07:39] OK - Document 62d92272 [62d92272].jpg (0.0 Mo, image/jpeg)
[2026-09-05 12:07:39] OK - Document 6485c320 [6485c320].jpg (0.0 Mo, image/jpeg)
[2026-09-05 12:07:39] OK - Document a3a458d0 [a3a458d0].jpg (0.0 Mo, image/jpeg)
[2026-09-05 12:07:40] OK - Document 8e645153 [8e645153].jpg (0.0 Mo, image/jpeg)
[2026-09-05 12:07:40] OK - Document 8d660627 [8d660627].jpg (0.0 Mo, image/jpeg)
[2026-09-05 12:07:40] OK - Document bf588e79 [bf588e79].jpg (0.0 Mo, image/jpeg)
[2026-09-05 12:07:40] OK - Document b1f2d50d [b1f2d50d].jpg (0.0 Mo, image/jpeg)
[2026-09-05 12:07:40] OK - Document 98f495b2 [98f495b2].jpg (0.0 Mo, image/jpeg)
[2026-09-05 12:07:40] OK - Document 96d9c9e0 [96d9c9e0].jpg (0.0 Mo, image/jpeg)
[2026-09-05 12:07:40] OK - Document 9b2c6779 [9b2c6779].jpg (0.0 Mo, image/jpeg)
[2026-09-05 12:07:40] OK - Document 9c32b460 [9c32b460].jpg (0.0 Mo, image/jpeg)
[2026-09-05 12:07:40] OK - Document a678f360 [a678f360].jpg (0.0 Mo, image/jpeg)
[2026-09-05 12:07:41] OK - Document 7530fb33 [7530fb33].jpg (0.0 Mo, image/jpeg)
[2026-09-05 12:07:41] OK - Document 7a54b7ab [7a54b7ab].jpg (0.0 Mo, image/jpeg)
[2026-09-05 12:07:41] OK - Document 755dfe70 [755dfe70].jpg (0.0 Mo, image/jpeg)
[2026-09-05 12:07:41] OK - Document 782995ac [782995ac].jpg (0.0 Mo, image/jpeg)
[2026-09-05 12:07:41] OK - Document 7a7d1ac2 [7a7d1ac2].jpg (0.0 Mo, image/jpeg)
[2026-09-05 12:07:41] OK - Document 8030956c [8030956c].jpg (0.0 Mo, image/jpeg)
[2026-09-05 12:07:41] OK - Document 83836ebe [83836ebe].jpg (0.0 Mo, image/jpeg)
[2026-09-05 12:07:41] OK - Document 692b0188 [692b0188].jpg (0.0 Mo, image/jpeg)
[2026-09-05 12:07:41] OK - Document 69288fb9 [69288fb9].jpg (0.0 Mo, image/jpeg)
[2026-09-05 12:07:41] OK - Document 6e8ad4ac [6e8ad4ac].jpg (0.0 Mo, image/jpeg)
[2026-09-05 12:07:41] OK - Document 88bf843f [88bf843f].jpg (0.0 Mo, image/jpeg)
[2026-09-05 12:07:41] OK - Document 740a2782 [740a2782].jpg (0.0 Mo, image/jpeg)
[2026-09-05 12:07:41] OK - Document 7e9039ba [7e9039ba].jpg (0.0 Mo, image/jpeg)
[2026-09-05 12:07:42] OK - Document 6e9834df [6e9834df].jpg (0.0 Mo, image/jpeg)
[2026-09-05 12:07:42] OK - Document 77df53cb [77df53cb].jpg (0.0 Mo, image/jpeg)
[2026-09-05 12:07:42] OK - Document 86b77dc9 [86b77dc9].jpg (0.0 Mo, image/jpeg)
[2026-09-05 12:07:42] OK - Document 818c1169 [818c1169].jpg (0.0 Mo, image/jpeg)
[2026-09-05 12:07:42] OK - Document 86bf673f [86bf673f].jpg (0.0 Mo, image/jpeg)
[2026-09-05 12:07:42] OK - Document 872cbeca [872cbeca].jpg (0.0 Mo, image/jpeg)
[2026-09-05 12:07:42] OK - Document b3f842cf [b3f842cf].jpg (0.0 Mo, image/jpeg)
[2026-09-05 12:07:42] OK - Document 7f16f20d [7f16f20d].jpg (0.0 Mo, image/jpeg)
[2026-09-05 12:07:42] OK - Document bb662811 [bb662811].jpg (0.0 Mo, image/jpeg)
[2026-09-05 12:07:42] OK - Document dba8e25a [dba8e25a].jpg (0.0 Mo, image/jpeg)
[2026-09-05 12:07:43] OK - Document c0d2ea96 [c0d2ea96].jpg (0.0 Mo, image/jpeg)
[2026-09-05 12:07:43] OK - Document c660a5c8 [c660a5c8].jpg (0.0 Mo, image/jpeg)
[2026-09-05 12:07:43] OK - Document be24e1e7 [be24e1e7].jpg (0.0 Mo, image/jpeg)
[2026-09-05 12:07:43] OK - Document bf3c6be8 [bf3c6be8].jpg (0.0 Mo, image/jpeg)
[2026-09-05 12:07:43] OK - Document c77e006c [c77e006c].jpg (0.0 Mo, image/jpeg)
[2026-09-05 12:07:43] OK - Document c8244875 [c8244875].jpg (0.0 Mo, image/jpeg)
[2026-09-05 12:07:43] OK - Document cfff1a4f [cfff1a4f].jpg (0.0 Mo, image/jpeg)
[2026-09-05 12:07:43] OK - Document d91b1399 [d91b1399].jpg (0.0 Mo, image/jpeg)
[2026-09-05 12:07:43] OK - Document d27cd49f [d27cd49f].jpg (0.0 Mo, image/jpeg)
[2026-09-05 12:07:43] OK - Document ce4b750f [ce4b750f].jpg (0.0 Mo, image/jpeg)
[2026-09-05 12:07:43] OK - Document d9523302 [d9523302].jpg (0.0 Mo, image/jpeg)
[2026-09-05 12:07:43] OK - LOI N°61-15 [2a6d7b89].jpg (0.0 Mo, image/jpeg)
[2026-09-05 12:07:43] OK - LOI N°61-31 [2c96804b].jpg (0.0 Mo, image/jpeg)
[2026-09-05 12:07:44] OK - LOI N°61-35 [336fad26].jpg (0.0 Mo, image/jpeg)
[2026-09-05 12:07:44] OK - LOI N° 65-3 [359077f9].jpg (0.0 Mo, image/jpeg)
[2026-09-05 12:07:44] OK - LOI N° 62-3 26 FEVRIER 1963 [35ce8d3f].jpg (0.0 Mo, image/jpeg)
[2026-09-05 12:07:44] OK - LOI N°61-12 [383d9f3e].jpg (0.0 Mo, image/jpeg)
[2026-09-05 12:07:44] OK - Document 3a6d88a1 [3a6d88a1].jpg (0.0 Mo, image/jpeg)
[2026-09-05 12:07:44] OK - Document 3e9fb16a [3e9fb16a].jpg (0.0 Mo, image/jpeg)
[2026-09-05 12:07:44] OK - LOI N°64-2 [3eaf515f].jpg (0.0 Mo, image/jpeg)
[2026-09-05 12:07:44] OK - Document ea63852a [ea63852a].jpg (0.0 Mo, image/jpeg)
[2026-09-05 12:07:44] OK - Document e1620838 [e1620838].jpg (0.0 Mo, image/jpeg)
[2026-09-05 12:07:44] OK - Document eef919fc [eef919fc].jpg (0.0 Mo, image/jpeg)
[2026-09-05 12:07:44] OK - LOI N°2017-19 DU 18 SEPTEMBRE 2017 [ee46575d].jpg (0.0 Mo, image/jpeg)
[2026-09-05 12:07:44] OK - Document f0ae885d [f0ae885d].jpg (0.0 Mo, image/jpeg)
[2026-09-05 12:07:44] OK - Document f444e6da [f444e6da].jpg (0.0 Mo, image/jpeg)
[2026-09-05 12:07:45] OK - Document f8c1a2d8 [f8c1a2d8].jpg (0.0 Mo, image/jpeg)
[2026-09-05 12:07:45] OK - Document faa34c58 [faa34c58].jpg (0.0 Mo, image/jpeg)
[2026-09-05 12:07:45] OK - Document fbb1cc58 [fbb1cc58].jpg (0.0 Mo, image/jpeg)
[2026-09-05 12:07:45] OK - Document fcf42a9f [fcf42a9f].jpg (0.0 Mo, image/jpeg)
[2026-09-05 12:07:45] OK - Document fb44742e [fb44742e].jpg (0.0 Mo, image/jpeg)
[2026-09-05 12:07:45] OK - Document ff11e739 [ff11e739].jpg (0.0 Mo, image/jpeg)
[2026-09-05 12:07:45] OK - Document 8e1ce398 [8e1ce398].jpg (0.0 Mo, image/jpeg)
[2026-09-05 12:07:45] OK - Document 8e565834 [8e565834].jpg (0.0 Mo, image/jpeg)
[2026-09-05 12:07:45] OK - Document 8e6ed164 [8e6ed164].jpg (0.0 Mo, image/jpeg)
[2026-09-05 12:07:45] OK - Document 98f61dd5 [98f61dd5].jpg (0.0 Mo, image/jpeg)
[2026-09-05 12:07:45] OK - Document a54e62e4 [a54e62e4].jpg (0.0 Mo, image/jpeg)
[2026-09-05 12:07:45] OK - Document 5a3c10f1 [5a3c10f1].jpg (0.0 Mo, image/jpeg)
[2026-09-05 12:07:45] OK - Document f8ee643d [f8ee643d].jpg (0.0 Mo, image/jpeg)
[2026-09-05 12:07:46] OK - Document 5ceae900 [5ceae900].jpg (0.0 Mo, image/jpeg)
[2026-09-05 12:07:46] OK - Document 42d77fd9 [42d77fd9].jpg (0.0 Mo, image/jpeg)
[2026-09-05 12:07:46] OK - Document 5f4d6fe3 [5f4d6fe3].jpg (0.0 Mo, image/jpeg)
[2026-09-05 12:07:46] OK - Document 55f8fba6 [55f8fba6].jpg (0.0 Mo, image/jpeg)
[2026-09-05 12:07:46] OK - Document 5785c790 [5785c790].jpg (0.0 Mo, image/jpeg)
[2026-09-05 12:07:46] OK - Document 474f7259 [474f7259].jpg (0.0 Mo, image/jpeg)
[2026-09-05 12:07:46] OK - Document 634b0724 [634b0724].jpg (0.0 Mo, image/jpeg)
[2026-09-05 12:07:46] OK - Document 4acc5c7a [4acc5c7a].jpg (0.0 Mo, image/jpeg)
[2026-09-05 12:07:46] OK - Document a68d96f8 [a68d96f8].jpg (0.0 Mo, image/jpeg)
[2026-09-05 12:07:46] OK - Document 5a5e2706 [5a5e2706].jpg (0.0 Mo, image/jpeg)
[2026-09-05 12:07:46] OK - Document 42f8eb37 [42f8eb37].jpg (0.0 Mo, image/jpeg)
[2026-09-05 12:07:46] OK - Document 5e5cf560 [5e5cf560].jpg (0.0 Mo, image/jpeg)
[2026-09-05 12:07:47] OK - Document 3a91b201 [3a91b201].jpg (0.0 Mo, image/jpeg)
[2026-09-05 12:07:47] OK - LOI N°2011-38 DU 28 DECEMBRE 2011 [40f6b26a].jpg (0.0 Mo, image/jpeg)
[2026-09-05 12:07:47] OK - Document 6713841b [6713841b].jpg (0.0 Mo, image/jpeg)
[2026-09-05 12:07:47] OK - Document 67148986 [67148986].jpg (0.0 Mo, image/jpeg)
[2026-09-05 12:07:47] OK - Document 743e2af1 [743e2af1].jpg (0.0 Mo, image/jpeg)
[2026-09-05 12:07:47] OK - Document b566295a [b566295a].jpg (0.0 Mo, image/jpeg)
[2026-09-05 12:07:47] OK - Document b97dc0e4 [b97dc0e4].jpg (0.0 Mo, image/jpeg)
[2026-09-05 12:07:47] OK - Document b8b6a047 [b8b6a047].jpg (0.0 Mo, image/jpeg)
[2026-09-05 12:07:47] OK - LOI N°2011-37 DU 19 DECEMBRE 2011 [bfdd5c46].jpg (0.0 Mo, image/jpeg)
[2026-09-05 12:07:47] OK - LOI N°2012-34 DU 19 SEPTEMBRE 2012 [a3552ccf].jpg (0.0 Mo, image/jpeg)
[2026-09-05 12:07:47] OK - LOI N°61-32 [c2f252f9].jpg (0.1 Mo, image/jpeg)
[2026-09-05 12:07:47] OK - LOI N°2010-41 DU 22 OCTOBRE 2010 [99c1b56c].jpg (0.0 Mo, image/jpeg)
[2026-09-05 12:07:47] OK - Document 98362d33 [98362d33].jpg (0.0 Mo, image/jpeg)
[2026-09-05 12:07:48] OK - Document 94ac3bdb [94ac3bdb].jpg (0.0 Mo, image/jpeg)
[2026-09-05 12:07:48] OK - LOI N°2011-40 DU 28 DECEMBRE 2011 [9cb576b5].jpg (0.0 Mo, image/jpeg)
[2026-09-05 12:07:48] OK - Document 9a74cecc [9a74cecc].jpg (0.0 Mo, image/jpeg)
[2026-09-05 12:07:48] OK - LOI N°2012-30 DU 27 NOVEMBRE 2012 [9e1bda6c].jpg (0.0 Mo, image/jpeg)
[2026-09-05 12:07:48] OK - Document 9f0e7ccf [9f0e7ccf].jpg (0.0 Mo, image/jpeg)
[2026-09-05 12:07:48] OK - Document d1b307ae [d1b307ae].jpg (0.0 Mo, image/jpeg)
[2026-09-05 12:07:48] OK - Document d71f8e50 [d71f8e50].jpg (0.0 Mo, image/jpeg)
[2026-09-05 12:07:48] OK - Document a3e24ad0 [a3e24ad0].jpg (0.0 Mo, image/jpeg)
[2026-09-05 12:07:48] OK - Document ec8ed9fa [ec8ed9fa].jpg (0.0 Mo, image/jpeg)
[2026-09-05 12:07:48] OK - Document f1c69626 [f1c69626].jpg (0.0 Mo, image/jpeg)
[2026-09-05 12:07:48] OK - LOI N°2017-12 DU 17 MAI 2017 [fdce5dba].jpg (0.0 Mo, image/jpeg)
[2026-09-05 12:07:48] OK - Document f441f0e5 [f441f0e5].jpg (0.0 Mo, image/jpeg)
[2026-09-05 12:07:48] OK - Document fc8c8593 [fc8c8593].jpg (0.0 Mo, image/jpeg)
[2026-09-05 12:07:48] OK - LOI N°61-2 du [fe0c32fb].jpg (0.0 Mo, image/jpeg)
[2026-09-05 12:07:49] OK - LOI N°2017-08 DU 19 JUIN 2017 [e5ccba24].jpg (0.0 Mo, image/jpeg)
[2026-09-05 12:07:49] OK - LOI N°2012-27 DU 13 JUILLET 2012 [e8e26585].jpg (0.0 Mo, image/jpeg)
[2026-09-05 12:07:49] OK - LOI N°2017-32 DU 03 AOÛT 2017 [fbb17474].jpg (0.0 Mo, image/jpeg)
[2026-09-05 12:07:49] OK - Document ed5cf5d9 [ed5cf5d9].jpg (0.0 Mo, image/jpeg)
[2026-09-05 12:07:49] OK - LOI N°2017-13 DU 19 JUIN 2017 [b444a3e5].jpg (0.0 Mo, image/jpeg)
[2026-09-05 12:07:49] OK - Document 43aa8ceb [43aa8ceb].jpg (0.0 Mo, image/jpeg)
[2026-09-05 12:07:49] OK - Document 5f99a5cb [5f99a5cb].jpg (0.0 Mo, image/jpeg)
[2026-09-05 12:07:49] OK - LOI N°2011-32 DU 18 NOVEMBRE 2011 [96942267].jpg (0.0 Mo, image/jpeg)
[2026-09-05 12:07:49] OK - LOI N°2011-31 DU 18 NOVEMBRE 2011 [8e1bb16c].jpg (0.0 Mo, image/jpeg)
[2026-09-05 12:07:49] OK - LOI N°2010-38 DU 22 OCTOBRE 2010 [96ea411e].jpg (0.0 Mo, image/jpeg)
[2026-09-05 12:07:49] OK - LOI N°2010-36 DU 25 OCTOBRE 2010 [98d344cf].jpg (0.0 Mo, image/jpeg)
[2026-09-05 12:07:50] OK - LOI N°2017-26 DU 12 OCTOBRE 2017 [a52ba9c1].jpg (0.0 Mo, image/jpeg)
[2026-09-05 12:07:50] OK - LOI N°2011-34 DU 15 DECEMBRE 2011 [a1dcf01b].jpg (0.0 Mo, image/jpeg)
[2026-09-05 12:07:50] OK - LOI N°2017-12 DU 17 MAI 2017 [a7c33b22].jpg (0.0 Mo, image/jpeg)
[2026-09-05 12:07:50] OK - LOI N°2011-33 DU 18 NOVEMBRE 2011 [a8407c8a].jpg (0.0 Mo, image/jpeg)
[2026-09-05 12:07:50] OK - LOI N°2012-20 DU 10 JUILLET 2012 [b56a87ce].jpg (0.0 Mo, image/jpeg)
[2026-09-05 12:07:50] OK - LOI N°2010-35 DU 30 DECEMBRE 2010 [c5ba606a].jpg (0.0 Mo, image/jpeg)
[2026-09-05 12:07:50] OK - LOI N°2012-25 DU 20 JUIN 2012 [c7111e04].jpg (0.0 Mo, image/jpeg)
[2026-09-05 12:07:50] OK - LOI N°2013-17 DU 11 OCTOBRE 2013 [b61b7211].jpg (0.0 Mo, image/jpeg)
[2026-09-05 12:07:50] OK - LOI N°2013-16 DU 11 OCTOBRE 2013 [bfa33d28].jpg (0.0 Mo, image/jpeg)
[2026-09-05 12:07:50] OK - LOI N°97-017 DU 10 JUIN 1997 [e611e9d7].jpg (0.0 Mo, image/jpeg)
[2026-09-05 12:07:50] OK - LOI N°2011-28 DU 14 NOVEMBRE 2011 [fbc1e5d2].jpg (0.0 Mo, image/jpeg)
[2026-09-05 12:07:50] OK - Document 6b1f33c7 [6b1f33c7].jpg (0.0 Mo, image/jpeg)
[2026-09-05 12:07:51] OK - LOI N°90-010 [2f50af98].jpg (0.0 Mo, image/jpeg)
[2026-09-05 12:07:51] OK - LOI N°2013-19 DU 11 OCTOBRE 2013 [902491f6].jpg (0.0 Mo, image/jpeg)
[2026-09-05 12:07:51] OK - Document 95ba03d2 [95ba03d2].jpg (0.0 Mo, image/jpeg)
[2026-09-05 12:07:51] OK - LOI N°95-09 DU 25 SEPTEMBRE 1995 [9650f11a].jpg (0.0 Mo, image/jpeg)
[2026-09-05 12:07:51] OK - LOI N°2017-06 DU 29 SEPTEMBRE 2017 [a1ab1270].jpg (0.0 Mo, image/jpeg)
[2026-09-05 12:07:51] OK - LOI N°2010-32 DU 13 JUILLET 2010 [44f00d18].jpg (0.0 Mo, image/jpeg)
[2026-09-05 12:07:51] OK - Document 46407294 [46407294].jpg (0.0 Mo, image/jpeg)
[2026-09-05 12:07:51] OK - Document 5b5b6ab5 [5b5b6ab5].jpg (0.0 Mo, image/jpeg)
[2026-09-05 12:07:51] OK - LOI N°2013-24 DU 24 OCTOBRE 2013 [822bf7ea].jpg (0.0 Mo, image/jpeg)
[2026-09-05 12:07:51] OK - LOI N°2007-29 DU 28 NOVEMBRE 2007 [b5d85776].jpg (0.0 Mo, image/jpeg)
[2026-09-05 12:07:51] OK - LOI N°2013-10 DU 30 JUILLET 2013 [bb363867].jpg (0.0 Mo, image/jpeg)
[2026-09-05 12:07:51] OK - LOI N°2015-18 DU 21 DECEMBRE 2015 [c3f7cf66].jpg (0.0 Mo, image/jpeg)
[2026-09-05 12:07:51] OK - Document 9437233d [9437233d].jpg (0.0 Mo, image/jpeg)
[2026-09-05 12:07:51] OK - LOI N°2013-24 DU 24 OCTOBRE 2013 [c7effd5b].jpg (0.0 Mo, image/jpeg)
[2026-09-05 12:07:52] OK - LOI N°2009-25 DU 03 AOÛT 2009 [e3853078].jpg (0.0 Mo, image/jpeg)
[2026-09-05 12:07:52] OK - LOI N°2009-24 DU 03 AOÛT 2009 [de83506b].jpg (0.0 Mo, image/jpeg)
[2026-09-05 12:07:52] OK - LOI N°2007-30 DU 28 NOVEMBRE 2007 [e792ea55].jpg (0.0 Mo, image/jpeg)
[2026-09-05 12:07:52] OK - Document 8b3f639a [8b3f639a].jpg (0.0 Mo, image/jpeg)
[2026-09-05 12:07:52] OK - LOI N°2011-12 DU 25 AOUT 2011 [9762e624].jpg (0.0 Mo, image/jpeg)
[2026-09-05 12:07:52] OK - LOI N°2013-26 DU 24 OCTOBRE 2013 [972040f3].jpg (0.0 Mo, image/jpeg)
[2026-09-05 12:07:52] OK - Document 9b1784b1 [9b1784b1].jpg (0.0 Mo, image/jpeg)
[2026-09-05 12:07:52] OK - Document 98e1fe6d [98e1fe6d].jpg (0.0 Mo, image/jpeg)
[2026-09-05 12:07:52] OK - Document e25ae0c1 [e25ae0c1].jpg (0.0 Mo, image/jpeg)
[2026-09-05 12:07:52] OK - LOI N°90-008 DU 15 AOUT 1990 [2c2f124d].jpg (0.0 Mo, image/jpeg)
[2026-09-05 12:07:52] OK - LOI N°2015-38 DU 21 DECEMBRE 2015 [a4e2ab33].jpg (0.0 Mo, image/jpeg)
[2026-09-05 12:07:52] OK - LOI N°2007-09 DU 05 JUILLET 2007 [e6bb27fe].jpg (0.0 Mo, image/jpeg)
[2026-09-05 12:07:52] OK - LOI N°2010-25 DU 18 JUIN 2010 [341438c6].jpg (0.0 Mo, image/jpeg)
[2026-09-05 12:07:53] OK - LOI N°2015-26 DU 01 AOÛT 2015 [bbe4e492].jpg (0.0 Mo, image/jpeg)
[2026-09-05 12:07:53] OK - LOI N°2000-20 DU 02 JUILLET 2000 [f5c7842c].jpg (0.0 Mo, image/jpeg)
[2026-09-05 12:07:53] OK - LOI N°2011-24 DU 30 SEPTEMBRE 2011 [c48a5c62].jpg (0.0 Mo, image/jpeg)
[2026-09-05 12:07:53] OK - LOI N°2011-16 DU 05 SEPTEMBRE 2011 [e56e0af1].jpg (0.0 Mo, image/jpeg)
[2026-09-05 12:07:53] OK - LOI N°2015-22 DU 03 AOÛT 2015 [a820be8e].jpg (0.0 Mo, image/jpeg)
[2026-09-05 12:07:53] OK - LOI N°2009-15 DU 25 MAI 2009 [e1ef40a5].jpg (0.0 Mo, image/jpeg)
[2026-09-05 12:07:53] OK - LOI N°2011-13 DU 25 AOÛT 2011 [cab18e63].jpg (0.0 Mo, image/jpeg)
[2026-09-05 12:07:53] OK - LOI N°90-026 DU 17 SEPTEMBRE 1990 [fd19efd6].jpg (0.0 Mo, image/jpeg)
[2026-09-05 12:07:53] OK - Document 5677e258 [5677e258].jpg (0.0 Mo, image/jpeg)
[2026-09-05 12:07:53] OK - LOI N°2011-08 DU 06 JUILLET 2011 [8de96ddd].jpg (0.0 Mo, image/jpeg)
[2026-09-05 12:07:53] OK - LOI N°2004-03 du 27 Avril 2006 [fdc07628].jpg (0.0 Mo, image/jpeg)
[2026-09-05 12:07:53] OK - LOI N°2012-09 DU 26 JANVIER 2012 [ef33e4ad].jpg (0.0 Mo, image/jpeg)
[2026-09-05 12:07:54] OK - LOI N°2004-01 DU 11 FEVRIER 2004 [b5a71456].jpg (0.0 Mo, image/jpeg)
[2026-09-05 12:07:54] OK - Document 9f11ae73 [9f11ae73].jpg (0.0 Mo, image/jpeg)
[2026-09-05 12:07:54] OK - Document a2c4aada [a2c4aada].jpg (0.0 Mo, image/jpeg)
[2026-09-05 12:07:54] OK - LOI N°2010-15 DU 16 JUIN 2010 [b76c876c].jpg (0.0 Mo, image/jpeg)
[2026-09-05 12:07:54] OK - LOI N°2009-10 DU 17 JUIN 2009 [2f9525d6].jpg (0.0 Mo, image/jpeg)
[2026-09-05 12:07:54] OK - LOI N°2005-43 du 22 Décembre 2005 [3f3478b0].jpg (0.0 Mo, image/jpeg)
[2026-09-05 12:07:54] OK - LOI N°2009-15 DU 25 MAI 2009 [295dcc63].jpg (0.0 Mo, image/jpeg)
[2026-09-05 12:07:54] OK - LOI N°2007-19 DU 09 AOÛT 2007 [30f8a053].jpg (0.0 Mo, image/jpeg)
[2026-09-05 12:07:54] OK - Document 5180ee2b [5180ee2b].jpg (0.0 Mo, image/jpeg)
[2026-09-05 12:07:54] OK - LOI N°2011-06 DU 05 JUILLET 2011 [98804955].jpg (0.0 Mo, image/jpeg)
[2026-09-05 12:07:54] OK - LOI N°2011-07 DU 06 JUILLET 2011 [b5c79167].jpg (0.0 Mo, image/jpeg)
[2026-09-05 12:07:54] OK - Document 518b4db9 [518b4db9].jpg (0.0 Mo, image/jpeg)
[2026-09-05 12:07:55] OK - LOI N°61-31 [ae562cce].jpg (0.0 Mo, image/jpeg)
[2026-09-05 12:07:55] OK - LOI N0°2015-20 du 19 Juin 2015 [3ffc2538].jpg (0.0 Mo, image/jpeg)
[2026-09-05 12:07:55] OK - Document 52c6002f [52c6002f].jpg (0.0 Mo, image/jpeg)
[2026-09-05 12:07:55] OK - LOI N°2005-28 DU 10 AOUT 2005 [ca8c1b16].jpg (0.0 Mo, image/jpeg)
[2026-09-05 12:07:55] OK - Document 5b319273 [5b319273].jpg (0.0 Mo, image/jpeg)
[2026-09-05 12:07:55] OK - Document 5fc0890c [5fc0890c].jpg (0.0 Mo, image/jpeg)
[2026-09-05 12:07:55] OK - LOI N°2005-30 DU 05 AVRIL 2006 [b66f9929].jpg (0.0 Mo, image/jpeg)
[2026-09-05 12:07:55] OK - Document b6b8f77c [b6b8f77c].jpg (0.0 Mo, image/jpeg)
[2026-09-05 12:07:55] OK - Document beec0c81 [beec0c81].jpg (0.0 Mo, image/jpeg)
[2026-09-05 12:07:55] OK - Document bd7e3ac0 [bd7e3ac0].jpg (0.0 Mo, image/jpeg)
[2026-09-05 12:07:55] OK - LOI N°2011-03 DU 04 MARS 2011 [bcd59879].jpg (0.0 Mo, image/jpeg)
[2026-09-05 12:07:55] OK - LOI N°2011-05 DU 06 JUILLET 2011 [2b5ea12d].jpg (0.0 Mo, image/jpeg)
[2026-09-05 12:07:55] OK - Document 971eaa4c [971eaa4c].jpg (0.0 Mo, image/jpeg)
[2026-09-05 12:07:56] OK - LOI N°2010-08 DU 02 FEVRIER 2010 [c6a00dd6].jpg (0.0 Mo, image/jpeg)
[2026-09-05 12:07:56] OK - Document d1e89993 [d1e89993].jpg (0.0 Mo, image/jpeg)
[2026-09-05 12:07:56] OK - LOI N°2004-07 DU 23 OCTOBRE 2007 [e29564c5].jpg (0.0 Mo, image/jpeg)
[2026-09-05 12:07:56] OK - Document e71f1d48 [e71f1d48].jpg (0.0 Mo, image/jpeg)
[2026-09-05 12:07:56] OK - LOI N°2010-01 DU 08 JANVIER 2010 [e4faaca3].jpg (0.0 Mo, image/jpeg)
[2026-09-05 12:07:56] OK - Document e7881756 [e7881756].jpg (0.0 Mo, image/jpeg)
[2026-09-05 12:07:56] OK - LOI N°2005-34 DU 20 OCTOBRE 2005 [7363c8bf].jpg (0.0 Mo, image/jpeg)
[2026-09-05 12:07:56] OK - Document 923280dd [923280dd].jpg (0.0 Mo, image/jpeg)
[2026-09-05 12:07:56] OK - LOI N°2005-33 DU 06 OCTOBRE 2005 [9cec01e3].jpg (0.0 Mo, image/jpeg)
[2026-09-05 12:07:56] OK - LOI N°2011-02 DU 31 JANVIER 2011 [a82f0fe1].jpg (0.0 Mo, image/jpeg)
[2026-09-05 12:07:56] OK - Document a0340226 [a0340226].jpg (0.0 Mo, image/jpeg)
[2026-09-05 12:07:57] OK - LOI N°2006-17 DU 17 OCTOBRE 2006 [e0f5ebf6].jpg (0.0 Mo, image/jpeg)
[2026-09-05 12:07:57] OK - LOI N°2007-12 DU 23 JUILLET 2007 [fc3dfc94].jpg (0.0 Mo, image/jpeg)
[2026-09-05 12:07:57] OK - LOI N°2008-06 DU 06 OCTOBRE 2008 [bde0f72c].jpg (0.0 Mo, image/jpeg)
[2026-09-05 12:07:57] OK - LOI N°2017-12 DU 17 MAI 2017 [a7d3e84c].jpg (0.0 Mo, image/jpeg)
[2026-09-05 12:07:57] OK - LOI N°2008-05 DU 24 SEPTEMBRE 2008 [bfcf5273].jpg (0.0 Mo, image/jpeg)
[2026-09-05 12:07:57] OK - Document d893b75f [d893b75f].jpg (0.0 Mo, image/jpeg)
[2026-09-05 12:07:57] OK - Document d5b87f6c [d5b87f6c].jpg (0.0 Mo, image/jpeg)
[2026-09-05 12:07:57] OK - Document 9f144ce5 [9f144ce5].jpg (0.0 Mo, image/jpeg)
[2026-09-05 12:07:57] OK - Document c464c79e [c464c79e].jpg (0.0 Mo, image/jpeg)
[2026-09-05 12:07:57] OK - LOI N°2006-22 du 14 Décembre 2006 [4060b181].jpg (0.0 Mo, image/jpeg)
[2026-09-05 12:07:58] OK - Document a17337bd [a17337bd].jpg (0.0 Mo, image/jpeg)
[2026-09-05 12:07:58] OK - Document a5601802 [a5601802].jpg (0.0 Mo, image/jpeg)
[2026-09-05 12:07:58] OK - LOI N°2007-16 DU 27 JUILLET 2007 [a24287a9].jpg (0.0 Mo, image/jpeg)
[2026-09-05 12:07:58] OK - LOI N°90-012 DU 1er JUIN 1990 [43626484].jpg (0.0 Mo, image/jpeg)
[2026-09-05 12:07:58] OK - Document a748e9d8 [a748e9d8].jpg (0.0 Mo, image/jpeg)
[2026-09-05 12:07:58] OK - LOI N°2008-08 DU 06 OCTOBRE 2008 [b2ad62ee].jpg (0.0 Mo, image/jpeg)
[2026-09-05 12:07:58] OK - Document a6e64dd5 [a6e64dd5].jpg (0.0 Mo, image/jpeg)
[2026-09-05 12:07:58] OK - LOI N°2005-18 DU 08 JUILLET 2005 [9f7d8023].jpg (0.0 Mo, image/jpeg)
[2026-09-05 12:07:58] OK - LOI N°2007-08 DU 05 JUILLET 2007 [b035d8f9].jpg (0.0 Mo, image/jpeg)
[2026-09-05 12:07:58] OK - LOI N°2009-01 DU 16 JANVIER 2009 [fb132f61].jpg (0.0 Mo, image/jpeg)
[2026-09-05 12:07:58] OK - Document c1f880b4 [c1f880b4].jpg (0.0 Mo, image/jpeg)
[2026-09-05 12:07:59] OK - Document 462f3ccb [462f3ccb].jpg (0.0 Mo, image/jpeg)
[2026-09-05 12:07:59] OK - Document 598624f5 [598624f5].jpg (0.0 Mo, image/jpeg)
[2026-09-05 12:07:59] OK - LOI N°2001-34 DU 22 NOVEMBRE 2001 [3f35bb88].jpg (0.0 Mo, image/jpeg)
[2026-09-05 12:07:59] OK - Document c9b4b02a [c9b4b02a].jpg (0.0 Mo, image/jpeg)
[2026-09-05 12:07:59] OK - LOI N°90-012 DU 1er JUIN 1990 [c10a9fa9].jpg (0.0 Mo, image/jpeg)
[2026-09-05 12:07:59] OK - Document 82a423b8 [82a423b8].jpg (0.0 Mo, image/jpeg)
[2026-09-05 12:07:59] OK - Document 7386bbc2 [7386bbc2].jpg (0.0 Mo, image/jpeg)
[2026-09-05 12:07:59] OK - Document d9b2ea4a [d9b2ea4a].jpg (0.0 Mo, image/jpeg)
[2026-09-05 12:07:59] OK - Document 8679d950 [8679d950].jpg (0.0 Mo, image/jpeg)
[2026-09-05 12:07:59] OK - LOI N°2005-17 DU 27 JUIN 2005 [d6c1fdcd].jpg (0.0 Mo, image/jpeg)
[2026-09-05 12:07:59] OK - LOI N°90-004 DU 15 MAI 1990 [443c25cc].jpg (0.0 Mo, image/jpeg)
[2026-09-05 12:07:59] OK - LOI N°2001-28 DU 11 DECEMBRE 2001 [4c2ec9b7].jpg (0.0 Mo, image/jpeg)
[2026-09-05 12:08:00] OK - LOI N°90-015 DU 18 JUIN 1990 [2919905d].jpg (0.0 Mo, image/jpeg)
[2026-09-05 12:08:00] OK - LOI N°90-003 DU 15 MAI 1990 [9e9e4e69].jpg (0.0 Mo, image/jpeg)
[2026-09-05 12:08:00] OK - Document 9f1190d9 [9f1190d9].jpg (0.0 Mo, image/jpeg)
[2026-09-05 12:08:00] OK - Document e9a5af82 [e9a5af82].jpg (0.0 Mo, image/jpeg)
[2026-09-05 12:08:00] OK - LOI N°90-003 DU 15 MAI 1990 [b9b1f619].jpg (0.0 Mo, image/jpeg)
[2026-09-05 12:08:00] OK - LOI N°2001-33 DU 22 NOVEMBRE 2001 [bd0bf981].jpg (0.0 Mo, image/jpeg)
[2026-09-05 12:08:00] OK - LOI N°2006-04 DU 10 AVRIL 2006 [c6491e01].jpg (0.0 Mo, image/jpeg)
[2026-09-05 12:08:00] OK - LOI N°90-002 DU 09 MAI 1990 [3a9d3130].jpg (0.0 Mo, image/jpeg)
[2026-09-05 12:08:00] OK - LOI N°90-009 DU 15 MAI 1990 [29ce0179].jpg (0.0 Mo, image/jpeg)
[2026-09-05 12:08:00] OK - LOI N°2001-19 du 26 Juillet 2001 [2d1a3bad].jpg (0.0 Mo, image/jpeg)
[2026-09-05 12:08:01] OK - Document 6b4a8225 [6b4a8225].jpg (0.0 Mo, image/jpeg)
[2026-09-05 12:08:01] OK - Document 9995ac89 [9995ac89].jpg (0.0 Mo, image/jpeg)
[2026-09-05 12:08:01] OK - LOI N°2001-24 DU 09 AOUT 2001 [99f52db7].jpg (0.0 Mo, image/jpeg)
[2026-09-05 12:08:01] OK - Document 9a7cf8d8 [9a7cf8d8].jpg (0.0 Mo, image/jpeg)
[2026-09-05 12:08:01] OK - Document a75a8325 [a75a8325].jpg (0.0 Mo, image/jpeg)
[2026-09-05 12:08:01] OK - LOI N°2005-13 DU 02 MARS 2005 [a37ca23a].jpg (0.0 Mo, image/jpeg)
[2026-09-05 12:08:01] OK - Document 9bc1bbff [9bc1bbff].jpg (0.0 Mo, image/jpeg)
[2026-09-05 12:08:01] OK - LOI N°2004-23 DU 25 MARS 2005 [a61fe9bc].jpg (0.0 Mo, image/jpeg)
[2026-09-05 12:08:01] OK - Document a2f9c1b3 [a2f9c1b3].jpg (0.0 Mo, image/jpeg)
[2026-09-05 12:08:01] OK - Document 6b3a406d [6b3a406d].jpg (0.0 Mo, image/jpeg)
[2026-09-05 12:08:01] OK - Document 9239c975 [9239c975].jpg (0.0 Mo, image/jpeg)
[2026-09-05 12:08:01] OK - Document 46a45cfe [46a45cfe].jpg (0.0 Mo, image/jpeg)
[2026-09-05 12:08:02] OK - Document d1b26dbc [d1b26dbc].jpg (0.0 Mo, image/jpeg)
[2026-09-05 12:08:02] OK - LOI N°2004-22 DU 05 AOUT 2004 [65efcb02].jpg (0.0 Mo, image/jpeg)
[2026-09-05 12:08:02] OK - Document ef01412e [ef01412e].jpg (0.0 Mo, image/jpeg)
[2026-09-05 12:08:02] OK - LOI N°2001-09 DU 21 JUIN 2002 [e6919030].jpg (0.0 Mo, image/jpeg)
[2026-09-05 12:08:02] OK - Document ed9e231e [ed9e231e].jpg (0.0 Mo, image/jpeg)
[2026-09-05 12:08:02] OK - Document 66106ad9 [66106ad9].jpg (0.0 Mo, image/jpeg)
[2026-09-05 12:08:02] OK - LOI N°2001-16 du 20 Juillet 2001 [735791d0].jpg (0.0 Mo, image/jpeg)
[2026-09-05 12:08:02] OK - LOI N°95-005 DU 21 SEPTEMBRE 1995 [29d79abe].jpg (0.0 Mo, image/jpeg)
[2026-09-05 12:08:02] OK - LOI N°2003-07 DU 05 MARS 2003 [30cb0047].jpg (0.0 Mo, image/jpeg)
[2026-09-05 12:08:02] OK - Document 48df5c05 [48df5c05].jpg (0.0 Mo, image/jpeg)
[2026-09-05 12:08:02] OK - Document 59ec98e2 [59ec98e2].jpg (0.0 Mo, image/jpeg)
[2026-09-05 12:08:03] OK - Document 8edf01c3 [8edf01c3].jpg (0.0 Mo, image/jpeg)
[2026-09-05 12:08:03] OK - Document bc174545 [bc174545].jpg (0.0 Mo, image/jpeg)
[2026-09-05 12:08:03] OK - Document ca693341 [ca693341].jpg (0.0 Mo, image/jpeg)
[2026-09-05 12:08:03] OK - LOI N°98-021 DU 9 JUILLET 1998 [cf4e28d9].jpg (0.0 Mo, image/jpeg)
[2026-09-05 12:08:03] OK - LOI N°2003-21 du 11 Novembre 2003 [4ff5ad3c].jpg (0.0 Mo, image/jpeg)
[2026-09-05 12:08:03] OK - LOI N°2005-13 DU 02 MARS 2005 [d4d19d56].jpg (0.0 Mo, image/jpeg)
[2026-09-05 12:08:03] OK - LOI N°95-022 DU 13 DECEMBRE 1995 [42e35846].jpg (0.0 Mo, image/jpeg)
[2026-09-05 12:08:03] OK - LOI N°2003-05 DU 05 MARS 2003 [44c2eb19].jpg (0.0 Mo, image/jpeg)
[2026-09-05 12:08:03] OK - Document 4a7621e7 [4a7621e7].jpg (0.0 Mo, image/jpeg)
[2026-09-05 12:08:03] OK - LOI N°2003-20 DU 09 JUILLET 2003 [f0777a92].jpg (0.0 Mo, image/jpeg)
[2026-09-05 12:08:03] OK - Document 9718105d [9718105d].jpg (0.0 Mo, image/jpeg)
[2026-09-05 12:08:03] OK - Document 5d47447a [5d47447a].jpg (0.0 Mo, image/jpeg)
[2026-09-05 12:08:03] OK - LOI N°2001-04 DU 26 AVRIL 2001 [b69b75ac].jpg (0.0 Mo, image/jpeg)
[2026-09-05 12:08:04] OK - LOI N°93-008 DU 29 MARS 1993 [3acd03a0].jpg (0.0 Mo, image/jpeg)
[2026-09-05 12:08:04] OK - Document 3c93d1f2 [3c93d1f2].jpg (0.0 Mo, image/jpeg)
[2026-09-05 12:08:04] OK - Document f9dfb8cf [f9dfb8cf].jpg (0.0 Mo, image/jpeg)
[2026-09-05 12:08:04] OK - Document fae7a018 [fae7a018].jpg (0.0 Mo, image/jpeg)
[2026-09-05 12:08:04] OK - LOI N°2001-01 DU 29 JANVIER 2001 [2a8b2216].jpg (0.0 Mo, image/jpeg)
[2026-09-05 12:08:04] OK - LOI N°2002-23 DU 23 SEPTEMBRE 2002 [294f8b27].jpg (0.0 Mo, image/jpeg)
[2026-09-05 12:08:04] OK - LOI N°98-012 DU 25 FEVRIER 1998 [734f0475].jpg (0.0 Mo, image/jpeg)
[2026-09-05 12:08:04] OK - Document d8b903ca [d8b903ca].jpg (0.0 Mo, image/jpeg)
[2026-09-05 12:08:04] OK - LOI N°90-036 DU 31 DECEMBRE 1990 [e21f7bbc].jpg (0.0 Mo, image/jpeg)
[2026-09-05 12:08:04] OK - Document 8ab4f717 [8ab4f717].jpg (0.0 Mo, image/jpeg)
[2026-09-05 12:08:04] OK - LOI N°2005-05 DU 27 JANVIER 2005 [990c4fd4].jpg (0.0 Mo, image/jpeg)
[2026-09-05 12:08:05] OK - LOI N°93-014 DU 28 SEPTEMBRE 1993 [a2a14b6f].jpg (0.0 Mo, image/jpeg)
[2026-09-05 12:08:05] OK - LOI N°93-012 DU 03 AOUT 1993 [9f599499].jpg (0.0 Mo, image/jpeg)
[2026-09-05 12:08:05] OK - Document 90d9b736 [90d9b736].jpg (0.0 Mo, image/jpeg)
[2026-09-05 12:08:05] OK - LOI N°2002-03 DU 29 AVRIL 2002 [af12da0f].jpg (0.0 Mo, image/jpeg)
[2026-09-05 12:08:05] OK - LOI N°98-006 DU 09 MARS 2000 [91300a4a].jpg (0.0 Mo, image/jpeg)
[2026-09-05 12:08:05] OK - Document a32d8b58 [a32d8b58].jpg (0.0 Mo, image/jpeg)
[2026-09-05 12:08:05] OK - LOI N°93-006 DU 29 MARS 1993 [a9dd99da].jpg (0.0 Mo, image/jpeg)
[2026-09-05 12:08:05] OK - LOI N°2003-01 DU 08 JANVIER 2003 [a3f906db].jpg (0.0 Mo, image/jpeg)
[2026-09-05 12:08:05] OK - Document e16fb7d4 [e16fb7d4].jpg (0.0 Mo, image/jpeg)
[2026-09-05 12:08:05] OK - LOI N°97-026 DU 7 JUILLET 1997 [f9254d22].jpg (0.0 Mo, image/jpeg)
[2026-09-05 12:08:05] OK - Document 52688881 [52688881].jpg (0.0 Mo, image/jpeg)
[2026-09-05 12:08:05] OK - Document 5401303c [5401303c].jpg (0.0 Mo, image/jpeg)
[2026-09-05 12:08:06] OK - Document 5ee3af31 [5ee3af31].jpg (0.0 Mo, image/jpeg)
[2026-09-05 12:08:06] OK - LOI N°94-030 DU 17 JANVIER 1995 [c52c8aa1].jpg (0.0 Mo, image/jpeg)
[2026-09-05 12:08:06] OK - LOI N°93-005 DU 29 MARS 1993 [2e8cbb97].jpg (0.0 Mo, image/jpeg)
[2026-09-05 12:08:06] OK - Document ccf301be [ccf301be].jpg (0.0 Mo, image/jpeg)
[2026-09-05 12:08:06] OK - LOI N°2002-05 DU 29 AVRIL 2002 [2c332127].jpg (0.0 Mo, image/jpeg)
[2026-09-05 12:08:06] OK - LOI N° 97-029 DU 04 SEPTEMBRE 1997 [35eee5c5].jpg (0.0 Mo, image/jpeg)
[2026-09-05 12:08:06] OK - Document bf2c29dd [bf2c29dd].jpg (0.0 Mo, image/jpeg)
[2026-09-05 12:08:06] OK - LOI N°2002-06 DU 29 AVRIL 2002 [d034dc70].jpg (0.0 Mo, image/jpeg)
[2026-09-05 12:08:06] OK - Document d5f3d7ab [d5f3d7ab].jpg (0.0 Mo, image/jpeg)
[2026-09-05 12:08:06] OK - Document d1c57bb1 [d1c57bb1].jpg (0.0 Mo, image/jpeg)
[2026-09-05 12:08:06] OK - LOI N°98-008 DU 25 FEVRIER 1998 [6a66668e].jpg (0.0 Mo, image/jpeg)
[2026-09-05 12:08:06] OK - Document 6d5f9a86 [6d5f9a86].jpg (0.0 Mo, image/jpeg)
[2026-09-05 12:08:07] OK - Document 72bf537c [72bf537c].jpg (0.0 Mo, image/jpeg)
[2026-09-05 12:08:07] OK - Document 8b8407d5 [8b8407d5].jpg (0.0 Mo, image/jpeg)
[2026-09-05 12:08:07] OK - Document 735f6435 [735f6435].jpg (0.0 Mo, image/jpeg)
[2026-09-05 12:08:07] OK - Document 7c7eaf0d [7c7eaf0d].jpg (0.0 Mo, image/jpeg)
[2026-09-05 12:08:07] OK - LOI N°95-015 DU 23 JANVIER 1996 [86bb2e4e].jpg (0.0 Mo, image/jpeg)
[2026-09-05 12:08:07] OK - Document 7d739303 [7d739303].jpg (0.0 Mo, image/jpeg)
[2026-09-05 12:08:07] OK - LOI N°2010-32 DU 13 JUILLET 2010 [469674f5].jpg (0.0 Mo, image/jpeg)
[2026-09-05 12:08:07] OK - Document 59a811a4 [59a811a4].jpg (0.0 Mo, image/jpeg)
[2026-09-05 12:08:07] OK - Document 7c722896 [7c722896].jpg (0.0 Mo, image/jpeg)
[2026-09-05 12:08:07] OK - Document 8c886797 [8c886797].jpg (0.0 Mo, image/jpeg)
[2026-09-05 12:08:07] OK - Document 8fe8c154 [8fe8c154].jpg (0.0 Mo, image/jpeg)
[2026-09-05 12:08:07] OK - LOI N°94-003 DU 11 AVRIL 1994 [93fe6d03].jpg (0.0 Mo, image/jpeg)
[2026-09-05 12:08:07] OK - LOI N°94-025 DU 16 DECEMBRE 1994 [a5d4e139].jpg (0.0 Mo, image/jpeg)
[2026-09-05 12:08:08] OK - Document a137e3f0 [a137e3f0].jpg (0.0 Mo, image/jpeg)
[2026-09-05 12:08:08] OK - LOI N°97-032 DU 28 AOÛT 1997 [9959a207].jpg (0.0 Mo, image/jpeg)
[2026-09-05 12:08:08] OK - LOI N°94-022 DU 16 DECEMBRE 1994 [a708e081].jpg (0.0 Mo, image/jpeg)
[2026-09-05 12:08:08] OK - Document afc51fa6 [afc51fa6].jpg (0.0 Mo, image/jpeg)
[2026-09-05 12:08:08] OK - LOI N°94-005 DU 13 JUILLET 1994 [de335af6].jpg (0.0 Mo, image/jpeg)
[2026-09-05 12:08:08] OK - Document dd37fb94 [dd37fb94].jpg (0.0 Mo, image/jpeg)
[2026-09-05 12:08:08] OK - Document e943527a [e943527a].jpg (0.0 Mo, image/jpeg)
[2026-09-05 12:08:08] OK - LOI N°95-12 DU 25 SEPTEMBRE 1995 [b813b1b5].jpg (0.0 Mo, image/jpeg)
[2026-09-05 12:08:08] OK - LOI N°97-015 DU 6 JUIN 1997 [bd196c71].jpg (0.0 Mo, image/jpeg)
[2026-09-05 12:08:08] OK - Document 3d760bfa [3d760bfa].jpg (0.0 Mo, image/jpeg)
[2026-09-05 12:08:08] OK - Document d208c125 [d208c125].jpg (0.0 Mo, image/jpeg)
[2026-09-05 12:08:08] OK - LOI N°94-022 DU 16 DECEMBRE 1994 [d31ced05].jpg (0.0 Mo, image/jpeg)
[2026-09-05 12:08:08] OK - LOI N°85-013 DU 26 SEPTEMBRE 1985 [372e63ce].jpg (0.0 Mo, image/jpeg)
[2026-09-05 12:08:08] OK - Document d257550b [d257550b].jpg (0.0 Mo, image/jpeg)
[2026-09-05 12:08:09] OK - LOI N°200-02 DU 27 JANVIER 2000 [2a66f2ab].jpg (0.0 Mo, image/jpeg)
[2026-09-05 12:08:09] OK - LOI N°97-027 DU 08 AOUT 1997 [2a90b68f].jpg (0.0 Mo, image/jpeg)
[2026-09-05 12:08:09] OK - LOI N°86-026 du 15 Décembre 1986 [389e7c65].jpg (0.0 Mo, image/jpeg)
[2026-09-05 12:08:09] OK - Document 3a124556 [3a124556].jpg (0.0 Mo, image/jpeg)
[2026-09-05 12:08:09] OK - Document 8c603f33 [8c603f33].jpg (0.0 Mo, image/jpeg)
[2026-09-05 12:08:09] OK - Document 8c8200ef [8c8200ef].jpg (0.0 Mo, image/jpeg)
[2026-09-05 12:08:09] OK - Document 9800659a [9800659a].jpg (0.0 Mo, image/jpeg)
[2026-09-05 12:08:09] OK - Document 8ff67409 [8ff67409].jpg (0.0 Mo, image/jpeg)
[2026-09-05 12:08:09] OK - Document 98333371 [98333371].jpg (0.0 Mo, image/jpeg)
[2026-09-05 12:08:09] OK - Document 9658ac7f [9658ac7f].jpg (0.0 Mo, image/jpeg)
[2026-09-05 12:08:09] OK - Document 9660bd29 [9660bd29].jpg (0.0 Mo, image/jpeg)
[2026-09-05 12:08:09] OK - LOI N°95-008 DU 22 AOUT 1995 [99a88e54].jpg (0.0 Mo, image/jpeg)
[2026-09-05 12:08:10] OK - LOI N°95-004 DU 18 AOUT 1995 [989cb4a7].jpg (0.0 Mo, image/jpeg)
[2026-09-05 12:08:10] OK - Document 99c4563b [99c4563b].jpg (0.0 Mo, image/jpeg)
[2026-09-05 12:08:10] OK - Document 9bb24937 [9bb24937].jpg (0.0 Mo, image/jpeg)
[2026-09-05 12:08:10] OK - Document 822d468e [822d468e].jpg (0.0 Mo, image/jpeg)
[2026-09-05 12:08:10] OK - Document 87e55504 [87e55504].jpg (0.0 Mo, image/jpeg)
[2026-09-05 12:08:10] OK - Document 53d4cf84 [53d4cf84].jpg (0.0 Mo, image/jpeg)
[2026-09-05 12:08:10] OK - Document b8098a2d [b8098a2d].jpg (0.0 Mo, image/jpeg)
[2026-09-05 12:08:10] OK - Document c068b3f7 [c068b3f7].jpg (0.0 Mo, image/jpeg)
[2026-09-05 12:08:10] OK - LOI N°97-012 DU 06 JUIN 1997 [bdbf3958].jpg (0.0 Mo, image/jpeg)
[2026-09-05 12:08:10] OK - LOI N°99-017 DU 10 JUIN 1999 [c297c0de].jpg (0.0 Mo, image/jpeg)
[2026-09-05 12:08:10] OK - Document c9a453c4 [c9a453c4].jpg (0.0 Mo, image/jpeg)
[2026-09-05 12:08:10] OK - LOI N°97-003 DU 28 JANVIER 1997 [9ca55447].jpg (0.0 Mo, image/jpeg)
[2026-09-05 12:08:10] OK - Document c9ad5648 [c9ad5648].jpg (0.0 Mo, image/jpeg)
[2026-09-05 12:08:10] OK - LOI N°95-002 DU 18 AOUT 1995 [ffb32acb].jpg (0.0 Mo, image/jpeg)
[2026-09-05 12:08:11] OK - Document d5dddbcb [d5dddbcb].jpg (0.0 Mo, image/jpeg)
[2026-09-05 12:08:11] OK - Document de9f88b3 [de9f88b3].jpg (0.0 Mo, image/jpeg)
[2026-09-05 12:08:11] OK - LOI N°2000-07 DU 22 MAI 2000 [e454d07e].jpg (0.0 Mo, image/jpeg)
[2026-09-05 12:08:11] OK - Document f3cc1151 [f3cc1151].jpg (0.0 Mo, image/jpeg)
[2026-09-05 12:08:11] OK - Document e5e24943 [e5e24943].jpg (0.0 Mo, image/jpeg)
[2026-09-05 12:08:11] OK - Document f824b006 [f824b006].jpg (0.0 Mo, image/jpeg)
[2026-09-05 12:08:11] OK - Document f866deda [f866deda].jpg (0.0 Mo, image/jpeg)
[2026-09-05 12:08:11] OK - Document f4e00128 [f4e00128].jpg (0.0 Mo, image/jpeg)
[2026-09-05 12:08:11] OK - Document 67d765cf [67d765cf].jpg (0.0 Mo, image/jpeg)
[2026-09-05 12:08:11] OK - Document 6cff88bf [6cff88bf].jpg (0.0 Mo, image/jpeg)
[2026-09-05 12:08:11] OK - Document 828d389d [828d389d].jpg (0.0 Mo, image/jpeg)
[2026-09-05 12:08:11] OK - Document 745bdd2b [745bdd2b].jpg (0.0 Mo, image/jpeg)
[2026-09-05 12:08:11] OK - LOI N°90-030 DU 26 AOUT 1992 [86ff74ac].jpg (0.0 Mo, image/jpeg)
[2026-09-05 12:08:11] OK - Document 402dddef [402dddef].jpg (0.0 Mo, image/jpeg)
[2026-09-05 12:08:12] OK - LOI N°94-015 DU 17 JANVIER 1995 [3b0b23dc].jpg (0.0 Mo, image/jpeg)
[2026-09-05 12:08:12] OK - LOI N° 92-034 LE 30 DECEMBRE 1992 [36a22fff].jpg (0.0 Mo, image/jpeg)
[2026-09-05 12:08:12] OK - Document 96c5fe31 [96c5fe31].jpg (0.0 Mo, image/jpeg)
[2026-09-05 12:08:12] OK - Document 9cff58d7 [9cff58d7].jpg (0.0 Mo, image/jpeg)
[2026-09-05 12:08:12] OK - Document a666bbe5 [a666bbe5].jpg (0.0 Mo, image/jpeg)
[2026-09-05 12:08:12] OK - Document c958d9b2 [c958d9b2].jpg (0.0 Mo, image/jpeg)
[2026-09-05 12:08:12] OK - Document bcace20e [bcace20e].jpg (0.0 Mo, image/jpeg)
[2026-09-05 12:08:12] OK - Document c9f5de19 [c9f5de19].jpg (0.0 Mo, image/jpeg)
[2026-09-05 12:08:12] OK - LOI N°96-013 DU 02 JUILLET 1996 [cda87f87].jpg (0.0 Mo, image/jpeg)
[2026-09-05 12:08:12] OK - Document cfb72e30 [cfb72e30].jpg (0.0 Mo, image/jpeg)
[2026-09-05 12:08:12] OK - Document 52c47ab7 [52c47ab7].jpg (0.0 Mo, image/jpeg)
[2026-09-05 12:08:12] OK - Document 47526c25 [47526c25].jpg (0.0 Mo, image/jpeg)
[2026-09-05 12:08:12] OK - Document d92f678b [d92f678b].jpg (0.0 Mo, image/jpeg)
[2026-09-05 12:08:12] OK - Document 581d2300 [581d2300].jpg (0.0 Mo, image/jpeg)
[2026-09-05 12:08:13] OK - Document 55d6bcae [55d6bcae].jpg (0.0 Mo, image/jpeg)
[2026-09-05 12:08:13] OK - Document 63dc9eba [63dc9eba].jpg (0.0 Mo, image/jpeg)
[2026-09-05 12:08:13] OK - LOI N°92-017 DU 15 JUILLET 1992 [433a26b6].jpg (0.0 Mo, image/jpeg)
[2026-09-05 12:08:13] OK - Document 64d7d99e [64d7d99e].jpg (0.0 Mo, image/jpeg)
[2026-09-05 12:08:13] OK - Document 65889205 [65889205].jpg (0.0 Mo, image/jpeg)
[2026-09-05 12:08:13] OK - LOI N°96-012 DU 1er JUILLET 1996 [296a2916].jpg (0.0 Mo, image/jpeg)
[2026-09-05 12:08:13] OK - LOI N°91-001 bis DU 16 AOUT 1991 [be55ffe4].jpg (0.0 Mo, image/jpeg)
[2026-09-05 12:08:13] OK - LOI N°96-010 DU 31 MAI 1996 [d3dba159].jpg (0.0 Mo, image/jpeg)
[2026-09-05 12:08:13] OK - LOI N°91-002 DU 23 AOUT 1991 [3b8986a7].jpg (0.0 Mo, image/jpeg)
[2026-09-05 12:08:13] OK - LOI N°92-012 DU 13 JUILLET 1992 [ee59d61e].jpg (0.0 Mo, image/jpeg)
[2026-09-05 12:08:13] OK - LOI N°91-002 DU 23 AOUT 1991 [5186320e].jpg (0.0 Mo, image/jpeg)
[2026-09-05 12:08:13] OK - LOI N°96-015 DU 5 JUILLET 1996 [6609e575].jpg (0.0 Mo, image/jpeg)
[2026-09-05 12:08:13] OK - Document 6d9dddc9 [6d9dddc9].jpg (0.0 Mo, image/jpeg)
[2026-09-05 12:08:14] OK - Document b53288fd [b53288fd].jpg (0.0 Mo, image/jpeg)
[2026-09-05 12:08:14] OK - LOI N°90-017 DU 3 JUILLET 1990 [2eece858].jpg (0.0 Mo, image/jpeg)
[2026-09-05 12:08:14] OK - LOI N°92-016 DU 15 JUILLET 1992 [3b30d011].jpg (0.0 Mo, image/jpeg)
[2026-09-05 12:08:14] OK - Document a89c2f29 [a89c2f29].jpg (0.0 Mo, image/jpeg)
[2026-09-05 12:08:14] OK - Document c3181eb5 [c3181eb5].jpg (0.0 Mo, image/jpeg)
[2026-09-05 12:08:14] OK - Document 904f6d09 [904f6d09].jpg (0.0 Mo, image/jpeg)
[2026-09-05 12:08:14] OK - Document edc890bc [edc890bc].jpg (0.0 Mo, image/jpeg)
[2026-09-05 12:08:14] OK - LOI N°96-010 DU 31 MAI 1996 [dbe70da8].jpg (0.0 Mo, image/jpeg)
[2026-09-05 12:08:14] OK - Document a76b117b [a76b117b].jpg (0.0 Mo, image/jpeg)
[2026-09-05 12:08:14] OK - LOI N°99-20 DU 29 JUILLET 1999 [a16af587].jpg (0.0 Mo, image/jpeg)
[2026-09-05 12:08:14] OK - Document 93be9623 [93be9623].jpg (0.0 Mo, image/jpeg)
[2026-09-05 12:08:14] OK - LOI N°96-012 DU 1er JUILLET 1996 [a853ae45].jpg (0.0 Mo, image/jpeg)
[2026-09-05 12:08:14] OK - Document 8de5dc81 [8de5dc81].jpg (0.0 Mo, image/jpeg)
[2026-09-05 12:08:14] OK - Document 94e8d20b [94e8d20b].jpg (0.0 Mo, image/jpeg)
[2026-09-05 12:08:15] OK - Document f8aad8f2 [f8aad8f2].jpg (0.0 Mo, image/jpeg)
[2026-09-05 12:08:15] OK - LOI N°90-020 DU 27 JUILLET 1990 [4cbdefc9].jpg (0.0 Mo, image/jpeg)
[2026-09-05 12:08:15] OK - LOI N°91-004 bis du 26 Août 1991 [51034a69].jpg (0.0 Mo, image/jpeg)
[2026-09-05 12:08:15] OK - Document 44124647 [44124647].jpg (0.0 Mo, image/jpeg)
[2026-09-05 12:08:15] OK - Document 5a03d56e [5a03d56e].jpg (0.0 Mo, image/jpeg)
[2026-09-05 12:08:15] OK - LOI N°92-006 DU 30 MARS 1992 [3b23f4f6].jpg (0.0 Mo, image/jpeg)
[2026-09-05 12:08:15] OK - Document 5eb12149 [5eb12149].jpg (0.0 Mo, image/jpeg)
[2026-09-05 12:08:15] OK - Document d26a5739 [d26a5739].jpg (0.0 Mo, image/jpeg)
[2026-09-05 12:08:15] OK - Document 7ef02930 [7ef02930].jpg (0.0 Mo, image/jpeg)
[2026-09-05 12:08:15] OK - Document 754f28e1 [754f28e1].jpg (0.0 Mo, image/jpeg)
[2026-09-05 12:08:15] OK - Document 40aac899 [40aac899].jpg (0.0 Mo, image/jpeg)
[2026-09-05 12:08:15] OK - Document b52f3d9f [b52f3d9f].jpg (0.0 Mo, image/jpeg)
[2026-09-05 12:08:15] OK - Document 67205fde [67205fde].jpg (0.0 Mo, image/jpeg)
[2026-09-05 12:08:15] OK - Document 87cb92d6 [87cb92d6].jpg (0.0 Mo, image/jpeg)
[2026-09-05 12:08:15] OK - Document 66b78be6 [66b78be6].jpg (0.0 Mo, image/jpeg)
[2026-09-05 12:08:16] OK - LOI N°89-013 du 12 Mai 1989 [2f8c9c97].jpg (0.0 Mo, image/jpeg)
[2026-09-05 12:08:16] OK - Document 73274136 [73274136].jpg (0.0 Mo, image/jpeg)
[2026-09-05 12:08:16] OK - Document 6c42315c [6c42315c].jpg (0.0 Mo, image/jpeg)
[2026-09-05 12:08:16] OK - Document 8869853c [8869853c].jpg (0.0 Mo, image/jpeg)
[2026-09-05 12:08:16] OK - Document 89874577 [89874577].jpg (0.0 Mo, image/jpeg)
[2026-09-05 12:08:16] OK - Document 6b95ede2 [6b95ede2].jpg (0.0 Mo, image/jpeg)
[2026-09-05 12:08:16] OK - Document dd17d579 [dd17d579].jpg (0.0 Mo, image/jpeg)
[2026-09-05 12:08:16] OK - Document e05f289a [e05f289a].jpg (0.0 Mo, image/jpeg)
[2026-09-05 12:08:16] OK - Document e655106d [e655106d].jpg (0.0 Mo, image/jpeg)
[2026-09-05 12:08:16] OK - Document 9fc5345f [9fc5345f].jpg (0.0 Mo, image/jpeg)
[2026-09-05 12:08:16] OK - LOI N°92-027 DU 29 MARS 2000 [ed0e2923].jpg (0.0 Mo, image/jpeg)
[2026-09-05 12:08:16] OK - LOI N°65-17 [ee1c1596].jpg (0.0 Mo, image/jpeg)
[2026-09-05 12:08:16] OK - LOI N°64-34 DU 12 DEVEMBRE 1964 [ef27b828].jpg (0.0 Mo, image/jpeg)
[2026-09-05 12:08:17] OK - LOI N°90-028 DU 9 OCTOBRE 1990 [9819ac42].jpg (0.0 Mo, image/jpeg)
[2026-09-05 12:08:17] OK - Document 95393336 [95393336].jpg (0.0 Mo, image/jpeg)
[2026-09-05 12:08:17] OK - Document fbcc3874 [fbcc3874].jpg (0.0 Mo, image/jpeg)
[2026-09-05 12:08:17] OK - Document 956c8e5c [956c8e5c].jpg (0.0 Mo, image/jpeg)
[2026-09-05 12:08:17] OK - Document 99f20f45 [99f20f45].jpg (0.0 Mo, image/jpeg)
[2026-09-05 12:08:17] OK - Document dedf0d1a [dedf0d1a].jpg (0.0 Mo, image/jpeg)
[2026-09-05 12:08:17] OK - Document 9a564d07 [9a564d07].jpg (0.0 Mo, image/jpeg)
[2026-09-05 12:08:17] OK - Document 9d06a1ee [9d06a1ee].jpg (0.0 Mo, image/jpeg)
[2026-09-05 12:08:17] OK - LOI N°60-18 [eccd6b31].jpg (0.0 Mo, image/jpeg)
[2026-09-05 12:08:17] OK - Document cf2faff5 [cf2faff5].jpg (0.0 Mo, image/jpeg)
[2026-09-05 12:08:17] OK - Document bd004741 [bd004741].jpg (0.0 Mo, image/jpeg)
[2026-09-05 12:08:17] OK - Document bf2ee1a1 [bf2ee1a1].jpg (0.0 Mo, image/jpeg)
[2026-09-05 12:08:17] OK - Document c604892a [c604892a].jpg (0.0 Mo, image/jpeg)
[2026-09-05 12:08:17] OK - Document c6871f19 [c6871f19].jpg (0.0 Mo, image/jpeg)
[2026-09-05 12:08:18] OK - Document ce80e6e1 [ce80e6e1].jpg (0.0 Mo, image/jpeg)
[2026-09-05 12:08:18] OK - Document dce064f6 [dce064f6].jpg (0.0 Mo, image/jpeg)
[2026-09-05 12:08:18] OK - Document 4100d7e5 [4100d7e5].jpg (0.0 Mo, image/jpeg)
[2026-09-05 12:08:18] OK - Document 45b61575 [45b61575].jpg (0.0 Mo, image/jpeg)
[2026-09-05 12:08:18] OK - Document 581714f6 [581714f6].jpg (0.0 Mo, image/jpeg)
[2026-09-05 12:08:18] OK - Document 5b47fec2 [5b47fec2].jpg (0.0 Mo, image/jpeg)
[2026-09-05 12:08:18] OK - Document 629c0842 [629c0842].jpg (0.0 Mo, image/jpeg)
[2026-09-05 12:08:18] Résumé: 3290 OK, 0 ERROR, 0 SKIP sur 3290 total
