[2026-09-05 02:28:33] OK - loi-2026-04.pdf (N/A) - téléchargé (0.1 Mo)
[2026-09-05 02:28:34] OK - loi-2026-12.pdf (N/A) - téléchargé (0.4 Mo)
[2026-09-05 02:28:35] OK - loi-2026-14.pdf (N/A) - téléchargé (0.4 Mo)
[2026-09-05 02:28:35] OK - loi-2025-12.pdf (N/A) - téléchargé (0.8 Mo)
[2026-09-05 02:28:35] OK - loi-2025-13.pdf (N/A) - téléchargé (0.8 Mo)
[2026-09-05 02:28:36] OK - loi-2025-11.pdf (N/A) - téléchargé (1.4 Mo)
[2026-09-05 02:28:37] OK - loi-2026-05.pdf (N/A) - téléchargé (1.9 Mo)
[2026-09-05 02:28:39] OK - loi-2025-18.pdf (N/A) - téléchargé (2.8 Mo)
[2026-09-05 02:28:39] OK - loi-2026-13.pdf (N/A) - téléchargé (1.0 Mo)
[2026-09-05 02:28:40] OK - loi-2025-04.pdf (N/A) - téléchargé (0.8 Mo)
[2026-09-05 02:28:40] OK - loi-2025-15.pdf (N/A) - téléchargé (4.0 Mo)
[2026-09-05 02:28:41] OK - loi-2024-24.pdf (N/A) - téléchargé (0.6 Mo)
[2026-09-05 02:28:42] OK - loi-2025-08.pdf (N/A) - téléchargé (1.9 Mo)
[2026-09-05 02:28:43] OK - loi-2024-31.pdf (N/A) - téléchargé (1.6 Mo)
[2026-09-05 02:28:44] OK - loi-2024-32.pdf (N/A) - téléchargé (0.7 Mo)
[2026-09-05 02:28:44] OK - loi-2025-07.pdf (N/A) - téléchargé (1.8 Mo)
[2026-09-05 02:28:46] OK - loi-2025-17.pdf (N/A) - téléchargé (2.4 Mo)
[2026-09-05 02:28:46] OK - loi-2024-23.pdf (N/A) - téléchargé (0.8 Mo)
[2026-09-05 02:28:47] OK - loi-2024-25.pdf (N/A) - téléchargé (0.6 Mo)
[2026-09-05 02:28:51] OK - loi-2024-28.pdf (N/A) - téléchargé (5.1 Mo)
[2026-09-05 02:28:52] OK - loi-2024-22.pdf (N/A) - téléchargé (3.8 Mo)
[2026-09-05 02:28:52] OK - loi-2024-26.pdf (N/A) - téléchargé (1.9 Mo)
[2026-09-05 02:28:53] OK - loi-2024-21.pdf (N/A) - téléchargé (0.1 Mo)
[2026-09-05 02:28:53] OK - loi-2024-15.pdf (N/A) - téléchargé (0.7 Mo)
[2026-09-05 02:28:54] OK - loi-2025-20.pdf (N/A) - téléchargé (6.5 Mo)
[2026-09-05 02:28:55] OK - loi-2024-12.pdf (N/A) - téléchargé (0.3 Mo)
[2026-09-05 02:28:56] OK - loi-2024-10.pdf (N/A) - téléchargé (0.1 Mo)
[2026-09-05 02:28:58] OK - loi-2025-16.pdf (N/A) - téléchargé (9.1 Mo)
[2026-09-05 02:28:59] OK - loi-2024-16.pdf (N/A) - téléchargé (3.9 Mo)
[2026-09-05 02:29:01] OK - loi-2024-08.pdf (N/A) - téléchargé (0.7 Mo)
[2026-09-05 02:29:03] OK - loi-2024-07.pdf (N/A) - téléchargé (0.5 Mo)
[2026-09-05 02:29:05] OK - loi-2024-04.pdf (N/A) - téléchargé (0.1 Mo)
[2026-09-05 02:29:07] OK - loi-2024-06.pdf (N/A) - téléchargé (0.1 Mo)
[2026-09-05 02:29:07] OK - loi-2024-30.pdf (N/A) - téléchargé (11.3 Mo)
[2026-09-05 02:29:09] OK - loi-2024-05.pdf (N/A) - téléchargé (0.1 Mo)
[2026-09-05 02:29:09] OK - loi-2024-02.pdf (N/A) - téléchargé (0.7 Mo)
[2026-09-05 02:29:10] OK - loi-2025-06.pdf (N/A) - téléchargé (13.0 Mo)
[2026-09-05 02:29:10] OK - loi-2024-03.pdf (N/A) - téléchargé (9.7 Mo)
[2026-09-05 02:29:10] OK - loi-2025-01.pdf (N/A) - téléchargé (6.9 Mo)
[2026-09-05 02:29:11] OK - loi-2025-09.pdf (N/A) - téléchargé (9.4 Mo)
[2026-09-05 02:29:12] OK - loi-2024-11.pdf (N/A) - téléchargé (6.1 Mo)
[2026-09-05 02:29:12] SKIP - loi-2022-31.pdf - déjà en cours
[2026-09-05 02:29:12] SKIP - loi-2022-29.pdf - déjà en cours
[2026-09-05 02:29:12] OK - loi-2026-15.pdf (N/A) - téléchargé (11.2 Mo)
[2026-09-05 02:29:13] OK - loi-2025-03.pdf (N/A) - téléchargé (7.2 Mo)
[2026-09-05 02:29:14] OK - loi-2022-28.pdf (N/A) - téléchargé (0.4 Mo)
[2026-09-05 02:29:14] OK - loi-2022-34.pdf (N/A) - téléchargé (0.6 Mo)
[2026-09-05 02:29:15] OK - loi-2022-26.pdf (N/A) - téléchargé (0.1 Mo)
[2026-09-05 02:29:16] OK - loi-2022-31.pdf (N/A) - téléchargé (1.3 Mo)
[2026-09-05 02:29:16] OK - loi-2022-38.pdf (N/A) - téléchargé (7.0 Mo)
[2026-09-05 02:29:17] OK - loi-2022-20.pdf (N/A) - téléchargé (0.8 Mo)
[2026-09-05 02:29:17] OK - loi-2022-18.pdf (N/A) - téléchargé (1.8 Mo)
[2026-09-05 02:29:17] OK - loi-2022-19.pdf (N/A) - téléchargé (0.8 Mo)
[2026-09-05 02:29:18] OK - loi-2025-02.pdf (N/A) - téléchargé (10.0 Mo)
[2026-09-05 02:29:20] OK - loi-2022-29.pdf (N/A) - téléchargé (1.7 Mo)
[2026-09-05 02:29:21] OK - loi-2022-17.pdf (N/A) - téléchargé (4.2 Mo)
[2026-09-05 02:29:21] OK - loi-2022-16.pdf (N/A) - téléchargé (1.8 Mo)
[2026-09-05 02:29:21] OK - loi-2024-13.pdf (N/A) - téléchargé (6.6 Mo)
[2026-09-05 02:29:22] OK - loi-2022-09.pdf (N/A) - téléchargé (1.4 Mo)
[2026-09-05 02:29:25] OK - loi-2022-35.pdf (N/A) - téléchargé (3.0 Mo)
[2026-09-05 02:29:27] OK - loi-2022-06.pdf (N/A) - téléchargé (3.1 Mo)
[2026-09-05 02:29:29] OK - loi-2026-01.pdf (N/A) - téléchargé (10.5 Mo)
[2026-09-05 02:29:30] OK - loi-2022-30.pdf (N/A) - téléchargé (2.9 Mo)
[2026-09-05 02:29:31] OK - loi-2022-07.pdf (N/A) - téléchargé (6.3 Mo)
[2026-09-05 02:29:31] OK - loi-2022-13.pdf (N/A) - téléchargé (5.1 Mo)
[2026-09-05 02:29:32] OK - loi-2022-21.pdf (N/A) - téléchargé (0.9 Mo)
[2026-09-05 02:29:32] OK - loi-2022-02.pdf (N/A) - téléchargé (0.1 Mo)
[2026-09-05 02:29:33] OK - loi-2022-01.pdf (N/A) - téléchargé (1.6 Mo)
[2026-09-05 02:29:36] OK - loi-2021-13.pdf (N/A) - téléchargé (1.4 Mo)
[2026-09-05 02:29:38] OK - loi-2022-14.pdf (N/A) - téléchargé (7.7 Mo)
[2026-09-05 02:29:38] OK - loi-2022-36.pdf (N/A) - téléchargé (9.7 Mo)
[2026-09-05 02:29:39] OK - loi-2022-10.pdf (N/A) - téléchargé (3.7 Mo)
[2026-09-05 02:29:39] OK - loi-2021-12.pdf (N/A) - téléchargé (0.9 Mo)
[2026-09-05 02:29:41] OK - loi-2022-05.pdf (N/A) - téléchargé (5.4 Mo)
[2026-09-05 02:29:41] OK - loi-2021-08.pdf (N/A) - téléchargé (0.4 Mo)
[2026-09-05 02:29:43] OK - loi-2021-05.pdf (N/A) - téléchargé (0.3 Mo)
[2026-09-05 02:29:43] OK - loi-2021-11.pdf (N/A) - téléchargé (3.3 Mo)
[2026-09-05 02:29:43] OK - loi-2021-16.pdf (N/A) - téléchargé (7.9 Mo)
[2026-09-05 02:29:43] OK - loi-2021-07.pdf (N/A) - téléchargé (0.4 Mo)
[2026-09-05 02:29:44] OK - loi-2024-27.pdf (N/A) - téléchargé (11.3 Mo)
[2026-09-05 02:29:44] OK - loi-2021-04.pdf (N/A) - téléchargé (3.6 Mo)
[2026-09-05 02:29:44] SKIP - loi-2020-35.pdf - déjà en cours
[2026-09-05 02:29:46] OK - loi-2020-36.pdf (N/A) - téléchargé (0.5 Mo)
[2026-09-05 02:29:46] OK - loi-2021-06.pdf (N/A) - téléchargé (0.4 Mo)
[2026-09-05 02:29:47] OK - loi-2020-35.pdf (N/A) - téléchargé (0.9 Mo)
[2026-09-05 02:29:48] OK - loi-2020-37.pdf (N/A) - téléchargé (3.1 Mo)
[2026-09-05 02:29:48] OK - loi-2020-31.pdf (N/A) - téléchargé (0.3 Mo)
[2026-09-05 02:29:48] OK - loi-2020-32.pdf (N/A) - téléchargé (0.3 Mo)
[2026-09-05 02:29:51] OK - loi-2020-24.pdf (N/A) - téléchargé (0.7 Mo)
[2026-09-05 02:29:52] OK - loi-2022-08.pdf (N/A) - téléchargé (11.2 Mo)
[2026-09-05 02:29:54] OK - loi-2022-04.pdf (N/A) - téléchargé (9.7 Mo)
[2026-09-05 02:29:55] OK - loi-2020-28.pdf (N/A) - téléchargé (2.0 Mo)
[2026-09-05 02:29:55] OK - loi-2020-23.pdf (N/A) - téléchargé (3.7 Mo)
[2026-09-05 02:29:56] OK - loi-2020-25.pdf (N/A) - téléchargé (0.6 Mo)
[2026-09-05 02:29:56] OK - loi-2020-14.pdf (N/A) - téléchargé (0.2 Mo)
[2026-09-05 02:29:57] OK - loi-2021-03.pdf (N/A) - téléchargé (5.0 Mo)
[2026-09-05 02:30:01] OK - loi-2020-30.pdf (N/A) - téléchargé (6.7 Mo)
[2026-09-05 02:30:01] OK - loi-2020-15.pdf (N/A) - téléchargé (0.9 Mo)
[2026-09-05 02:30:03] OK - loi-2025-19.pdf (N/A) - téléchargé (18.4 Mo)
[2026-09-05 02:30:04] OK - loi-2020-13.pdf (N/A) - téléchargé (0.6 Mo)
[2026-09-05 02:30:05] OK - loi-2025-05.pdf (N/A) - téléchargé (21.7 Mo)
[2026-09-05 02:30:05] SKIP - loi-2020-12.pdf - déjà en cours
[2026-09-05 02:30:06] OK - loi-2020-12.pdf (N/A) - téléchargé (0.5 Mo)
[2026-09-05 02:30:06] OK - loi-2020-20.pdf (N/A) - téléchargé (7.4 Mo)
[2026-09-05 02:30:06] OK - loi-2024-29.pdf (N/A) - téléchargé (22.7 Mo)
[2026-09-05 02:30:07] OK - loi-2020-10.pdf (N/A) - téléchargé (0.5 Mo)
[2026-09-05 02:30:07] OK - loi-2020-09.pdf (N/A) - téléchargé (1.3 Mo)
[2026-09-05 02:30:08] OK - loi-2021-09.pdf (N/A) - téléchargé (12.0 Mo)
[2026-09-05 02:30:08] OK - loi-2019-34.pdf (N/A) - téléchargé (0.5 Mo)
[2026-09-05 02:30:11] OK - loi-2020-01.pdf (N/A) - téléchargé (0.4 Mo)
[2026-09-05 02:30:14] OK - loi-2019-45.pdf (N/A) - téléchargé (1.8 Mo)
[2026-09-05 02:30:14] OK - loi-2020-16.pdf (N/A) - téléchargé (11.9 Mo)
[2026-09-05 02:30:18] OK - loi-2022-12.pdf (N/A) - téléchargé (9.1 Mo)
[2026-09-05 02:30:19] OK - loi-2019-41.pdf (N/A) - téléchargé (0.5 Mo)
[2026-09-05 02:30:20] OK - loi-2020-03.pdf (N/A) - téléchargé (6.8 Mo)
[2026-09-05 02:30:24] OK - loi-2019-42.pdf (N/A) - téléchargé (0.3 Mo)
[2026-09-05 02:30:24] OK - loi-2020-02.pdf (N/A) - téléchargé (6.7 Mo)
[2026-09-05 02:30:24] OK - loi-2020-08.pdf (N/A) - téléchargé (3.7 Mo)
[2026-09-05 02:30:25] OK - loi-2019-40.pdf (N/A) - téléchargé (2.6 Mo)
[2026-09-05 02:30:26] OK - loi-2019-39.pdf (N/A) - téléchargé (0.3 Mo)
[2026-09-05 02:30:26] OK - loi-2021-01.pdf (N/A) - téléchargé (8.7 Mo)
[2026-09-05 02:30:26] OK - loi-2019-21.pdf (N/A) - téléchargé (0.4 Mo)
[2026-09-05 02:30:27] OK - loi-2019-18.pdf (N/A) - téléchargé (0.5 Mo)
[2026-09-05 02:30:28] OK - loi-2019-19.pdf (N/A) - téléchargé (0.5 Mo)
[2026-09-05 02:30:28] OK - loi-2024-14.pdf (N/A) - téléchargé (29.7 Mo)
[2026-09-05 02:30:29] OK - loi-2019-20.pdf (N/A) - téléchargé (0.4 Mo)
[2026-09-05 02:30:29] OK - loi-2019-17.pdf (N/A) - téléchargé (0.4 Mo)
[2026-09-05 02:30:31] OK - loi-2019-14.pdf (N/A) - téléchargé (0.4 Mo)
[2026-09-05 02:30:31] OK - loi-2019-12.pdf (N/A) - téléchargé (0.6 Mo)
[2026-09-05 02:30:31] OK - loi-2019-11.pdf (N/A) - téléchargé (0.7 Mo)
[2026-09-05 02:30:32] ERROR - loi-2026-16.pdf (N/A) - exception: Command '['curl', '-sL', 'https://sgg.gouv.bj/doc/
[2026-09-05 02:30:33] ERROR - loi-2025-14.pdf (N/A) - exception: Command '['curl', '-sL', 'https://sgg.gouv.bj/doc/
[2026-09-05 02:30:33] OK - loi-2019-04.pdf (N/A) - téléchargé (0.4 Mo)
[2026-09-05 02:30:33] OK - loi-2019-16.pdf (N/A) - téléchargé (0.4 Mo)
[2026-09-05 02:30:33] OK - loi-2019-03.pdf (N/A) - téléchargé (0.4 Mo)
[2026-09-05 02:30:34] OK - loi-2020-17.pdf (N/A) - téléchargé (13.1 Mo)
[2026-09-05 02:30:34] OK - loi-2019-15.pdf (N/A) - téléchargé (0.4 Mo)
[2026-09-05 02:30:34] OK - loi-2019-02.pdf (N/A) - téléchargé (0.3 Mo)
[2026-09-05 02:30:35] OK - loi-2019-01.pdf (N/A) - téléchargé (0.4 Mo)
[2026-09-05 02:30:36] OK - loi-2018-33.pdf (N/A) - téléchargé (0.4 Mo)
[2026-09-05 02:30:36] OK - loi-2018-35.pdf (N/A) - téléchargé (0.6 Mo)
[2026-09-05 02:30:36] OK - loi-2019-43.pdf (N/A) - téléchargé (8.3 Mo)
[2026-09-05 02:30:37] OK - loi-2020-19.pdf (N/A) - téléchargé (14.2 Mo)
[2026-09-05 02:30:38] OK - loi-2019-10.pdf (N/A) - téléchargé (0.4 Mo)
[2026-09-05 02:30:38] OK - loi-2018-36.pdf (N/A) - téléchargé (0.5 Mo)
[2026-09-05 02:30:38] OK - loi-2018-32.pdf (N/A) - téléchargé (0.5 Mo)
[2026-09-05 02:30:39] OK - loi-2018-28.pdf (N/A) - téléchargé (0.5 Mo)
[2026-09-05 02:30:40] OK - loi-2018-27.pdf (N/A) - téléchargé (0.5 Mo)
[2026-09-05 02:30:40] OK - loi-2018-30.pdf (N/A) - téléchargé (0.4 Mo)
[2026-09-05 02:30:40] OK - loi-2018-20.pdf (N/A) - téléchargé (7.4 Mo)
[2026-09-05 02:30:40] OK - loi-2018-29.pdf (N/A) - téléchargé (0.7 Mo)
[2026-09-05 02:30:41] OK - loi-2018-23.pdf (N/A) - téléchargé (4.8 Mo)
[2026-09-05 02:30:42] OK - loi-2018-37.pdf (N/A) - téléchargé (0.4 Mo)
[2026-09-05 02:30:44] OK - loi-2018-24.pdf (N/A) - téléchargé (0.5 Mo)
[2026-09-05 02:30:44] OK - loi-2018-25.pdf (N/A) - téléchargé (0.5 Mo)
[2026-09-05 02:30:44] OK - loi-2018-26.pdf (N/A) - téléchargé (1.7 Mo)
[2026-09-05 02:30:46] OK - loi-2018-38.pdf (N/A) - téléchargé (3.5 Mo)
[2026-09-05 02:30:47] OK - loi-2020-18.pdf (N/A) - téléchargé (13.6 Mo)
[2026-09-05 02:30:50] OK - loi-2018-15.pdf (N/A) - téléchargé (0.4 Mo)
[2026-09-05 02:30:50] OK - loi-2018-34.pdf (N/A) - téléchargé (0.8 Mo)
[2026-09-05 02:30:50] OK - loi-2018-18.pdf (N/A) - téléchargé (14.5 Mo)
[2026-09-05 02:30:52] OK - loi-2018-19.pdf (N/A) - téléchargé (0.3 Mo)
[2026-09-05 02:30:52] OK - loi-2018-11.pdf (N/A) - téléchargé (0.4 Mo)
[2026-09-05 02:30:54] OK - loi-2018-21.pdf (N/A) - téléchargé (5.7 Mo)
[2026-09-05 02:30:54] OK - loi-2018-22.pdf (N/A) - téléchargé (5.3 Mo)
[2026-09-05 02:30:54] OK - loi-2018-02.pdf (N/A) - téléchargé (1.9 Mo)
[2026-09-05 02:30:54] OK - loi-2018-06.pdf (N/A) - téléchargé (0.3 Mo)
[2026-09-05 02:30:54] OK - loi-2018-07.pdf (N/A) - téléchargé (0.4 Mo)
[2026-09-05 02:30:57] OK - loi-2018-05.pdf (N/A) - téléchargé (0.4 Mo)
[2026-09-05 02:30:57] OK - loi-2018-04.pdf (N/A) - téléchargé (0.3 Mo)
[2026-09-05 02:30:58] ERROR - loi-2024-01.pdf (N/A) - exception: Command '['curl', '-sL', 'https://sgg.gouv.bj/doc/
[2026-09-05 02:30:58] SKIP - loi-2017-44.pdf - déjà en cours
[2026-09-05 02:30:58] OK - loi-2019-09.pdf (N/A) - téléchargé (0.4 Mo)
[2026-09-05 02:31:00] OK - loi-2018-03.pdf (N/A) - téléchargé (0.4 Mo)
[2026-09-05 02:31:01] OK - loi-2019-08.pdf (N/A) - téléchargé (0.4 Mo)
[2026-09-05 02:31:02] OK - loi-2017-42.pdf (N/A) - téléchargé (13.6 Mo)
[2026-09-05 02:31:02] SKIP - loi-2017-40.pdf - déjà en cours
[2026-09-05 02:31:03] OK - loi-2017-41.pdf (N/A) - téléchargé (0.9 Mo)
[2026-09-05 02:31:03] OK - loi-2017-29.pdf (N/A) - téléchargé (7.0 Mo)
[2026-09-05 02:31:05] OK - loi-2017-44.pdf (N/A) - téléchargé (3.7 Mo)
[2026-09-05 02:31:07] OK - loi-2017-39.pdf (N/A) - téléchargé (2.7 Mo)
[2026-09-05 02:31:09] OK - loi-2017-26.pdf (N/A) - téléchargé (0.3 Mo)
[2026-09-05 02:31:12] OK - loi-2019-46.pdf (N/A) - téléchargé (16.3 Mo)
[2026-09-05 02:31:13] OK - loi-2017-27.pdf (N/A) - téléchargé (4.5 Mo)
[2026-09-05 02:31:13] SKIP - loi-2017-06.pdf - déjà en cours
[2026-09-05 02:31:15] OK - loi-2017-24.pdf (N/A) - téléchargé (0.2 Mo)
[2026-09-05 02:31:16] OK - loi-2017-19.pdf (N/A) - téléchargé (0.4 Mo)
[2026-09-05 02:31:18] OK - loi-2017-06.pdf (N/A) - téléchargé (4.9 Mo)
[2026-09-05 02:31:18] OK - loi-2017-17.pdf (N/A) - téléchargé (0.3 Mo)
[2026-09-05 02:31:20] OK - loi-2017-23.pdf (N/A) - téléchargé (0.4 Mo)
[2026-09-05 02:31:21] OK - loi-2017-25.pdf (N/A) - téléchargé (0.4 Mo)
[2026-09-05 02:31:23] OK - loi-2017-40.pdf (N/A) - téléchargé (16.9 Mo)
[2026-09-05 02:31:23] OK - loi-2017-18.pdf (N/A) - téléchargé (0.4 Mo)
[2026-09-05 02:31:23] OK - loi-2017-05.pdf (N/A) - téléchargé (5.6 Mo)
[2026-09-05 02:31:23] OK - loi-2020-33.pdf (N/A) - téléchargé (15.2 Mo)
[2026-09-05 02:31:25] OK - loi-2017-21.pdf (N/A) - téléchargé (0.3 Mo)
[2026-09-05 02:31:29] OK - loi-2017-15.pdf (N/A) - téléchargé (11.6 Mo)
[2026-09-05 02:31:29] OK - loi-2017-22.pdf (N/A) - téléchargé (0.4 Mo)
[2026-09-05 02:31:31] ERROR - loi-2021-15.pdf (N/A) - exception: Command '['curl', '-sL', 'https://sgg.gouv.bj/doc/
[2026-09-05 02:31:31] OK - loi-2017-09.pdf (N/A) - téléchargé (0.2 Mo)
[2026-09-05 02:31:32] ERROR - loi-2021-14.pdf (N/A) - exception: Command '['curl', '-sL', 'https://sgg.gouv.bj/doc/
[2026-09-05 02:31:32] SKIP - loi-2017-08.pdf - déjà en cours
[2026-09-05 02:31:33] OK - loi-2017-13.pdf (N/A) - téléchargé (0.4 Mo)
[2026-09-05 02:31:33] OK - loi-2017-10.pdf (N/A) - téléchargé (0.4 Mo)
[2026-09-05 02:31:33] OK - loi-2018-13.pdf (N/A) - téléchargé (6.8 Mo)
[2026-09-05 02:31:34] OK - loi-2017-28.pdf (N/A) - téléchargé (5.9 Mo)
[2026-09-05 02:31:35] OK - loi-2017-12.pdf (N/A) - téléchargé (0.4 Mo)
[2026-09-05 02:31:39] OK - loi-2016-35.pdf (N/A) - téléchargé (0.3 Mo)
[2026-09-05 02:31:39] OK - loi-2017-01.pdf (N/A) - téléchargé (1.8 Mo)
[2026-09-05 02:31:39] SKIP - loi-2016-24.pdf - déjà en cours
[2026-09-05 02:31:39] OK - loi-2017-07.pdf (N/A) - téléchargé (9.8 Mo)
[2026-09-05 02:31:41] OK - loi-2017-08.pdf (N/A) - téléchargé (8.3 Mo)
[2026-09-05 02:31:41] OK - loi-2016-34.pdf (N/A) - téléchargé (0.3 Mo)
[2026-09-05 02:31:41] OK - loi-2016-26.pdf (N/A) - téléchargé (0.2 Mo)
[2026-09-05 02:31:43] OK - loi-2016-20.pdf (N/A) - téléchargé (0.3 Mo)
[2026-09-05 02:31:43] OK - loi-2016-19.pdf (N/A) - téléchargé (0.3 Mo)
[2026-09-05 02:31:43] OK - loi-2016-21.pdf (N/A) - téléchargé (0.3 Mo)
[2026-09-05 02:31:43] OK - loi-2016-17.pdf (N/A) - téléchargé (2.0 Mo)
[2026-09-05 02:31:45] OK - loi-2016-22.pdf (N/A) - téléchargé (0.3 Mo)
[2026-09-05 02:31:45] OK - loi-2016-23.pdf (N/A) - téléchargé (0.3 Mo)
[2026-09-05 02:31:46] OK - loi-2016-18.pdf (N/A) - téléchargé (0.3 Mo)
[2026-09-05 02:31:46] SKIP - loi-2016-14.pdf - déjà en cours
[2026-09-05 02:31:46] OK - loi-2015-018.pdf (N/A) - téléchargé (18.2 Mo)
[2026-09-05 02:31:48] ERROR - loi-2020-26.pdf (N/A) - exception: Command '['curl', '-sL', 'https://sgg.gouv.bj/doc/
[2026-09-05 02:31:49] OK - loi-2018-39.pdf (N/A) - téléchargé (19.0 Mo)
[2026-09-05 02:31:50] OK - loi-2016-09.pdf (N/A) - téléchargé (0.2 Mo)
[2026-09-05 02:31:50] OK - loi-2016-16.pdf (N/A) - téléchargé (6.5 Mo)
[2026-09-05 02:31:50] OK - loi-2016-08.pdf (N/A) - téléchargé (0.3 Mo)
[2026-09-05 02:31:51] OK - loi-2016-07.pdf (N/A) - téléchargé (0.3 Mo)
[2026-09-05 02:31:52] OK - loi-2016-02.pdf (N/A) - téléchargé (0.2 Mo)
[2026-09-05 02:31:52] OK - loi-2016-03.pdf (N/A) - téléchargé (0.7 Mo)
[2026-09-05 02:31:53] OK - loi-2016-04.pdf (N/A) - téléchargé (0.3 Mo)
[2026-09-05 02:31:54] OK - loi-2016-25.pdf (N/A) - téléchargé (7.7 Mo)
[2026-09-05 02:31:54] OK - loi-2016-05.pdf (N/A) - téléchargé (0.2 Mo)
[2026-09-05 02:31:56] OK - loi-2016-01.pdf (N/A) - téléchargé (0.5 Mo)
[2026-09-05 02:31:57] OK - loi-2015-37.pdf (N/A) - téléchargé (0.5 Mo)
[2026-09-05 02:31:57] OK - loi-2015-38.pdf (N/A) - téléchargé (0.5 Mo)
[2026-09-05 02:31:58] OK - loi-2020-05.pdf (N/A) - téléchargé (21.0 Mo)
[2026-09-05 02:31:59] OK - loi-2015-39.pdf (N/A) - téléchargé (0.5 Mo)
[2026-09-05 02:31:59] OK - loi-2016-10.pdf (N/A) - téléchargé (2.7 Mo)
[2026-09-05 02:32:00] OK - loi-2015-29.pdf (N/A) - téléchargé (0.4 Mo)
[2026-09-05 02:32:02] OK - loi-2017-02.pdf (N/A) - téléchargé (7.6 Mo)
[2026-09-05 02:32:04] OK - loi-2015-28.pdf (N/A) - téléchargé (0.5 Mo)
[2026-09-05 02:32:04] OK - loi-2015-31.pdf (N/A) - téléchargé (0.4 Mo)
[2026-09-05 02:32:05] OK - loi-2015-29.pdf (N/A) - téléchargé (0.4 Mo)
[2026-09-05 02:32:06] OK - loi-2018-14.pdf (N/A) - téléchargé (16.3 Mo)
[2026-09-05 02:32:07] OK - loi-2018-12.pdf (N/A) - téléchargé (16.5 Mo)
[2026-09-05 02:32:11] OK - loi-2015-27.pdf (N/A) - téléchargé (0.5 Mo)
[2026-09-05 02:32:12] OK - loi-2017-04.pdf (N/A) - téléchargé (24.2 Mo)
[2026-09-05 02:32:12] OK - loi-2015-35.pdf (N/A) - téléchargé (8.0 Mo)
[2026-09-05 02:32:13] OK - loi-2018-10.pdf (N/A) - téléchargé (21.9 Mo)
[2026-09-05 02:32:13] OK - loi-2015-42.pdf (N/A) - téléchargé (7.8 Mo)
[2026-09-05 02:32:13] OK - loi-2015-21.pdf (N/A) - téléchargé (0.3 Mo)
[2026-09-05 02:32:13] OK - loi-2016-14.pdf (N/A) - téléchargé (17.0 Mo)
[2026-09-05 02:32:13] OK - loi-2016-11.pdf (N/A) - téléchargé (6.4 Mo)
[2026-09-05 02:32:14] OK - loi-2016-33.pdf (N/A) - téléchargé (22.9 Mo)
[2026-09-05 02:32:14] OK - loi-2015-23.pdf (N/A) - téléchargé (0.3 Mo)
[2026-09-05 02:32:14] OK - loi-2015-22.pdf (N/A) - téléchargé (0.5 Mo)
[2026-09-05 02:32:14] OK - loi-2015-25.pdf (N/A) - téléchargé (0.4 Mo)
[2026-09-05 02:32:15] OK - loi-2015-24.pdf (N/A) - téléchargé (0.3 Mo)
[2026-09-05 02:32:15] OK - loi-2015-13.pdf (N/A) - téléchargé (0.3 Mo)
[2026-09-05 02:32:15] SKIP - loi-2015-12.pdf - déjà en cours
[2026-09-05 02:32:16] OK - loi-2015-26.pdf (N/A) - téléchargé (0.4 Mo)
[2026-09-05 02:32:17] OK - loi-2015-09.pdf (N/A) - téléchargé (0.3 Mo)
[2026-09-05 02:32:17] OK - loi-2015-15.pdf (N/A) - téléchargé (0.3 Mo)
[2026-09-05 02:32:18] OK - loi-2015-14.pdf (N/A) - téléchargé (0.3 Mo)
[2026-09-05 02:32:18] ERROR - loi-2019-06.pdf (N/A) - exception: Command '['curl', '-sL', 'https://sgg.gouv.bj/doc/
[2026-09-05 02:32:19] OK - loi-2015-11.pdf (N/A) - téléchargé (0.4 Mo)
[2026-09-05 02:32:19] OK - loi-2017-11.pdf (N/A) - téléchargé (12.8 Mo)
[2026-09-05 02:32:20] OK - loi-2015-36.pdf (N/A) - téléchargé (4.5 Mo)
[2026-09-05 02:32:20] OK - loi-2015-10.pdf (N/A) - téléchargé (0.3 Mo)
[2026-09-05 02:32:23] OK - loi-2015-12.pdf (N/A) - téléchargé (0.4 Mo)
[2026-09-05 02:32:26] OK - loi-2014-24.pdf (N/A) - téléchargé (0.4 Mo)
[2026-09-05 02:32:28] OK - loi-2015-34.pdf (N/A) - téléchargé (6.5 Mo)
[2026-09-05 02:32:30] OK - loi-2014-21.pdf (N/A) - téléchargé (0.4 Mo)
[2026-09-05 02:32:30] OK - loi-2015-32.pdf (N/A) - téléchargé (5.7 Mo)
[2026-09-05 02:32:32] OK - loi-2014-15.pdf (N/A) - téléchargé (0.3 Mo)
[2026-09-05 02:32:32] OK - loi-2014-16.pdf (N/A) - téléchargé (0.3 Mo)
[2026-09-05 02:32:33] ERROR - loi-2018-31.pdf (N/A) - exception: Command '['curl', '-sL', 'https://sgg.gouv.bj/doc/
[2026-09-05 02:32:34] OK - loi-2016-15.pdf (N/A) - téléchargé (7.5 Mo)
[2026-09-05 02:32:35] OK - loi-2014-18.pdf (N/A) - téléchargé (0.4 Mo)
[2026-09-05 02:32:35] OK - loi-2014-17.pdf (N/A) - téléchargé (0.3 Mo)
[2026-09-05 02:32:36] OK - loi-2015-03.pdf (N/A) - téléchargé (11.0 Mo)
[2026-09-05 02:32:36] OK - loi-2014-13.pdf (N/A) - téléchargé (0.3 Mo)
[2026-09-05 02:32:36] OK - loi-2014-12.pdf (N/A) - téléchargé (0.7 Mo)
[2026-09-05 02:32:37] OK - loi-2014-11.pdf (N/A) - téléchargé (0.7 Mo)
[2026-09-05 02:32:37] OK - loi-2015-33.pdf (N/A) - téléchargé (6.6 Mo)
[2026-09-05 02:32:38] OK - loi-2014-10.pdf (N/A) - téléchargé (0.7 Mo)
[2026-09-05 02:32:38] OK - loi-2014-08.pdf (N/A) - téléchargé (0.5 Mo)
[2026-09-05 02:32:38] OK - loi-2015-08.pdf (N/A) - téléchargé (13.1 Mo)
[2026-09-05 02:32:38] OK - loi-2014-09.pdf (N/A) - téléchargé (0.6 Mo)
[2026-09-05 02:32:39] OK - loi-2014-07.pdf (N/A) - téléchargé (0.7 Mo)
[2026-09-05 02:32:39] OK - loi-2014-05.pdf (N/A) - téléchargé (0.4 Mo)
[2026-09-05 02:32:40] OK - loi-2014-19.pdf (N/A) - téléchargé (8.9 Mo)
[2026-09-05 02:32:40] OK - loi-2014-06.pdf (N/A) - téléchargé (0.4 Mo)
[2026-09-05 02:32:40] OK - loi-2014-02.pdf (N/A) - téléchargé (0.5 Mo)
[2026-09-05 02:32:41] OK - loi-2014-01.pdf (N/A) - téléchargé (0.3 Mo)
[2026-09-05 02:32:41] OK - loi-2014-04.pdf (N/A) - téléchargé (0.4 Mo)
[2026-09-05 02:32:43] OK - loi-2013-25.pdf (N/A) - téléchargé (1.4 Mo)
[2026-09-05 02:32:45] OK - loi-2014-03.pdf (N/A) - téléchargé (0.4 Mo)
[2026-09-05 02:32:46] OK - loi-2009-22-A-.pdf (N/A) - téléchargé (4.3 Mo)
[2026-09-05 02:32:47] OK - loi-2015-04.pdf (N/A) - téléchargé (10.9 Mo)
[2026-09-05 02:32:47] OK - loi-2013-18.pdf (N/A) - téléchargé (1.5 Mo)
[2026-09-05 02:32:47] OK - loi-2013-26.pdf (N/A) - téléchargé (1.2 Mo)
[2026-09-05 02:32:48] OK - loi-2015-06.pdf (N/A) - téléchargé (8.9 Mo)
[2026-09-05 02:32:48] OK - loi-2013-17.pdf (N/A) - téléchargé (1.2 Mo)
[2026-09-05 02:32:49] OK - loi-2013-20.pdf (N/A) - téléchargé (1.3 Mo)
[2026-09-05 02:32:49] OK - loi-2013-24.pdf (N/A) - téléchargé (1.3 Mo)
[2026-09-05 02:32:50] ERROR - loi-2017-20.pdf (N/A) - exception: Command '['curl', '-sL', 'https://sgg.gouv.bj/doc/
[2026-09-05 02:32:52] OK - loi-2013-16.pdf (N/A) - téléchargé (1.3 Mo)
[2026-09-05 02:32:52] OK - loi-2013-19.pdf (N/A) - téléchargé (1.3 Mo)
[2026-09-05 02:32:53] OK - loi-2014-22.pdf (N/A) - téléchargé (6.4 Mo)
[2026-09-05 02:32:53] OK - loi-2013-08.pdf (N/A) - téléchargé (3.7 Mo)
[2026-09-05 02:32:53] OK - loi-2013-07.pdf (N/A) - téléchargé (0.1 Mo)
[2026-09-05 02:32:54] OK - loi-2013-15.pdf (N/A) - téléchargé (1.2 Mo)
[2026-09-05 02:32:55] OK - loi-2015-05.pdf (N/A) - téléchargé (9.6 Mo)
[2026-09-05 02:32:56] OK - loi-2012-43.pdf (N/A) - téléchargé (0.0 Mo)
[2026-09-05 02:32:57] OK - loi-2013-02.pdf (N/A) - téléchargé (0.0 Mo)
[2026-09-05 02:32:57] SKIP - loi-2013-03.pdf - déjà en cours
[2026-09-05 02:32:57] OK - loi-2013-03.pdf (N/A) - téléchargé (0.0 Mo)
[2026-09-05 02:32:58] OK - loi-2013-04.pdf (N/A) - téléchargé (0.1 Mo)
[2026-09-05 02:32:59] OK - loi-2013-06.pdf (N/A) - téléchargé (7.9 Mo)
[2026-09-05 02:33:00] OK - loi-2012-37.pdf (N/A) - téléchargé (0.0 Mo)
[2026-09-05 02:33:00] SKIP - loi-2012-38.pdf - déjà en cours
[2026-09-05 02:33:01] OK - loi-2012-38.pdf (N/A) - téléchargé (0.1 Mo)
[2026-09-05 02:33:01] OK - loi-2012-40.pdf (N/A) - téléchargé (0.0 Mo)
[2026-09-05 02:33:02] OK - loi-2012-41.pdf (N/A) - téléchargé (0.1 Mo)
[2026-09-05 02:33:02] OK - loi-2012-39.pdf (N/A) - téléchargé (0.0 Mo)
[2026-09-05 02:33:04] OK - loi-2002-24.pdf (N/A) - téléchargé (0.1 Mo)
[2026-09-05 02:33:04] OK - loi-2012-32.pdf (N/A) - téléchargé (0.0 Mo)
[2026-09-05 02:33:04] OK - loi-2013-05.pdf (N/A) - téléchargé (4.0 Mo)
[2026-09-05 02:33:06] OK - loi-2013-11.pdf (N/A) - téléchargé (7.7 Mo)
[2026-09-05 02:33:07] OK - loi-2012-33.pdf (N/A) - téléchargé (1.1 Mo)
[2026-09-05 02:33:07] OK - loi-2013-13.pdf (N/A) - téléchargé (8.8 Mo)
[2026-09-05 02:33:07] OK - loi-2012-31.pdf (N/A) - téléchargé (0.1 Mo)
[2026-09-05 02:33:08] OK - loi-2013-01.pdf (N/A) - téléchargé (6.3 Mo)
[2026-09-05 02:33:09] OK - loi-2012-26.pdf (N/A) - téléchargé (0.4 Mo)
[2026-09-05 02:33:10] OK - loi-2012-27.pdf (N/A) - téléchargé (0.1 Mo)
[2026-09-05 02:33:10] OK - loi-2012-35.pdf (N/A) - téléchargé (0.4 Mo)
[2026-09-05 02:33:11] OK - loi-2012-21.pdf (N/A) - téléchargé (1.9 Mo)
[2026-09-05 02:33:11] OK - loi-2012-28.pdf (N/A) - téléchargé (0.1 Mo)
[2026-09-05 02:33:11] OK - loi-2012-24.pdf (N/A) - téléchargé (1.9 Mo)
[2026-09-05 02:33:11] OK - loi-2012-29.pdf (N/A) - téléchargé (0.0 Mo)
[2026-09-05 02:33:11] OK - loi-2012-30.pdf (N/A) - téléchargé (0.1 Mo)
[2026-09-05 02:33:12] OK - loi-2012-25.pdf (N/A) - téléchargé (0.1 Mo)
[2026-09-05 02:33:12] OK - loi-2012-22.pdf (N/A) - téléchargé (0.1 Mo)
[2026-09-05 02:33:13] OK - loi-2012-23.pdf (N/A) - téléchargé (0.1 Mo)
[2026-09-05 02:33:13] OK - loi-2013-12.pdf (N/A) - téléchargé (7.9 Mo)
[2026-09-05 02:33:13] OK - loi-2012-34.pdf (N/A) - téléchargé (1.0 Mo)
[2026-09-05 02:33:13] OK - loi-2012-16.pdf (N/A) - téléchargé (0.1 Mo)
[2026-09-05 02:33:13] OK - loi-2012-17.pdf (N/A) - téléchargé (0.0 Mo)
[2026-09-05 02:33:13] OK - loi-2012-18.pdf (N/A) - téléchargé (0.0 Mo)
[2026-09-05 02:33:14] OK - loi-2016-24.pdf (N/A) - téléchargé (18.6 Mo)
[2026-09-05 02:33:14] SKIP - loi-2012-03.pdf - déjà en cours
[2026-09-05 02:33:14] OK - loi-2012-19.pdf (N/A) - téléchargé (0.0 Mo)
[2026-09-05 02:33:14] OK - loi-2012-04.pdf (N/A) - téléchargé (0.1 Mo)
[2026-09-05 02:33:15] OK - loi-2012-03.pdf (N/A) - téléchargé (0.0 Mo)
[2026-09-05 02:33:15] OK - loi-2012-05.pdf (N/A) - téléchargé (0.0 Mo)
[2026-09-05 02:33:15] OK - loi-2012-36.pdf (N/A) - téléchargé (9.2 Mo)
[2026-09-05 02:33:15] OK - loi-2012-20.pdf (N/A) - téléchargé (0.1 Mo)
[2026-09-05 02:33:16] OK - loi-2012-13.pdf (N/A) - téléchargé (0.7 Mo)
[2026-09-05 02:33:16] OK - loi-2012-14.pdf (N/A) - téléchargé (2.0 Mo)
[2026-09-05 02:33:16] OK - loi-2012-7.pdf (N/A) - téléchargé (0.4 Mo)
[2026-09-05 02:33:17] OK - loi-2012-8.pdf (N/A) - téléchargé (0.4 Mo)
[2026-09-05 02:33:17] OK - loi-2012-4.pdf (N/A) - téléchargé (0.4 Mo)
[2026-09-05 02:33:17] OK - loi-2014-14.pdf (N/A) - téléchargé (24.1 Mo)
[2026-09-05 02:33:17] SKIP - loi-2012-6.pdf - déjà en cours
[2026-09-05 02:33:17] OK - loi-2012-09.pdf (N/A) - téléchargé (0.1 Mo)
[2026-09-05 02:33:17] SKIP - loi-2012-12.pdf - déjà en cours
[2026-09-05 02:33:17] OK - loi-2012-5.pdf (N/A) - téléchargé (0.4 Mo)
[2026-09-05 02:33:17] OK - loi-2012-6.pdf (N/A) - téléchargé (0.4 Mo)
[2026-09-05 02:33:17] OK - loi-2012-11.pdf (N/A) - téléchargé (0.0 Mo)
[2026-09-05 02:33:17] OK - loi-2012-10.pdf (N/A) - téléchargé (0.0 Mo)
[2026-09-05 02:33:17] SKIP - loi-2012-01.pdf - déjà en cours
[2026-09-05 02:33:17] SKIP - loi-2012-02.pdf - déjà en cours
[2026-09-05 02:33:18] OK - loi-2012-12.pdf (N/A) - téléchargé (0.4 Mo)
[2026-09-05 02:33:19] OK - loi-2012-01.pdf (N/A) - téléchargé (0.0 Mo)
[2026-09-05 02:33:19] OK - loi-2012-9.pdf (N/A) - téléchargé (0.4 Mo)
[2026-09-05 02:33:19] OK - loi-2012-02.pdf (N/A) - téléchargé (0.0 Mo)
[2026-09-05 02:33:19] OK - loi-2012-8.pdf (N/A) - téléchargé (0.4 Mo)
[2026-09-05 02:33:19] OK - loi-2012-7.pdf (N/A) - téléchargé (0.4 Mo)
[2026-09-05 02:33:20] OK - loi-2012-4.pdf (N/A) - téléchargé (0.4 Mo)
[2026-09-05 02:33:20] OK - loi-2012-1.pdf (N/A) - téléchargé (0.3 Mo)
[2026-09-05 02:33:20] OK - loi-2012-2.pdf (N/A) - téléchargé (0.4 Mo)
[2026-09-05 02:33:20] OK - loi-2011-27.pdf (N/A) - téléchargé (0.3 Mo)
[2026-09-05 02:33:20] OK - loi-2011-38.pdf (N/A) - téléchargé (0.1 Mo)
[2026-09-05 02:33:20] OK - loi-2013-10.pdf (N/A) - téléchargé (7.0 Mo)
[2026-09-05 02:33:20] OK - loi-2011-39.pdf (N/A) - téléchargé (0.1 Mo)
[2026-09-05 02:33:20] OK - loi-2011-40.pdf (N/A) - téléchargé (0.1 Mo)
[2026-09-05 02:33:21] OK - loi-2011-41.pdf (N/A) - téléchargé (0.0 Mo)
[2026-09-05 02:33:21] OK - loi-2011-42.pdf (N/A) - téléchargé (0.1 Mo)
[2026-09-05 02:33:21] OK - loi-2011-35.pdf (N/A) - téléchargé (0.0 Mo)
[2026-09-05 02:33:21] OK - loi-2011-36.pdf (N/A) - téléchargé (0.0 Mo)
[2026-09-05 02:33:22] OK - loi-2011-37.pdf (N/A) - téléchargé (0.1 Mo)
[2026-09-05 02:33:22] OK - loi-2011-23.pdf (N/A) - téléchargé (0.1 Mo)
[2026-09-05 02:33:22] OK - loi-2011-30.pdf (N/A) - téléchargé (0.0 Mo)
[2026-09-05 02:33:22] OK - loi-2011-28.pdf (N/A) - téléchargé (0.1 Mo)
[2026-09-05 02:33:22] OK - loi-2011-29.pdf (N/A) - téléchargé (0.1 Mo)
[2026-09-05 02:33:22] OK - loi-2011-31.pdf (N/A) - téléchargé (0.1 Mo)
[2026-09-05 02:33:22] OK - loi-2011-32.pdf (N/A) - téléchargé (0.0 Mo)
[2026-09-05 02:33:23] OK - loi-2011-43.pdf (N/A) - téléchargé (1.9 Mo)
[2026-09-05 02:33:23] OK - loi-2011-33.pdf (N/A) - téléchargé (0.1 Mo)
[2026-09-05 02:33:23] OK - loi-2012-3.pdf (N/A) - téléchargé (0.4 Mo)
[2026-09-05 02:33:23] OK - loi-2011-34.pdf (N/A) - téléchargé (0.1 Mo)
[2026-09-05 02:33:23] OK - loi-2011-22.pdf (N/A) - téléchargé (0.1 Mo)
[2026-09-05 02:33:23] OK - loi-2011-15.pdf (N/A) - téléchargé (0.0 Mo)
[2026-09-05 02:33:24] OK - loi-2011-16.pdf (N/A) - téléchargé (0.0 Mo)
[2026-09-05 02:33:24] OK - loi-2011-25.pdf (N/A) - téléchargé (0.1 Mo)
[2026-09-05 02:33:24] OK - loi-2011-24.pdf (N/A) - téléchargé (0.1 Mo)
[2026-09-05 02:33:24] OK - loi-2011-21.pdf (N/A) - téléchargé (0.1 Mo)
[2026-09-05 02:33:24] OK - loi-2011-17.pdf (N/A) - téléchargé (0.0 Mo)
[2026-09-05 02:33:24] OK - loi-2011-19.pdf (N/A) - téléchargé (0.1 Mo)
[2026-09-05 02:33:24] OK - loi-2011-18.pdf (N/A) - téléchargé (0.0 Mo)
[2026-09-05 02:33:24] OK - loi-2011-20.pdf (N/A) - téléchargé (2.1 Mo)
[2026-09-05 02:33:25] OK - loi-2015-07.pdf (N/A) - téléchargé (27.5 Mo)
[2026-09-05 02:33:25] OK - loi-2011-13.pdf (N/A) - téléchargé (0.0 Mo)
[2026-09-05 02:33:25] OK - loi-2011-11.pdf (N/A) - téléchargé (0.1 Mo)
[2026-09-05 02:33:25] OK - loi-2011-12.pdf (N/A) - téléchargé (0.1 Mo)
[2026-09-05 02:33:25] OK - loi-2011-08.pdf (N/A) - téléchargé (0.1 Mo)
[2026-09-05 02:33:25] OK - loi-2011-14.pdf (N/A) - téléchargé (0.4 Mo)
[2026-09-05 02:33:25] OK - loi-2011-09.pdf (N/A) - téléchargé (0.1 Mo)
[2026-09-05 02:33:26] OK - loi-2011-04.pdf (N/A) - téléchargé (0.1 Mo)
[2026-09-05 02:33:26] OK - loi-2011-10.pdf (N/A) - téléchargé (0.0 Mo)
[2026-09-05 02:33:26] OK - loi-2011-05.pdf (N/A) - téléchargé (0.1 Mo)
[2026-09-05 02:33:26] OK - loi-2011-9.pdf (N/A) - téléchargé (0.5 Mo)
[2026-09-05 02:33:26] OK - loi-2011-8.pdf (N/A) - téléchargé (0.5 Mo)
[2026-09-05 02:33:26] OK - loi-2011-07.pdf (N/A) - téléchargé (0.1 Mo)
[2026-09-05 02:33:26] OK - loi-2011-7.pdf (N/A) - téléchargé (0.5 Mo)
[2026-09-05 02:33:26] OK - loi-2011-06.pdf (N/A) - téléchargé (0.1 Mo)
[2026-09-05 02:33:27] OK - loi-2011-6.pdf (N/A) - téléchargé (0.5 Mo)
[2026-09-05 02:33:27] OK - loi-2011-4.pdf (N/A) - téléchargé (0.5 Mo)
[2026-09-05 02:33:27] OK - loi-2011-5.pdf (N/A) - téléchargé (0.5 Mo)
[2026-09-05 02:33:27] OK - loi-2011-03.pdf (N/A) - téléchargé (0.0 Mo)
[2026-09-05 02:33:27] OK - loi-2011-02.pdf (N/A) - téléchargé (0.1 Mo)
[2026-09-05 02:33:28] OK - loi-2011-01.pdf (N/A) - téléchargé (0.6 Mo)
[2026-09-05 02:33:28] OK - loi-2010-40.pdf (N/A) - téléchargé (0.1 Mo)
[2026-09-05 02:33:28] SKIP - loi-2010-44.pdf - déjà en cours
[2026-09-05 02:33:28] OK - loi-2011-26.pdf (N/A) - téléchargé (0.5 Mo)
[2026-09-05 02:33:29] OK - loi-2011-2.pdf (N/A) - téléchargé (0.4 Mo)
[2026-09-05 02:33:29] OK - loi-2010-45.pdf (N/A) - téléchargé (0.0 Mo)
[2026-09-05 02:33:29] OK - loi-2010-35.pdf (N/A) - téléchargé (0.4 Mo)
[2026-09-05 02:33:30] OK - loi-2011-3.pdf (N/A) - téléchargé (0.4 Mo)
[2026-09-05 02:33:30] OK - loi-2010-37.pdf (N/A) - téléchargé (0.1 Mo)
[2026-09-05 02:33:30] OK - loi-2010-38.pdf (N/A) - téléchargé (0.1 Mo)
[2026-09-05 02:33:30] OK - loi-2010-36.pdf (N/A) - téléchargé (0.2 Mo)
[2026-09-05 02:33:31] OK - loi-2011-1.pdf (N/A) - téléchargé (0.4 Mo)
[2026-09-05 02:33:31] OK - loi-2010-33.pdf (N/A) - téléchargé (1.7 Mo)
[2026-09-05 02:33:31] OK - loi-2010-43.pdf (N/A) - téléchargé (0.0 Mo)
[2026-09-05 02:33:31] OK - loi-2010-11.pdf (N/A) - téléchargé (5.8 Mo)
[2026-09-05 02:33:31] SKIP - loi-2005-26.pdf - déjà en cours
[2026-09-05 02:33:32] OK - loi-organique-2010-05.pdf (N/A) - téléchargé (0.1 Mo)
[2026-09-05 02:33:32] OK - loi-2010-44.pdf (N/A) - téléchargé (1.1 Mo)
[2026-09-05 02:33:32] OK - loi-2010-39.pdf (N/A) - téléchargé (0.1 Mo)
[2026-09-05 02:33:32] OK - loi-2010-26.pdf (N/A) - téléchargé (0.0 Mo)
[2026-09-05 02:33:32] OK - loi-2010-31.pdf (N/A) - téléchargé (0.6 Mo)
[2026-09-05 02:33:32] OK - loi-2010-41.pdf (N/A) - téléchargé (0.0 Mo)
[2026-09-05 02:33:33] OK - loi-2010-32.pdf (N/A) - téléchargé (0.0 Mo)
[2026-09-05 02:33:33] OK - loi-2015-41.pdf (N/A) - téléchargé (20.7 Mo)
[2026-09-05 02:33:33] OK - loi-2005-26.pdf (N/A) - téléchargé (0.2 Mo)
[2026-09-05 02:33:33] OK - loi-2015-20.pdf (N/A) - téléchargé (18.1 Mo)
[2026-09-05 02:33:33] OK - loi-2010-30.pdf (N/A) - téléchargé (0.1 Mo)
[2026-09-05 02:33:33] OK - loi-2010-5.pdf (N/A) - téléchargé (1.1 Mo)
[2026-09-05 02:33:33] OK - loi-2010-27.pdf (N/A) - téléchargé (0.0 Mo)
[2026-09-05 02:33:33] OK - loi-2010-28.pdf (N/A) - téléchargé (0.1 Mo)
[2026-09-05 02:33:33] SKIP - loi-2010-20.pdf - déjà en cours
[2026-09-05 02:33:33] OK - loi-2010-34.pdf (N/A) - téléchargé (1.5 Mo)
[2026-09-05 02:33:34] OK - loi-2010-25.pdf (N/A) - téléchargé (0.0 Mo)
[2026-09-05 02:33:34] OK - loi-2010-15.pdf (N/A) - téléchargé (0.1 Mo)
[2026-09-05 02:33:34] OK - loi-2010-20.pdf (N/A) - téléchargé (0.0 Mo)
[2026-09-05 02:33:34] OK - loi-2010-17.pdf (N/A) - téléchargé (0.1 Mo)
[2026-09-05 02:33:34] OK - loi-2010-18.pdf (N/A) - téléchargé (0.0 Mo)
[2026-09-05 02:33:34] OK - loi-2010-23.pdf (N/A) - téléchargé (0.0 Mo)
[2026-09-05 02:33:34] OK - loi-2010-19.pdf (N/A) - téléchargé (0.1 Mo)
[2026-09-05 02:33:34] OK - loi-2010-21.pdf (N/A) - téléchargé (0.0 Mo)
[2026-09-05 02:33:34] OK - loi-2010-22.pdf (N/A) - téléchargé (0.0 Mo)
[2026-09-05 02:33:35] OK - loi-2010-24.pdf (N/A) - téléchargé (0.9 Mo)
[2026-09-05 02:33:35] OK - loi-2010-29.pdf (N/A) - téléchargé (1.4 Mo)
[2026-09-05 02:33:35] OK - loi-2010-14.pdf (N/A) - téléchargé (0.0 Mo)
[2026-09-05 02:33:35] OK - loi-2010-13.pdf (N/A) - téléchargé (0.1 Mo)
[2026-09-05 02:33:35] OK - loi-2010-10.pdf (N/A) - téléchargé (0.1 Mo)
[2026-09-05 02:33:35] OK - loi-2010-07.pdf (N/A) - téléchargé (0.0 Mo)
[2026-09-05 02:33:35] OK - loi-2010-08.pdf (N/A) - téléchargé (0.0 Mo)
[2026-09-05 02:33:35] OK - loi-2010-09.pdf (N/A) - téléchargé (0.0 Mo)
[2026-09-05 02:33:36] OK - loi-2010-06.pdf (N/A) - téléchargé (0.0 Mo)
[2026-09-05 02:33:36] OK - loi-2010-7.pdf (N/A) - téléchargé (0.4 Mo)
[2026-09-05 02:33:36] OK - loi-2010-8.pdf (N/A) - téléchargé (0.4 Mo)
[2026-09-05 02:33:36] OK - loi-2010-9.pdf (N/A) - téléchargé (0.4 Mo)
[2026-09-05 02:33:36] OK - loi-2013-09.pdf (N/A) - téléchargé (24.1 Mo)
[2026-09-05 02:33:36] OK - loi-2010-6.pdf (N/A) - téléchargé (0.5 Mo)
[2026-09-05 02:33:37] OK - loi--2010-03.pdf (N/A) - téléchargé (0.7 Mo)
[2026-09-05 02:33:37] OK - loi--2010-04.pdf (N/A) - téléchargé (0.0 Mo)
[2026-09-05 02:33:37] OK - loi-2014-25.pdf (N/A) - téléchargé (15.6 Mo)
[2026-09-05 02:33:37] OK - loi-2010-02.pdf (N/A) - téléchargé (0.8 Mo)
[2026-09-05 02:33:37] OK - loi-2009-26.pdf (N/A) - téléchargé (0.1 Mo)
[2026-09-05 02:33:37] OK - loi-2009-27.pdf (N/A) - téléchargé (0.0 Mo)
[2026-09-05 02:33:37] OK - loi-2010-4.pdf (N/A) - téléchargé (0.3 Mo)
[2026-09-05 02:33:38] OK - loi-2010-01.pdf (N/A) - téléchargé (0.0 Mo)
[2026-09-05 02:33:38] OK - loi-2009-24.pdf (N/A) - téléchargé (0.0 Mo)
[2026-09-05 02:33:38] OK - loi-2009-23.pdf (N/A) - téléchargé (0.0 Mo)
[2026-09-05 02:33:38] OK - loi-2010-1.pdf (N/A) - téléchargé (0.4 Mo)
[2026-09-05 02:33:39] OK - loi-2009-18.pdf (N/A) - téléchargé (0.2 Mo)
[2026-09-05 02:33:39] OK - loi-2009-21.pdf (N/A) - téléchargé (0.0 Mo)
[2026-09-05 02:33:39] OK - loi-2009-17.pdf (N/A) - téléchargé (0.5 Mo)
[2026-09-05 02:33:39] OK - loi-2009-19.pdf (N/A) - téléchargé (0.0 Mo)
[2026-09-05 02:33:40] OK - loi-2009-25.pdf (N/A) - téléchargé (0.0 Mo)
[2026-09-05 02:33:40] OK - loi-2009-13.pdf (N/A) - téléchargé (0.0 Mo)
[2026-09-05 02:33:40] OK - loi-2009-14.pdf (N/A) - téléchargé (0.0 Mo)
[2026-09-05 02:33:40] OK - loi-2009-20.pdf (N/A) - téléchargé (0.1 Mo)
[2026-09-05 02:33:40] OK - loi-2009-15.pdf (N/A) - téléchargé (0.0 Mo)
[2026-09-05 02:33:40] OK - loi-2009-16.pdf (N/A) - téléchargé (0.0 Mo)
[2026-09-05 02:33:40] OK - loi-2010-2.pdf (N/A) - téléchargé (6.1 Mo)
[2026-09-05 02:33:41] OK - loi-2009-12.pdf (N/A) - téléchargé (0.6 Mo)
[2026-09-05 02:33:41] OK - loi-2009-09.pdf (N/A) - téléchargé (1.0 Mo)
[2026-09-05 02:33:41] OK - loi-2009-11.pdf (N/A) - téléchargé (1.0 Mo)
[2026-09-05 02:33:42] OK - loi-2009-07.pdf (N/A) - téléchargé (0.0 Mo)
[2026-09-05 02:33:42] OK - loi-2009-8.pdf (N/A) - téléchargé (0.4 Mo)
[2026-09-05 02:33:42] OK - loi-2009-7.pdf (N/A) - téléchargé (0.4 Mo)
[2026-09-05 02:33:42] OK - loi-2009-03.pdf (N/A) - téléchargé (0.1 Mo)
[2026-09-05 02:33:42] OK - loi-2009-08.pdf (N/A) - téléchargé (0.0 Mo)
[2026-09-05 02:33:42] SKIP - loi-2009-01.pdf - déjà en cours
[2026-09-05 02:33:42] OK - loi-2009-06.pdf (N/A) - téléchargé (0.1 Mo)
[2026-09-05 02:33:43] OK - loi-2009-04.pdf (N/A) - téléchargé (0.1 Mo)
[2026-09-05 02:33:43] OK - loi-2009-05.pdf (N/A) - téléchargé (0.1 Mo)
[2026-09-05 02:33:43] OK - loi-2010-03.pdf (N/A) - téléchargé (5.5 Mo)
[2026-09-05 02:33:43] OK - loi-2009-4.pdf (N/A) - téléchargé (0.4 Mo)
[2026-09-05 02:33:43] OK - loi-2009-01.pdf (N/A) - téléchargé (0.2 Mo)
[2026-09-05 02:33:44] OK - loi-2008-08.pdf (N/A) - téléchargé (0.0 Mo)
[2026-09-05 02:33:44] OK - loi-2009-10.pdf (N/A) - téléchargé (1.6 Mo)
[2026-09-05 02:33:44] OK - loi-2009-3.pdf (N/A) - téléchargé (0.4 Mo)
[2026-09-05 02:33:44] OK - loi-2009-5.pdf (N/A) - téléchargé (0.4 Mo)
[2026-09-05 02:33:44] OK - loi-2008-06.pdf (N/A) - téléchargé (0.0 Mo)
[2026-09-05 02:33:44] OK - loi-2008-8.pdf (N/A) - téléchargé (0.3 Mo)
[2026-09-05 02:33:45] OK - loi-2008-O9.pdf (N/A) - téléchargé (1.3 Mo)
[2026-09-05 02:33:45] OK - loi-2008-04.pdf (N/A) - téléchargé (0.1 Mo)
[2026-09-05 02:33:45] OK - loi-2008-05.pdf (N/A) - téléchargé (0.0 Mo)
[2026-09-05 02:33:45] OK - loi-2008-6.pdf (N/A) - téléchargé (0.4 Mo)
[2026-09-05 02:33:45] OK - loi-2008-03.pdf (N/A) - téléchargé (0.0 Mo)
[2026-09-05 02:33:46] OK - loi-2008-01.pdf (N/A) - téléchargé (0.0 Mo)
[2026-09-05 02:33:46] OK - loi-2012-42.pdf (N/A) - téléchargé (18.6 Mo)
[2026-09-05 02:33:46] OK - loi-2008-5.pdf (N/A) - téléchargé (0.3 Mo)
[2026-09-05 02:33:46] OK - loi-2008-07.pdf (N/A) - téléchargé (7.8 Mo)
[2026-09-05 02:33:46] OK - loi-2008-4.pdf (N/A) - téléchargé (0.5 Mo)
[2026-09-05 02:33:46] OK - loi-2008-3.pdf (N/A) - téléchargé (0.4 Mo)
[2026-09-05 02:33:46] OK - loi-2008-1.pdf (N/A) - téléchargé (0.2 Mo)
[2026-09-05 02:33:47] OK - loi-2007-29.pdf (N/A) - téléchargé (0.1 Mo)
[2026-09-05 02:33:47] OK - loi-2010-46.pdf (N/A) - téléchargé (16.4 Mo)
[2026-09-05 02:33:47] OK - loi-2007-31.pdf (N/A) - téléchargé (0.0 Mo)
[2026-09-05 02:33:47] OK - loi-2007-32.pdf (N/A) - téléchargé (0.0 Mo)
[2026-09-05 02:33:48] OK - loi-2007-27.pdf (N/A) - téléchargé (0.2 Mo)
[2026-09-05 02:33:48] OK - loi-2007-30.pdf (N/A) - téléchargé (0.8 Mo)
[2026-09-05 02:33:48] OK - loi-2007-23.pdf (N/A) - téléchargé (0.0 Mo)
[2026-09-05 02:33:48] OK - loi-2007-33.pdf (N/A) - téléchargé (2.0 Mo)
[2026-09-05 02:33:49] OK - loi-2007-24.pdf (N/A) - téléchargé (0.1 Mo)
[2026-09-05 02:33:49] OK - loi-2007-21.pdf (N/A) - téléchargé (0.6 Mo)
[2026-09-05 02:33:49] OK - loi-2007-17.pdf (N/A) - téléchargé (0.1 Mo)
[2026-09-05 02:33:49] OK - loi-2007-26.pdf (N/A) - téléchargé (0.0 Mo)
[2026-09-05 02:33:49] OK - loi-2007-22.pdf (N/A) - téléchargé (0.4 Mo)
[2026-09-05 02:33:50] OK - loi-2007-18.pdf (N/A) - téléchargé (0.0 Mo)
[2026-09-05 02:33:50] OK - loi-2007-19.pdf (N/A) - téléchargé (0.0 Mo)
[2026-09-05 02:33:50] OK - loi-2007-03.pdf (N/A) - téléchargé (1.8 Mo)
[2026-09-05 02:33:50] OK - loi-2007-16.pdf (N/A) - téléchargé (0.0 Mo)
[2026-09-05 02:33:50] OK - loi-2007-15.pdf (N/A) - téléchargé (0.0 Mo)
[2026-09-05 02:33:51] OK - loi-2007-20.pdf (N/A) - téléchargé (0.9 Mo)
[2026-09-05 02:33:51] OK - loi-2007-12.pdf (N/A) - téléchargé (0.0 Mo)
[2026-09-05 02:33:51] OK - loi-2007-13.pdf (N/A) - téléchargé (0.0 Mo)
[2026-09-05 02:33:51] OK - loi-2007-14.pdf (N/A) - téléchargé (0.0 Mo)
[2026-09-05 02:33:51] OK - loi-2004-20.pdf (N/A) - téléchargé (2.4 Mo)
[2026-09-05 02:33:51] OK - loi-2007-08.pdf (N/A) - téléchargé (0.0 Mo)
[2026-09-05 02:33:51] OK - loi-2007-09.pdf (N/A) - téléchargé (0.1 Mo)
[2026-09-05 02:33:52] OK - loi-2007-10.pdf (N/A) - téléchargé (0.0 Mo)
[2026-09-05 02:33:52] OK - loi-2007-06.pdf (N/A) - téléchargé (0.1 Mo)
[2026-09-05 02:33:52] OK - loi-2007-07.pdf (N/A) - téléchargé (0.0 Mo)
[2026-09-05 02:33:52] OK - loi-2004-07.pdf (N/A) - téléchargé (0.6 Mo)
[2026-09-05 02:33:52] OK - loi-2007-04.pdf (N/A) - téléchargé (0.1 Mo)
[2026-09-05 02:33:52] OK - loi-2007-05.pdf (N/A) - téléchargé (0.1 Mo)
[2026-09-05 02:33:52] OK - loi-2007-28.pdf (N/A) - téléchargé (0.9 Mo)
[2026-09-05 02:33:52] OK - loi-2009-22.pdf (N/A) - téléchargé (4.3 Mo)
[2026-09-05 02:33:53] OK - loi-2009-02.pdf (N/A) - téléchargé (3.5 Mo)
[2026-09-05 02:33:53] OK - loi-2002-17.pdf (N/A) - téléchargé (0.1 Mo)
[2026-09-05 02:33:53] OK - loi-2004-27.pdf (N/A) - téléchargé (0.1 Mo)
[2026-09-05 02:33:53] OK - loi-2007-01.pdf (N/A) - téléchargé (0.8 Mo)
[2026-09-05 02:33:53] OK - loi-2007-02.pdf (N/A) - téléchargé (0.1 Mo)
[2026-09-05 02:33:53] OK - loi-2006-23.pdf (N/A) - téléchargé (0.1 Mo)
[2026-09-05 02:33:53] OK - loi-2006-16.pdf (N/A) - téléchargé (0.3 Mo)
[2026-09-05 02:33:53] OK - loi-2006-21.pdf (N/A) - téléchargé (0.1 Mo)
[2026-09-05 02:33:54] OK - loi-2006-20.pdf (N/A) - téléchargé (0.2 Mo)
[2026-09-05 02:33:54] OK - loi-2006-09.pdf (N/A) - téléchargé (0.1 Mo)
[2026-09-05 02:33:54] OK - loi-2006-14.pdf (N/A) - téléchargé (0.3 Mo)
[2026-09-05 02:33:54] SKIP - loi-2005-43.pdf - déjà en cours
[2026-09-05 02:33:54] OK - loi-2006-11.pdf (N/A) - téléchargé (0.0 Mo)
[2026-09-05 02:33:54] OK - loi-2006-09-A.pdf (N/A) - téléchargé (0.0 Mo)
[2026-09-05 02:33:54] OK - loi-2006-09-B.pdf (N/A) - téléchargé (0.0 Mo)
[2026-09-05 02:33:55] OK - loi-2006-15.pdf (N/A) - téléchargé (0.1 Mo)
[2026-09-05 02:33:55] OK - loi-2006-18.pdf (N/A) - téléchargé (0.2 Mo)
[2026-09-05 02:33:55] OK - loi-2006-12.pdf (N/A) - téléchargé (0.1 Mo)
[2026-09-05 02:33:55] SKIP - loi-2005-31.pdf - déjà en cours
[2026-09-05 02:33:55] OK - loi-2006-24.pdf (N/A) - téléchargé (2.6 Mo)
[2026-09-05 02:33:55] SKIP - loi-2005-30.pdf - déjà en cours
[2026-09-05 02:33:55] OK - loi-2006-10.pdf (N/A) - téléchargé (0.0 Mo)
[2026-09-05 02:33:55] OK - loi-2007-25.pdf (N/A) - téléchargé (2.1 Mo)
[2026-09-05 02:33:55] OK - loi-2006-19.pdf (N/A) - téléchargé (0.3 Mo)
[2026-09-05 02:33:55] SKIP - loi-2005-42.pdf - déjà en cours
[2026-09-05 02:33:55] OK - loi-2006-17.pdf (N/A) - téléchargé (0.3 Mo)
[2026-09-05 02:33:56] OK - loi-2006-08.pdf (N/A) - téléchargé (0.0 Mo)
[2026-09-05 02:33:56] SKIP - loi-2005-40.pdf - déjà en cours
[2026-09-05 02:33:56] SKIP - loi-2005-41.pdf - déjà en cours
[2026-09-05 02:33:56] OK - loi-2006-25.pdf (N/A) - téléchargé (2.3 Mo)
[2026-09-05 02:33:56] OK - loi-2006-07.pdf (N/A) - téléchargé (0.0 Mo)
[2026-09-05 02:33:56] OK - loi-2006-06.pdf (N/A) - téléchargé (0.1 Mo)
[2026-09-05 02:33:56] SKIP - loi-2005-37.pdf - déjà en cours
[2026-09-05 02:33:56] SKIP - loi-2005-38.pdf - déjà en cours
[2026-09-05 02:33:56] SKIP - loi-2005-39.pdf - déjà en cours
[2026-09-05 02:33:56] OK - loi-2006-01.pdf (N/A) - téléchargé (0.0 Mo)
[2026-09-05 02:33:56] SKIP - loi-2005-36.pdf - déjà en cours
[2026-09-05 02:33:56] OK - loi-2006-02.pdf (N/A) - téléchargé (0.0 Mo)
[2026-09-05 02:33:56] SKIP - loi-2005-35.pdf - déjà en cours
[2026-09-05 02:33:56] OK - loi-2005-31.pdf (N/A) - téléchargé (0.5 Mo)
[2026-09-05 02:33:56] SKIP - loi-2005-34.pdf - déjà en cours
[2026-09-05 02:33:56] OK - loi-2005-40.pdf (N/A) - téléchargé (0.0 Mo)
[2026-09-05 02:33:56] SKIP - loi-2005-33.pdf - déjà en cours
[2026-09-05 02:33:56] OK - loi-2006-04.pdf (N/A) - téléchargé (0.1 Mo)
[2026-09-05 02:33:57] OK - loi-2005-41.pdf (N/A) - téléchargé (0.2 Mo)
[2026-09-05 02:33:57] SKIP - loi-2005-16.pdf - déjà en cours
[2026-09-05 02:33:57] SKIP - loi-2005-24.pdf - déjà en cours
[2026-09-05 02:33:57] OK - loi-2005-37.pdf (N/A) - téléchargé (0.0 Mo)
[2026-09-05 02:33:58] OK - loi-2004-03.pdf (N/A) - téléchargé (0.7 Mo)
[2026-09-05 02:33:58] SKIP - loi-2005-32.pdf - déjà en cours
[2026-09-05 02:33:58] OK - loi-2005-42.pdf (N/A) - téléchargé (1.3 Mo)
[2026-09-05 02:33:58] OK - loi-2005-36.pdf (N/A) - téléchargé (0.2 Mo)
[2026-09-05 02:33:58] OK - loi-2005-35.pdf (N/A) - téléchargé (0.0 Mo)
[2026-09-05 02:33:58] SKIP - loi-2005-27.pdf - déjà en cours
[2026-09-05 02:33:58] SKIP - loi-2005-28.pdf - déjà en cours
[2026-09-05 02:33:58] SKIP - loi-2005-29.pdf - déjà en cours
[2026-09-05 02:33:58] OK - loi-2005-33.pdf (N/A) - téléchargé (0.2 Mo)
[2026-09-05 02:33:58] SKIP - loi-2005-14.pdf - déjà en cours
[2026-09-05 02:33:58] OK - loi-2005-30.pdf (N/A) - téléchargé (1.6 Mo)
[2026-09-05 02:33:58] SKIP - loi-2005-25.pdf - déjà en cours
[2026-09-05 02:33:58] OK - loi-2009-9.pdf (N/A) - téléchargé (6.8 Mo)
[2026-09-05 02:33:58] OK - loi-2005-24.pdf (N/A) - téléchargé (0.2 Mo)
[2026-09-05 02:33:58] SKIP - loi-2005-22.pdf - déjà en cours
[2026-09-05 02:33:58] SKIP - loi-2005-23.pdf - déjà en cours
[2026-09-05 02:33:58] OK - loi-2005-38.pdf (N/A) - téléchargé (1.1 Mo)
[2026-09-05 02:33:58] OK - loi-2005-32.pdf (N/A) - téléchargé (0.0 Mo)
[2026-09-05 02:33:58] OK - loi-2005-34.pdf (N/A) - téléchargé (0.0 Mo)
[2026-09-05 02:33:59] OK - loi-2005-16.pdf (N/A) - téléchargé (0.6 Mo)
[2026-09-05 02:33:59] SKIP - loi-2005-18.pdf - déjà en cours
[2026-09-05 02:33:59] SKIP - loi-2005-19.pdf - déjà en cours
[2026-09-05 02:33:59] SKIP - loi-2005-20.pdf - déjà en cours
[2026-09-05 02:33:59] SKIP - loi-2005-21.pdf - déjà en cours
[2026-09-05 02:33:59] OK - loi-2005-27.pdf (N/A) - téléchargé (0.0 Mo)
[2026-09-05 02:33:59] SKIP - loi-2005-17.pdf - déjà en cours
[2026-09-05 02:33:59] OK - loi-2005-28.pdf (N/A) - téléchargé (0.0 Mo)
[2026-09-05 02:33:59] SKIP - loi-2005-15.pdf - déjà en cours
[2026-09-05 02:33:59] OK - loi-2005-29.pdf (N/A) - téléchargé (0.0 Mo)
[2026-09-05 02:33:59] OK - loi-2001-38.pdf (N/A) - téléchargé (0.8 Mo)
[2026-09-05 02:33:59] SKIP - loi-2005-07.pdf - déjà en cours
[2026-09-05 02:33:59] OK - loi-2005-39.pdf (N/A) - téléchargé (0.7 Mo)
[2026-09-05 02:33:59] SKIP - loi-2004-23.pdf - déjà en cours
[2026-09-05 02:33:59] OK - loi-2005-25.pdf (N/A) - téléchargé (0.0 Mo)
[2026-09-05 02:33:59] SKIP - loi-2005-10.pdf - déjà en cours
[2026-09-05 02:33:59] OK - loi-2005-23.pdf (N/A) - téléchargé (0.0 Mo)
[2026-09-05 02:33:59] OK - loi-2005-20.pdf (N/A) - téléchargé (0.0 Mo)
[2026-09-05 02:33:59] OK - loi-2005-22.pdf (N/A) - téléchargé (0.0 Mo)
[2026-09-05 02:33:59] OK - loi-2005-18.pdf (N/A) - téléchargé (0.0 Mo)
[2026-09-05 02:33:59] OK - loi-2005-19.pdf (N/A) - téléchargé (0.0 Mo)
[2026-09-05 02:33:59] SKIP - loi-2005-10.pdf - déjà en cours
[2026-09-05 02:33:59] SKIP - loi-2005-11.pdf - déjà en cours
[2026-09-05 02:33:59] SKIP - loi-2005-13.pdf - déjà en cours
[2026-09-05 02:33:59] SKIP - loi-2005-09.pdf - déjà en cours
[2026-09-05 02:33:59] OK - loi-2005-21.pdf (N/A) - téléchargé (0.1 Mo)
[2026-09-05 02:34:00] OK - loi-2005-17.pdf (N/A) - téléchargé (0.0 Mo)
[2026-09-05 02:34:00] OK - loi-2005-43.pdf (N/A) - téléchargé (1.5 Mo)
[2026-09-05 02:34:00] SKIP - loi-2005-05.pdf - déjà en cours
[2026-09-05 02:34:00] SKIP - loi-2005-06.pdf - déjà en cours
[2026-09-05 02:34:00] SKIP - loi-2005-08.pdf - déjà en cours
[2026-09-05 02:34:00] ERROR - loi-2004-23.pdf (N/A) - échec (code: 0)
[2026-09-05 02:34:00] OK - loi-2005-15.pdf (N/A) - téléchargé (0.0 Mo)
[2026-09-05 02:34:00] OK - loi-2006-05.pdf (N/A) - téléchargé (0.0 Mo)
[2026-09-05 02:34:00] OK - loi-2005-14.pdf (N/A) - téléchargé (1.9 Mo)
[2026-09-05 02:34:00] SKIP - loi-2005-02.pdf - déjà en cours
[2026-09-05 02:34:00] SKIP - loi-2005-03.pdf - déjà en cours
[2026-09-05 02:34:00] SKIP - loi-2005-03.pdf - déjà en cours
[2026-09-05 02:34:00] SKIP - loi-2005-04.pdf - déjà en cours
[2026-09-05 02:34:00] OK - loi-2005-10.pdf (N/A) - téléchargé (0.0 Mo)
[2026-09-05 02:34:00] OK - loi-2005-07.pdf (N/A) - téléchargé (0.1 Mo)
[2026-09-05 02:34:00] OK - loi-2005-13.pdf (N/A) - téléchargé (0.1 Mo)
[2026-09-05 02:34:00] OK - loi-2005-11.pdf (N/A) - téléchargé (0.0 Mo)
[2026-09-05 02:34:00] OK - loi-2005-09.pdf (N/A) - téléchargé (0.0 Mo)
[2026-09-05 02:34:00] OK - loi-2005-05.pdf (N/A) - téléchargé (0.0 Mo)
[2026-09-05 02:34:00] OK - loi-2006-03.pdf (N/A) - téléchargé (0.0 Mo)
[2026-09-05 02:34:00] OK - loi-2005-12.pdf (N/A) - téléchargé (0.0 Mo)
[2026-09-05 02:34:00] OK - loi-2005%E2%80%9301.pdf (N/A) - téléchargé (0.0 Mo)
[2026-09-05 02:34:00] OK - loi-2005-06.pdf (N/A) - téléchargé (0.0 Mo)
[2026-09-05 02:34:01] OK - loi-2005-08.pdf (N/A) - téléchargé (0.1 Mo)
[2026-09-05 02:34:01] OK - loi-2005-02.pdf (N/A) - téléchargé (0.0 Mo)
[2026-09-05 02:34:01] OK - loi-2005-03.pdf (N/A) - téléchargé (0.0 Mo)
[2026-09-05 02:34:01] OK - loi-2005-04.pdf (N/A) - téléchargé (0.0 Mo)
[2026-09-05 02:34:01] OK - loi-2004-25.pdf (N/A) - téléchargé (0.1 Mo)
[2026-09-05 02:34:01] OK - loi-2004-26.pdf (N/A) - téléchargé (0.0 Mo)
[2026-09-05 02:34:01] OK - loi-2002-016.pdf (N/A) - téléchargé (0.0 Mo)
[2026-09-05 02:34:01] OK - loi-2004-24.pdf (N/A) - téléchargé (0.1 Mo)
[2026-09-05 02:34:01] OK - loi-2004-21.pdf (N/A) - téléchargé (0.0 Mo)
[2026-09-05 02:34:02] OK - loi-2004-28.pdf (N/A) - téléchargé (1.6 Mo)
[2026-09-05 02:34:02] OK - loi-2004-22.pdf (N/A) - téléchargé (0.0 Mo)
[2026-09-05 02:34:02] OK - loi-2004-17.pdf (N/A) - téléchargé (0.0 Mo)
[2026-09-05 02:34:02] OK - loi-2004-16.pdf (N/A) - téléchargé (0.0 Mo)
[2026-09-05 02:34:02] OK - loi-2004-13.pdf (N/A) - téléchargé (0.1 Mo)
[2026-09-05 02:34:02] OK - loi-2004-18.pdf (N/A) - téléchargé (0.4 Mo)
[2026-09-05 02:34:02] OK - loi-2004-19.pdf (N/A) - téléchargé (0.1 Mo)
[2026-09-05 02:34:02] OK - loi-2004-14.pdf (N/A) - téléchargé (0.1 Mo)
[2026-09-05 02:34:02] OK - loi-2004-11.pdf (N/A) - téléchargé (0.0 Mo)
[2026-09-05 02:34:02] OK - loi-2004-12.pdf (N/A) - téléchargé (0.0 Mo)
[2026-09-05 02:34:02] OK - loi-2004-15.pdf (N/A) - téléchargé (0.1 Mo)
[2026-09-05 02:34:02] OK - loi-2004-08.pdf (N/A) - téléchargé (0.0 Mo)
[2026-09-05 02:34:02] OK - loi-2004-09.pdf (N/A) - téléchargé (0.0 Mo)
[2026-09-05 02:34:03] OK - loi-2004-04.pdf (N/A) - téléchargé (0.5 Mo)
[2026-09-05 02:34:03] OK - loi-2004-10.pdf (N/A) - téléchargé (0.0 Mo)
[2026-09-05 02:34:03] OK - loi-2004-05.pdf (N/A) - téléchargé (0.0 Mo)
[2026-09-05 02:34:03] OK - loi-2004-02.pdf (N/A) - téléchargé (0.0 Mo)
[2026-09-05 02:34:03] OK - loi-2004-01.pdf (N/A) - téléchargé (0.0 Mo)
[2026-09-05 02:34:03] OK - loi-2002-28.pdf (N/A) - téléchargé (0.1 Mo)
[2026-09-05 02:34:03] OK - loi-2001-41.pdf (N/A) - téléchargé (0.1 Mo)
[2026-09-05 02:34:03] OK - loi-2003-18.pdf (N/A) - téléchargé (0.0 Mo)
[2026-09-05 02:34:04] OK - loi-2003-19.pdf (N/A) - téléchargé (0.0 Mo)
[2026-09-05 02:34:04] OK - loi-2003-21.pdf (N/A) - téléchargé (0.2 Mo)
[2026-09-05 02:34:04] OK - loi-2003-22.pdf (N/A) - téléchargé (0.1 Mo)
[2026-09-05 02:34:04] OK - loi-2001-31.pdf (N/A) - téléchargé (0.4 Mo)
[2026-09-05 02:34:04] OK - loi-2003-15.pdf (N/A) - téléchargé (0.0 Mo)
[2026-09-05 02:34:04] OK - loi-2003-20.pdf (N/A) - téléchargé (0.0 Mo)
[2026-09-05 02:34:04] OK - loi-2003-12.pdf (N/A) - téléchargé (0.0 Mo)
[2026-09-05 02:34:04] OK - loi-2003-16.pdf (N/A) - téléchargé (0.0 Mo)
[2026-09-05 02:34:04] OK - loi-2003-13.pdf (N/A) - téléchargé (0.0 Mo)
[2026-09-05 02:34:05] OK - loi-2002-07.pdf (N/A) - téléchargé (8.1 Mo)
[2026-09-05 02:34:05] OK - loi-2003-14.pdf (N/A) - téléchargé (0.0 Mo)
[2026-09-05 02:34:05] OK - loi-2003-17.pdf (N/A) - téléchargé (0.6 Mo)
[2026-09-05 02:34:05] OK - loi-2003-10.pdf (N/A) - téléchargé (0.0 Mo)
[2026-09-05 02:34:05] OK - loi-2003-11.pdf (N/A) - téléchargé (0.0 Mo)
[2026-09-05 02:34:05] OK - loi-2003-08.pdf (N/A) - téléchargé (0.1 Mo)
[2026-09-05 02:34:05] OK - loi-2003-09.pdf (N/A) - téléchargé (0.1 Mo)
[2026-09-05 02:34:06] OK - loi-2003-06.pdf (N/A) - téléchargé (0.0 Mo)
[2026-09-05 02:34:06] OK - loi-2003-05.pdf (N/A) - téléchargé (0.0 Mo)
[2026-09-05 02:34:06] OK - loi-2003-07.pdf (N/A) - téléchargé (0.0 Mo)
[2026-09-05 02:34:06] OK - loi-2003-9.pdf (N/A) - téléchargé (0.5 Mo)
[2026-09-05 02:34:06] OK - loi-2003-5.pdf (N/A) - téléchargé (0.5 Mo)
[2026-09-05 02:34:06] OK - loi-2003-23.pdf (N/A) - téléchargé (1.7 Mo)
[2026-09-05 02:34:06] OK - loi-2003-8.pdf (N/A) - téléchargé (0.5 Mo)
[2026-09-05 02:34:07] OK - loi-2003-03.pdf (N/A) - téléchargé (0.1 Mo)
[2026-09-05 02:34:07] OK - loi-2003-04.pdf (N/A) - téléchargé (0.3 Mo)
[2026-09-05 02:34:07] OK - loi-2003-3.pdf (N/A) - téléchargé (0.9 Mo)
[2026-09-05 02:34:07] OK - loi-98-019.pdf (N/A) - téléchargé (2.1 Mo)
[2026-09-05 02:34:07] OK - loi-2003-02.pdf (N/A) - téléchargé (0.1 Mo)
[2026-09-05 02:34:08] OK - loi-2003-01.pdf (N/A) - téléchargé (0.1 Mo)
[2026-09-05 02:34:08] OK - loi-2001-21.pdf (N/A) - téléchargé (0.5 Mo)
[2026-09-05 02:34:08] OK - loi-2003-2.pdf (N/A) - téléchargé (0.5 Mo)
[2026-09-05 02:34:08] OK - loi-2002-26.pdf (N/A) - téléchargé (0.1 Mo)
[2026-09-05 02:34:08] OK - loi-2001-35.pdf (N/A) - téléchargé (0.9 Mo)
[2026-09-05 02:34:08] OK - loi-2002-27.pdf (N/A) - téléchargé (0.1 Mo)
[2026-09-05 02:34:09] OK - loi-2003-1.pdf (N/A) - téléchargé (0.8 Mo)
[2026-09-05 02:34:09] OK - loi-2002-08.pdf (N/A) - téléchargé (0.1 Mo)
[2026-09-05 02:34:09] OK - loi-2002-23.pdf (N/A) - téléchargé (0.1 Mo)
[2026-09-05 02:34:09] OK - loi-2001-36.pdf (N/A) - téléchargé (0.2 Mo)
[2026-09-05 02:34:09] OK - loi-2002-25.pdf (N/A) - téléchargé (1.2 Mo)
[2026-09-05 02:34:09] OK - loi-2002-22.pdf (N/A) - téléchargé (0.1 Mo)
[2026-09-05 02:34:09] OK - loi-2002-014.pdf (N/A) - téléchargé (0.1 Mo)
[2026-09-05 02:34:09] OK - loi-2002-19.pdf (N/A) - téléchargé (0.0 Mo)
[2026-09-05 02:34:09] OK - loi-2008-9.pdf (N/A) - téléchargé (20.0 Mo)
[2026-09-05 02:34:09] OK - loi-2001-37.pdf (N/A) - téléchargé (0.2 Mo)
[2026-09-05 02:34:10] OK - loi-2003-6.pdf (N/A) - téléchargé (0.5 Mo)
[2026-09-05 02:34:10] OK - loi-2002-09.pdf (N/A) - téléchargé (0.0 Mo)
[2026-09-05 02:34:10] OK - loi-2002-015.pdf (N/A) - téléchargé (1.9 Mo)
[2026-09-05 02:34:10] OK - loi-2002-10.pdf (N/A) - téléchargé (0.1 Mo)
[2026-09-05 02:34:10] OK - loi-2002-13.pdf (N/A) - téléchargé (0.0 Mo)
[2026-09-05 02:34:10] OK - loi-2002-11.pdf (N/A) - téléchargé (0.0 Mo)
[2026-09-05 02:34:10] OK - loi-2002-12.pdf (N/A) - téléchargé (0.0 Mo)
[2026-09-05 02:34:10] OK - loi-2002-02.pdf (N/A) - téléchargé (0.0 Mo)
[2026-09-05 02:34:10] OK - loi-2003-7.pdf (N/A) - téléchargé (0.5 Mo)
[2026-09-05 02:34:10] OK - loi-2002-05.pdf (N/A) - téléchargé (0.0 Mo)
[2026-09-05 02:34:11] OK - loi-2001-09.pdf (N/A) - téléchargé (0.2 Mo)
[2026-09-05 02:34:11] OK - loi-2002-03.pdf (N/A) - téléchargé (0.0 Mo)
[2026-09-05 02:34:11] OK - loi-2002-20.pdf (N/A) - téléchargé (0.0 Mo)
[2026-09-05 02:34:11] OK - loi-2002-04.pdf (N/A) - téléchargé (0.0 Mo)
[2026-09-05 02:34:11] OK - loi-2002-18.pdf (N/A) - téléchargé (0.0 Mo)
[2026-09-05 02:34:11] OK - loi-2002-06.pdf (N/A) - téléchargé (0.0 Mo)
[2026-09-05 02:34:11] OK - loi-2002-01.pdf (N/A) - téléchargé (0.0 Mo)
[2026-09-05 02:34:11] OK - loi-2001-42.pdf (N/A) - téléchargé (0.0 Mo)
[2026-09-05 02:34:11] OK - loi-2001-40.pdf (N/A) - téléchargé (0.0 Mo)
[2026-09-05 02:34:11] OK - loi-2001-39.pdf (N/A) - téléchargé (0.0 Mo)
[2026-09-05 02:34:11] OK - loi-2001-28.pdf (N/A) - téléchargé (0.1 Mo)
[2026-09-05 02:34:11] OK - loi-2001-30.pdf (N/A) - téléchargé (0.2 Mo)
[2026-09-05 02:34:12] OK - loi-2001-29.pdf (N/A) - téléchargé (0.2 Mo)
[2026-09-05 02:34:12] OK - loi-2001-33.pdf (N/A) - téléchargé (0.0 Mo)
[2026-09-05 02:34:12] OK - loi-2001-32.pdf (N/A) - téléchargé (0.0 Mo)
[2026-09-05 02:34:12] OK - loi-2001-34.pdf (N/A) - téléchargé (0.0 Mo)
[2026-09-05 02:34:12] OK - loi-2001-23.pdf (N/A) - téléchargé (0.1 Mo)
[2026-09-05 02:34:12] OK - loi-2001-22.pdf (N/A) - téléchargé (0.0 Mo)
[2026-09-05 02:34:12] OK - loi-2001-25.pdf (N/A) - téléchargé (0.0 Mo)
[2026-09-05 02:34:12] OK - loi-2001-26.pdf (N/A) - téléchargé (0.0 Mo)
[2026-09-05 02:34:12] OK - loi-98-037.pdf (N/A) - téléchargé (0.3 Mo)
[2026-09-05 02:34:12] OK - loi-2001-24.pdf (N/A) - téléchargé (0.0 Mo)
[2026-09-05 02:34:12] OK - loi-2001-27.pdf (N/A) - téléchargé (0.0 Mo)
[2026-09-05 02:34:12] OK - loi-2001-20.pdf (N/A) - téléchargé (0.0 Mo)
[2026-09-05 02:34:13] OK - loi-1998-037.pdf (N/A) - téléchargé (2.8 Mo)
[2026-09-05 02:34:13] OK - loi-2001-19.pdf (N/A) - téléchargé (0.1 Mo)
[2026-09-05 02:34:13] OK - loi-2001-14.pdf (N/A) - téléchargé (0.0 Mo)
[2026-09-05 02:34:13] OK - loi-2001-16.pdf (N/A) - téléchargé (0.0 Mo)
[2026-09-05 02:34:13] OK - loi-2001-15.pdf (N/A) - téléchargé (0.0 Mo)
[2026-09-05 02:34:13] OK - loi-2001-17.pdf (N/A) - téléchargé (0.0 Mo)
[2026-09-05 02:34:13] OK - loi-2001-12.pdf (N/A) - téléchargé (0.0 Mo)
[2026-09-05 02:34:13] OK - loi-2001-11.pdf (N/A) - téléchargé (0.0 Mo)
[2026-09-05 02:34:13] OK - loi-2001-13.pdf (N/A) - téléchargé (0.0 Mo)
[2026-09-05 02:34:13] OK - loi-2001-18.pdf (N/A) - téléchargé (0.0 Mo)
[2026-09-05 02:34:14] OK - loi-99-008.pdf (N/A) - téléchargé (0.1 Mo)
[2026-09-05 02:34:14] OK - loi-2001-08.pdf (N/A) - téléchargé (0.1 Mo)
[2026-09-05 02:34:14] OK - loi-2001-06.pdf (N/A) - téléchargé (0.0 Mo)
[2026-09-05 02:34:14] OK - loi-2001-03.pdf (N/A) - téléchargé (0.1 Mo)
[2026-09-05 02:34:14] OK - loi-2001-04.pdf (N/A) - téléchargé (0.1 Mo)
[2026-09-05 02:34:14] OK - loi-2001-05.pdf (N/A) - téléchargé (0.0 Mo)
[2026-09-05 02:34:14] OK - loi-2001-07.pdf (N/A) - téléchargé (0.3 Mo)
[2026-09-05 02:34:14] OK - loi-91-009.pdf (N/A) - téléchargé (0.7 Mo)
[2026-09-05 02:34:15] OK - loi-2001-01.pdf (N/A) - téléchargé (0.1 Mo)
[2026-09-05 02:34:15] OK - loi-2001-02.pdf (N/A) - téléchargé (0.1 Mo)
[2026-09-05 02:34:15] OK - loi-2000-19.pdf (N/A) - téléchargé (0.2 Mo)
[2026-09-05 02:34:15] OK - loi-FORME%20.pdf (N/A) - téléchargé (2.0 Mo)
[2026-09-05 02:34:16] OK - loi-2000-15.pdf (N/A) - téléchargé (0.0 Mo)
[2026-09-05 02:34:16] OK - loi-2000-14.pdf (N/A) - téléchargé (0.0 Mo)
[2026-09-05 02:34:16] OK - loi-99-028.pdf (N/A) - téléchargé (0.0 Mo)
[2026-09-05 02:34:16] OK - loi-98-031.pdf (N/A) - téléchargé (0.1 Mo)
[2026-09-05 02:34:17] OK - loi-2000-18.pdf (N/A) - téléchargé (1.4 Mo)
[2026-09-05 02:34:17] OK - loi-1991-009.pdf (N/A) - téléchargé (6.8 Mo)
[2026-09-05 02:34:17] OK - loi-2000-21.pdf (N/A) - téléchargé (1.3 Mo)
[2026-09-05 02:34:17] OK - loi-2000-11.pdf (N/A) - téléchargé (0.0 Mo)
[2026-09-05 02:34:17] OK - loi-2000-08.pdf (N/A) - téléchargé (0.1 Mo)
[2026-09-05 02:34:17] OK - loi-1998-031.pdf (N/A) - téléchargé (0.9 Mo)
[2026-09-05 02:34:17] OK - loi-2000-10.pdf (N/A) - téléchargé (0.0 Mo)
[2026-09-05 02:34:18] OK - loi-98-017.pdf (N/A) - téléchargé (0.7 Mo)
[2026-09-05 02:34:18] OK - loi-2000-04.pdf (N/A) - téléchargé (0.1 Mo)
[2026-09-05 02:34:18] OK - loi-2000-05.pdf (N/A) - téléchargé (0.1 Mo)
[2026-09-05 02:34:18] OK - loi-2000-09.pdf (N/A) - téléchargé (0.0 Mo)
[2026-09-05 02:34:18] OK - loi-2000-06.pdf (N/A) - téléchargé (0.1 Mo)
[2026-09-05 02:34:18] OK - loi-2000-03.pdf (N/A) - téléchargé (0.0 Mo)
[2026-09-05 02:34:18] OK - loi-99-026.pdf (N/A) - téléchargé (0.0 Mo)
[2026-09-05 02:34:18] OK - loi-99-027.pdf (N/A) - téléchargé (0.1 Mo)
[2026-09-05 02:34:18] OK - loi-2000-01.pdf (N/A) - téléchargé (0.0 Mo)
[2026-09-05 02:34:18] OK - loi-2000-02.pdf (N/A) - téléchargé (0.0 Mo)
[2026-09-05 02:34:19] OK - loi-98-040.pdf (N/A) - téléchargé (0.0 Mo)
[2026-09-05 02:34:19] OK - loi-99-029.pdf (N/A) - téléchargé (0.1 Mo)
[2026-09-05 02:34:19] OK - loi-2000-07.pdf (N/A) - téléchargé (0.0 Mo)
[2026-09-05 02:34:19] OK - loi-99-019.pdf (N/A) - téléchargé (0.0 Mo)
[2026-09-05 02:34:20] OK - loi-99-024.pdf (N/A) - téléchargé (0.0 Mo)
[2026-09-05 02:34:20] OK - loi-99-023.pdf (N/A) - téléchargé (0.0 Mo)
[2026-09-05 02:34:20] OK - loi-99-025.pdf (N/A) - téléchargé (0.0 Mo)
[2026-09-05 02:34:20] OK - loi-98-006.pdf (N/A) - téléchargé (1.5 Mo)
[2026-09-05 02:34:20] OK - loi-93-013.pdf (N/A) - téléchargé (0.2 Mo)
[2026-09-05 02:34:20] OK - loi-1998-040.pdf (N/A) - téléchargé (0.4 Mo)
[2026-09-05 02:34:20] OK - loi-99-021.pdf (N/A) - téléchargé (0.0 Mo)
[2026-09-05 02:34:20] OK - loi-99-020.pdf (N/A) - téléchargé (0.1 Mo)
[2026-09-05 02:34:20] ERROR - loi-2014-20.pdf (N/A) - exception: Command '['curl', '-sL', 'https://sgg.gouv.bj/doc/
[2026-09-05 02:34:20] OK - loi-99-017.pdf (N/A) - téléchargé (0.0 Mo)
[2026-09-05 02:34:20] OK - loi-organique-94-027.pdf (N/A) - téléchargé (0.0 Mo)
[2026-09-05 02:34:20] OK - loi-99-018.pdf (N/A) - téléchargé (0.0 Mo)
[2026-09-05 02:34:20] OK - loi-1998-017.pdf (N/A) - téléchargé (6.3 Mo)
[2026-09-05 02:34:21] OK - loi-1994-027-bis.pdf (N/A) - téléchargé (0.2 Mo)
[2026-09-05 02:34:21] OK - loi-99-016.pdf (N/A) - téléchargé (0.0 Mo)
[2026-09-05 02:34:21] OK - loi-2003-4.pdf (N/A) - téléchargé (2.5 Mo)
[2026-09-05 02:34:21] OK - loi-99-009.pdf (N/A) - téléchargé (0.0 Mo)
[2026-09-05 02:34:21] OK - loi-99-010.pdf (N/A) - téléchargé (0.0 Mo)
[2026-09-05 02:34:21] OK - loi-1994-027.pdf (N/A) - téléchargé (0.2 Mo)
[2026-09-05 02:34:21] OK - loi-99-013.pdf (N/A) - téléchargé (0.0 Mo)
[2026-09-05 02:34:21] OK - loi-99-015.pdf (N/A) - téléchargé (0.1 Mo)
[2026-09-05 02:34:21] OK - loi-94-027.pdf (N/A) - téléchargé (0.2 Mo)
[2026-09-05 02:34:21] OK - loi-99-012.pdf (N/A) - téléchargé (0.0 Mo)
[2026-09-05 02:34:21] SKIP - loi-99-002.pdf - déjà en cours
[2026-09-05 02:34:21] OK - loi-99-011.pdf (N/A) - téléchargé (0.0 Mo)
[2026-09-05 02:34:21] OK - loi-99-004.pdf (N/A) - téléchargé (0.0 Mo)
[2026-09-05 02:34:21] OK - loi-99-003.pdf (N/A) - téléchargé (0.0 Mo)
[2026-09-05 02:34:21] OK - loi-99-005.pdf (N/A) - téléchargé (0.0 Mo)
[2026-09-05 02:34:21] OK - loi-99-006.pdf (N/A) - téléchargé (0.0 Mo)
[2026-09-05 02:34:21] OK - loi-99-014.pdf (N/A) - téléchargé (0.4 Mo)
[2026-09-05 02:34:22] OK - loi-98-030.pdf (N/A) - téléchargé (1.4 Mo)
[2026-09-05 02:34:22] OK - loi-99-007.pdf (N/A) - téléchargé (0.0 Mo)
[2026-09-05 02:34:22] ERROR - loi-99-002.pdf (N/A) - échec (code: 0)
[2026-09-05 02:34:22] SKIP - loi-1998-026.pdf - déjà en cours
[2026-09-05 02:34:22] OK - loi-98-036.pdf (N/A) - téléchargé (0.2 Mo)
[2026-09-05 02:34:22] OK - loi-98-028.pdf (N/A) - téléchargé (0.2 Mo)
[2026-09-05 02:34:23] OK - loi-98-005.pdf (N/A) - téléchargé (0.4 Mo)
[2026-09-05 02:34:23] OK - loi-98-038.pdf (N/A) - téléchargé (0.0 Mo)
[2026-09-05 02:34:23] OK - loi-97-028.pdf (N/A) - téléchargé (0.6 Mo)
[2026-09-05 02:34:23] OK - loi-98-007.pdf (N/A) - téléchargé (0.6 Mo)
[2026-09-05 02:34:23] OK - loi-98-029.pdf (N/A) - téléchargé (0.0 Mo)
[2026-09-05 02:34:23] OK - loi-1998-038.pdf (N/A) - téléchargé (0.5 Mo)
[2026-09-05 02:34:24] OK - loi-98-039.pdf (N/A) - téléchargé (0.7 Mo)
[2026-09-05 02:34:24] OK - loi-98-026.pdf (N/A) - téléchargé (0.0 Mo)
[2026-09-05 02:34:24] OK - loi-98-034.pdf (N/A) - téléchargé (1.4 Mo)
[2026-09-05 02:34:24] OK - loi-1998-027.pdf (N/A) - téléchargé (0.4 Mo)
[2026-09-05 02:34:24] OK - loi-98-027.pdf (N/A) - téléchargé (0.0 Mo)
[2026-09-05 02:34:24] OK - loi-99-001.pdf (N/A) - téléchargé (1.3 Mo)
[2026-09-05 02:34:24] OK - loi-98-024.pdf (N/A) - téléchargé (0.0 Mo)
[2026-09-05 02:34:24] OK - loi-98-025.pdf (N/A) - téléchargé (0.0 Mo)
[2026-09-05 02:34:24] OK - loi-1998-028.pdf (N/A) - téléchargé (1.2 Mo)
[2026-09-05 02:34:25] OK - loi-1998-025.pdf (N/A) - téléchargé (0.4 Mo)
[2026-09-05 02:34:25] OK - loi-1998-024.pdf (N/A) - téléchargé (0.4 Mo)
[2026-09-05 02:34:25] OK - loi-1998-026.pdf (N/A) - téléchargé (0.4 Mo)
[2026-09-05 02:34:25] OK - loi-98-021.pdf (N/A) - téléchargé (0.1 Mo)
[2026-09-05 02:34:25] OK - loi-98-022.pdf (N/A) - téléchargé (0.0 Mo)
[2026-09-05 02:34:25] OK - loi-1998-023.pdf (N/A) - téléchargé (0.4 Mo)
[2026-09-05 02:34:25] OK - loi-1998-020.pdf (N/A) - téléchargé (0.4 Mo)
[2026-09-05 02:34:25] OK - loi-98-023.pdf (N/A) - téléchargé (0.0 Mo)
[2026-09-05 02:34:25] OK - loi-98-016.pdf (N/A) - téléchargé (0.0 Mo)
[2026-09-05 02:34:25] OK - loi-98-020.pdf (N/A) - téléchargé (0.2 Mo)
[2026-09-05 02:34:26] OK - loi-1998-021.pdf (N/A) - téléchargé (0.5 Mo)
[2026-09-05 02:34:26] OK - loi-98-014.pdf (N/A) - téléchargé (0.1 Mo)
[2026-09-05 02:34:26] OK - loi-1998-014.pdf (N/A) - téléchargé (0.5 Mo)
[2026-09-05 02:34:27] OK - loi-98-009.pdf (N/A) - téléchargé (0.0 Mo)
[2026-09-05 02:34:27] OK - loi-1998-016.pdf (N/A) - téléchargé (0.4 Mo)
[2026-09-05 02:34:27] OK - loi-98-010.pdf (N/A) - téléchargé (0.0 Mo)
[2026-09-05 02:34:27] OK - loi-98-011.pdf (N/A) - téléchargé (0.0 Mo)
[2026-09-05 02:34:27] OK - loi-1998-011.pdf (N/A) - téléchargé (0.4 Mo)
[2026-09-05 02:34:27] OK - loi-98-012.pdf (N/A) - téléchargé (0.1 Mo)
[2026-09-05 02:34:27] OK - loi-98-008.pdf (N/A) - téléchargé (0.0 Mo)
[2026-09-05 02:34:27] OK - loi-1998-022.pdf (N/A) - téléchargé (0.5 Mo)
[2026-09-05 02:34:28] OK - loi-1998-9.pdf (N/A) - téléchargé (0.4 Mo)
[2026-09-05 02:34:28] SKIP - loi-1998-003.pdf - déjà en cours
[2026-09-05 02:34:28] OK - loi-1998-008.pdf (N/A) - téléchargé (0.4 Mo)
[2026-09-05 02:34:28] OK - loi-1998-10.pdf (N/A) - téléchargé (0.5 Mo)
[2026-09-05 02:34:29] OK - loi-98-002.pdf (N/A) - téléchargé (0.0 Mo)
[2026-09-05 02:34:29] OK - loi-98-003.pdf (N/A) - téléchargé (0.0 Mo)
[2026-09-05 02:34:29] OK - loi-organique-98-001.pdf (N/A) - téléchargé (0.3 Mo)
[2026-09-05 02:34:29] OK - loi-1998-012.pdf (N/A) - téléchargé (0.8 Mo)
[2026-09-05 02:34:29] OK - loi-1998-019.pdf (N/A) - téléchargé (18.9 Mo)
[2026-09-05 02:34:30] OK - loi-1998-2.pdf (N/A) - téléchargé (0.4 Mo)
[2026-09-05 02:34:30] OK - loi-98-015.pdf (N/A) - téléchargé (1.2 Mo)
[2026-09-05 02:34:31] OK - loi-97-041.pdf (N/A) - téléchargé (0.0 Mo)
[2026-09-05 02:34:31] OK - loi-1998-003.pdf (N/A) - téléchargé (0.4 Mo)
[2026-09-05 02:34:31] OK - loi-97-044.pdf (N/A) - téléchargé (0.2 Mo)
[2026-09-05 02:34:32] OK - loi-1998-039.pdf (N/A) - téléchargé (6.6 Mo)
[2026-09-05 02:34:32] OK - loi-97-042.pdf (N/A) - téléchargé (0.1 Mo)
[2026-09-05 02:34:32] OK - loi-1997-041.pdf (N/A) - téléchargé (0.5 Mo)
[2026-09-05 02:34:32] OK - loi-97-043.pdf (N/A) - téléchargé (1.3 Mo)
[2026-09-05 02:34:33] OK - loi-97-040.pdf (N/A) - téléchargé (0.1 Mo)
[2026-09-05 02:34:33] OK - loi-97-036.pdf (N/A) - téléchargé (0.0 Mo)
[2026-09-05 02:34:34] OK - loi-1997-042.pdf (N/A) - téléchargé (0.5 Mo)
[2026-09-05 02:34:34] SKIP - loi-97-038.pdf - déjà en cours
[2026-09-05 02:34:34] SKIP - loi-97-039.pdf - déjà en cours
[2026-09-05 02:34:34] OK - loi-1997-038.pdf (N/A) - téléchargé (0.3 Mo)
[2026-09-05 02:34:34] OK - loi-1998-036.pdf (N/A) - téléchargé (2.2 Mo)
[2026-09-05 02:34:34] OK - loi-1997-039.pdf (N/A) - téléchargé (0.3 Mo)
[2026-09-05 02:34:34] OK - loi-97-037.pdf (N/A) - téléchargé (0.0 Mo)
[2026-09-05 02:34:34] OK - loi-1997-040.pdf (N/A) - téléchargé (1.1 Mo)
[2026-09-05 02:34:34] OK - loi-1998-005.pdf (N/A) - téléchargé (2.8 Mo)
[2026-09-05 02:34:34] OK - loi-97-039.pdf (N/A) - téléchargé (0.0 Mo)
[2026-09-05 02:34:35] OK - loi-97-038.pdf (N/A) - téléchargé (0.0 Mo)
[2026-09-05 02:34:35] OK - loi-97-034.pdf (N/A) - téléchargé (0.0 Mo)
[2026-09-05 02:34:35] OK - loi-97-033.pdf (N/A) - téléchargé (0.0 Mo)
[2026-09-05 02:34:35] OK - loi-1997-036.pdf (N/A) - téléchargé (0.4 Mo)
[2026-09-05 02:34:36] OK - loi-98-004.pdf (N/A) - téléchargé (3.5 Mo)
[2026-09-05 02:34:36] OK - loi-1997-032.pdf (N/A) - téléchargé (0.5 Mo)
[2026-09-05 02:34:36] OK - loi-1997-034.pdf (N/A) - téléchargé (0.3 Mo)
[2026-09-05 02:34:36] OK - loi-97-030.pdf (N/A) - téléchargé (0.0 Mo)
[2026-09-05 02:34:36] OK - loi-1997-031.pdf (N/A) - téléchargé (0.4 Mo)
[2026-09-05 02:34:36] OK - loi-1997-030.pdf (N/A) - téléchargé (0.4 Mo)
[2026-09-05 02:34:36] SKIP - loi-97-025.pdf - déjà en cours
[2026-09-05 02:34:36] OK - loi-1997-033.pdf (N/A) - téléchargé (0.5 Mo)
[2026-09-05 02:34:36] OK - loi-97-032.pdf (N/A) - téléchargé (0.0 Mo)
[2026-09-05 02:34:37] ERROR - loi-97-025.pdf (N/A) - échec (code: 0)
[2026-09-05 02:34:37] OK - loi-97-031.pdf (N/A) - téléchargé (0.7 Mo)
[2026-09-05 02:34:37] OK - loi-1998-033.pdf (N/A) - téléchargé (5.7 Mo)
[2026-09-05 02:34:37] OK - loi-97-026.pdf (N/A) - téléchargé (0.0 Mo)
[2026-09-05 02:34:38] OK - loi-97-027.pdf (N/A) - téléchargé (0.7 Mo)
[2026-09-05 02:34:38] OK - loi-97-024.pdf (N/A) - téléchargé (0.0 Mo)
[2026-09-05 02:34:38] OK - loi-97-021.pdf (N/A) - téléchargé (0.1 Mo)
[2026-09-05 02:34:39] OK - loi-1997-026.pdf (N/A) - téléchargé (0.5 Mo)
[2026-09-05 02:34:39] OK - loi-97-022.pdf (N/A) - téléchargé (0.0 Mo)
[2026-09-05 02:34:39] OK - loi-1997-024.pdf (N/A) - téléchargé (0.5 Mo)
[2026-09-05 02:34:39] OK - loi-97-023.pdf (N/A) - téléchargé (0.0 Mo)
[2026-09-05 02:34:40] OK - loi-1997-021.pdf (N/A) - téléchargé (0.0 Mo)
[2026-09-05 02:34:41] OK - loi-1997-022.pdf (N/A) - téléchargé (0.4 Mo)
[2026-09-05 02:34:41] OK - loi-1998-007.pdf (N/A) - téléchargé (6.0 Mo)
[2026-09-05 02:34:41] OK - loi-1997-017.pdf (N/A) - téléchargé (0.0 Mo)
[2026-09-05 02:34:42] OK - loi-97-016.pdf (N/A) - téléchargé (0.0 Mo)
[2026-09-05 02:34:42] OK - loi-97-017.pdf (N/A) - téléchargé (0.1 Mo)
[2026-09-05 02:34:43] OK - loi-1997-016.pdf (N/A) - téléchargé (0.4 Mo)
[2026-09-05 02:34:43] OK - loi-1997-019.pdf (N/A) - téléchargé (1.0 Mo)
[2026-09-05 02:34:43] OK - loi-97-019.pdf (N/A) - téléchargé (0.1 Mo)
[2026-09-05 02:34:43] OK - loi-97-020.pdf (N/A) - téléchargé (0.4 Mo)
[2026-09-05 02:34:43] OK - loi-97-018.pdf (N/A) - téléchargé (0.0 Mo)
[2026-09-05 02:34:43] OK - loi-1997-018.pdf (N/A) - téléchargé (0.0 Mo)
[2026-09-05 02:34:43] OK - loi-1997-020.pdf (N/A) - téléchargé (4.5 Mo)
[2026-09-05 02:34:44] OK - loi-97-012.pdf (N/A) - téléchargé (0.1 Mo)
[2026-09-05 02:34:44] OK - loi-1997-012.pdf (N/A) - téléchargé (0.0 Mo)
[2026-09-05 02:34:44] OK - loi-97-013.pdf (N/A) - téléchargé (0.1 Mo)
[2026-09-05 02:34:44] OK - loi-1997-023.pdf (N/A) - téléchargé (0.4 Mo)
[2026-09-05 02:34:44] OK - loi-97-014.pdf (N/A) - téléchargé (0.0 Mo)
[2026-09-05 02:34:44] OK - loi-1997-015.pdf (N/A) - téléchargé (0.0 Mo)
[2026-09-05 02:34:44] OK - loi-97-015.pdf (N/A) - téléchargé (0.1 Mo)
[2026-09-05 02:34:46] OK - loi-1997-006.pdf (N/A) - téléchargé (0.5 Mo)
[2026-09-05 02:34:46] OK - loi-1997-009.pdf (N/A) - téléchargé (0.8 Mo)
[2026-09-05 02:34:46] OK - loi-97-011.pdf (N/A) - téléchargé (0.0 Mo)
[2026-09-05 02:34:46] OK - loi-1997-008.pdf (N/A) - téléchargé (0.4 Mo)
[2026-09-05 02:34:46] OK - loi-1997-013.pdf (N/A) - téléchargé (0.5 Mo)
[2026-09-05 02:34:46] OK - loi-97-009.pdf (N/A) - téléchargé (0.1 Mo)
[2026-09-05 02:34:47] OK - loi-97-010.pdf (N/A) - téléchargé (1.5 Mo)
[2026-09-05 02:34:47] OK - loi-1997-027.pdf (N/A) - téléchargé (6.0 Mo)
[2026-09-05 02:34:47] OK - loi-1997-014.pdf (N/A) - téléchargé (0.5 Mo)
[2026-09-05 02:34:47] OK - loi-97-005.pdf (N/A) - téléchargé (0.0 Mo)
[2026-09-05 02:34:47] OK - loi-97-006.pdf (N/A) - téléchargé (0.0 Mo)
[2026-09-05 02:34:47] OK - loi-97-007.pdf (N/A) - téléchargé (0.1 Mo)
[2026-09-05 02:34:47] OK - loi-97-008.pdf (N/A) - téléchargé (0.0 Mo)
[2026-09-05 02:34:47] ERROR - loi-2013-14.pdf (N/A) - exception: Command '['curl', '-sL', 'https://sgg.gouv.bj/doc/
[2026-09-05 02:34:48] OK - loi-1997-007.pdf (N/A) - téléchargé (0.5 Mo)
[2026-09-05 02:34:48] OK - loi-97-003.pdf (N/A) - téléchargé (0.1 Mo)
[2026-09-05 02:34:48] OK - loi-97-004.pdf (N/A) - téléchargé (0.1 Mo)
[2026-09-05 02:34:48] OK - loi-1997-005.pdf (N/A) - téléchargé (0.5 Mo)
[2026-09-05 02:34:48] OK - loi-1997-004.pdf (N/A) - téléchargé (0.5 Mo)
[2026-09-05 02:34:49] OK - loi-97-002.pdf (N/A) - téléchargé (0.2 Mo)
[2026-09-05 02:34:49] OK - loi-1997-011.pdf (N/A) - téléchargé (0.4 Mo)
[2026-09-05 02:34:49] OK - loi-1997-003.pdf (N/A) - téléchargé (0.4 Mo)
[2026-09-05 02:34:49] OK - loi-1997-002.pdf (N/A) - téléchargé (0.6 Mo)
[2026-09-05 02:34:49] OK - loi-97-001.pdf (N/A) - téléchargé (0.8 Mo)
[2026-09-05 02:34:50] OK - loi-1996-023.pdf (N/A) - téléchargé (0.4 Mo)
[2026-09-05 02:34:50] OK - loi-1997-044.pdf (N/A) - téléchargé (0.6 Mo)
[2026-09-05 02:34:51] OK - loi-96-018.pdf (N/A) - téléchargé (0.3 Mo)
[2026-09-05 02:34:51] SKIP - loi-1996-21.pdf - déjà en cours
[2026-09-05 02:34:51] OK - loi-96-021.pdf (N/A) - téléchargé (0.0 Mo)
[2026-09-05 02:34:51] OK - loi-1996-21.pdf (N/A) - téléchargé (0.5 Mo)
[2026-09-05 02:34:51] OK - loi-2009-2.pdf (N/A) - téléchargé (23.2 Mo)
[2026-09-05 02:34:51] OK - loi-1996-022.pdf (N/A) - téléchargé (0.4 Mo)
[2026-09-05 02:34:52] OK - loi-96-019.pdf (N/A) - téléchargé (0.1 Mo)
[2026-09-05 02:34:52] OK - loi-1996-017.pdf (N/A) - téléchargé (0.0 Mo)
[2026-09-05 02:34:53] OK - loi-96-020.pdf (N/A) - téléchargé (0.1 Mo)
[2026-09-05 02:34:53] OK - loi-1996-015.pdf (N/A) - téléchargé (0.0 Mo)
[2026-09-05 02:34:53] OK - loi-1996-016.pdf (N/A) - téléchargé (0.0 Mo)
[2026-09-05 02:34:53] OK - loi-96-017.pdf (N/A) - téléchargé (0.1 Mo)
[2026-09-05 02:34:53] OK - loi-1996-019.pdf (N/A) - téléchargé (0.6 Mo)
[2026-09-05 02:34:53] OK - loi-96-022.pdf (N/A) - téléchargé (0.0 Mo)
[2026-09-05 02:34:53] ERROR - loi-2012-15.pdf (N/A) - exception: Command '['curl', '-sL', 'https://sgg.gouv.bj/doc/
[2026-09-05 02:34:54] OK - loi-96-015.pdf (N/A) - téléchargé (0.1 Mo)
[2026-09-05 02:34:54] OK - loi-96-016.pdf (N/A) - téléchargé (0.1 Mo)
[2026-09-05 02:34:54] OK - loi-1996-013.pdf (N/A) - téléchargé (0.0 Mo)
[2026-09-05 02:34:54] OK - loi-1996-014.pdf (N/A) - téléchargé (0.0 Mo)
[2026-09-05 02:34:54] OK - loi-96-014.pdf (N/A) - téléchargé (0.0 Mo)
[2026-09-05 02:34:54] OK - loi-1996-012.pdf (N/A) - téléchargé (0.0 Mo)
[2026-09-05 02:34:54] OK - loi-1996-18.pdf (N/A) - téléchargé (2.8 Mo)
[2026-09-05 02:34:54] SKIP - loi-1996-005.pdf - déjà en cours
[2026-09-05 02:34:54] OK - loi-96-013.pdf (N/A) - téléchargé (0.1 Mo)
[2026-09-05 02:34:54] OK - loi-96-012.pdf (N/A) - téléchargé (0.1 Mo)
[2026-09-05 02:34:54] OK - loi-1997-028.pdf (N/A) - téléchargé (4.8 Mo)
[2026-09-05 02:34:55] OK - loi-1994-029.pdf (N/A) - téléchargé (0.4 Mo)
[2026-09-05 02:34:55] OK - loi-1998-006.pdf (N/A) - téléchargé (14.8 Mo)
[2026-09-05 02:34:55] OK - loi-1996-010.pdf (N/A) - téléchargé (0.0 Mo)
[2026-09-05 02:34:55] OK - loi-1996-005.pdf (N/A) - téléchargé (0.0 Mo)
[2026-09-05 02:34:55] OK - loi-96-009.pdf (N/A) - téléchargé (0.1 Mo)
[2026-09-05 02:34:55] OK - loi-1996-006.pdf (N/A) - téléchargé (0.0 Mo)
[2026-09-05 02:34:55] OK - loi-96-010.pdf (N/A) - téléchargé (0.1 Mo)
[2026-09-05 02:34:55] OK - loi-96-003.pdf (N/A) - téléchargé (0.1 Mo)
[2026-09-05 02:34:55] OK - loi-96-002.pdf (N/A) - téléchargé (0.1 Mo)
[2026-09-05 02:34:56] OK - loi-96-004.pdf (N/A) - téléchargé (0.1 Mo)
[2026-09-05 02:34:56] OK - loi-96-005.pdf (N/A) - téléchargé (0.1 Mo)
[2026-09-05 02:34:56] OK - loi-1996-009.pdf (N/A) - téléchargé (0.4 Mo)
[2026-09-05 02:34:56] OK - loi-1998-030.pdf (N/A) - téléchargé (11.3 Mo)
[2026-09-05 02:34:56] OK - loi-96-006.pdf (N/A) - téléchargé (0.1 Mo)
[2026-09-05 02:34:56] OK - loi-96-007.pdf (N/A) - téléchargé (0.1 Mo)
[2026-09-05 02:34:57] OK - loi-96-008.pdf (N/A) - téléchargé (0.1 Mo)
[2026-09-05 02:34:57] SKIP - loi-1995-13.pdf - déjà en cours
[2026-09-05 02:34:57] OK - loi-1996-002.pdf (N/A) - téléchargé (0.0 Mo)
[2026-09-05 02:34:57] OK - loi-96-001.pdf (N/A) - téléchargé (0.1 Mo)
[2026-09-05 02:34:57] OK - loi-1996-004.pdf (N/A) - téléchargé (0.0 Mo)
[2026-09-05 02:34:57] OK - loi-1996-007.pdf (N/A) - téléchargé (0.0 Mo)
[2026-09-05 02:34:57] OK - loi-1996-003.pdf (N/A) - téléchargé (0.0 Mo)
[2026-09-05 02:34:57] OK - loi-1996-001.pdf (N/A) - téléchargé (0.0 Mo)
[2026-09-05 02:34:57] OK - loi-1997-001.pdf (N/A) - téléchargé (7.8 Mo)
[2026-09-05 02:34:57] OK - loi-95-014.pdf (N/A) - téléchargé (0.1 Mo)
[2026-09-05 02:34:57] OK - loi-95-015.pdf (N/A) - téléchargé (0.2 Mo)
[2026-09-05 02:34:57] OK - loi-94-029.pdf (N/A) - téléchargé (0.5 Mo)
[2026-09-05 02:34:57] OK - loi-1995-13.pdf (N/A) - téléchargé (0.4 Mo)
[2026-09-05 02:34:58] OK - loi-1995-9.pdf (N/A) - téléchargé (0.0 Mo)
[2026-09-05 02:34:58] OK - loi-1995-15.pdf (N/A) - téléchargé (1.3 Mo)
[2026-09-05 02:34:58] OK - loi-95-011.pdf (N/A) - téléchargé (0.1 Mo)
[2026-09-05 02:34:58] OK - loi-95-010.pdf (N/A) - téléchargé (0.1 Mo)
[2026-09-05 02:34:58] OK - loi-95-012.pdf (N/A) - téléchargé (0.1 Mo)
[2026-09-05 02:34:58] OK - loi-1995-10.pdf (N/A) - téléchargé (0.0 Mo)
[2026-09-05 02:34:58] OK - loi-95-09.pdf (N/A) - téléchargé (0.1 Mo)
[2026-09-05 02:34:58] OK - loi-1998-015.pdf (N/A) - téléchargé (10.4 Mo)
[2026-09-05 02:34:58] SKIP - loi-1995-2.pdf - déjà en cours
[2026-09-05 02:34:58] SKIP - loi-1995-1.pdf - déjà en cours
[2026-09-05 02:34:58] OK - loi-95-006.pdf (N/A) - téléchargé (0.1 Mo)
[2026-09-05 02:34:58] SKIP - loi-1995-4.pdf - déjà en cours
[2026-09-05 02:34:58] OK - loi-1995-12.pdf (N/A) - téléchargé (0.0 Mo)
[2026-09-05 02:34:58] OK - loi-1995-11.pdf (N/A) - téléchargé (0.0 Mo)
[2026-09-05 02:34:58] OK - loi-95-007.pdf (N/A) - téléchargé (0.1 Mo)
[2026-09-05 02:34:59] OK - loi-95-008.pdf (N/A) - téléchargé (0.1 Mo)
[2026-09-05 02:34:59] OK - loi-1995-6.pdf (N/A) - téléchargé (0.0 Mo)
[2026-09-05 02:34:59] OK - loi-1995-14.pdf (N/A) - téléchargé (1.6 Mo)
[2026-09-05 02:34:59] SKIP - loi-94-013.pdf - déjà en cours
[2026-09-05 02:34:59] OK - loi-1995-7.pdf (N/A) - téléchargé (0.0 Mo)
[2026-09-05 02:34:59] OK - loi-1997-010.pdf (N/A) - téléchargé (13.6 Mo)
[2026-09-05 02:34:59] OK - loi-1995-8.pdf (N/A) - téléchargé (0.0 Mo)
[2026-09-05 02:34:59] OK - loi-1995-4.pdf (N/A) - téléchargé (0.0 Mo)
[2026-09-05 02:34:59] OK - loi-1995-1.pdf (N/A) - téléchargé (0.0 Mo)
[2026-09-05 02:34:59] OK - loi-95-001.pdf (N/A) - téléchargé (0.0 Mo)
[2026-09-05 02:34:59] OK - loi-1995-2.pdf (N/A) - téléchargé (0.0 Mo)
[2026-09-05 02:34:59] OK - loi-95-005.pdf (N/A) - téléchargé (0.0 Mo)
[2026-09-05 02:34:59] OK - loi-1995-5.pdf (N/A) - téléchargé (0.0 Mo)
[2026-09-05 02:35:00] OK - loi-94-013.pdf (N/A) - téléchargé (0.0 Mo)
[2026-09-05 02:35:00] OK - loi-1995-3.pdf (N/A) - téléchargé (0.0 Mo)
[2026-09-05 02:35:00] OK - loi-94-030.pdf (N/A) - téléchargé (0.1 Mo)
[2026-09-05 02:35:00] SKIP - loi-94-019.pdf - déjà en cours
[2026-09-05 02:35:00] SKIP - loi-94-020.pdf - déjà en cours
[2026-09-05 02:35:00] SKIP - loi-1994-021.pdf - déjà en cours
[2026-09-05 02:35:00] SKIP - loi-1994-019.pdf - déjà en cours
[2026-09-05 02:35:00] OK - loi-1994-28.pdf (N/A) - téléchargé (0.0 Mo)
[2026-09-05 02:35:00] SKIP - loi-1994-020.pdf - déjà en cours
[2026-09-05 02:35:00] OK - loi-94-028.pdf (N/A) - téléchargé (0.1 Mo)
[2026-09-05 02:35:00] SKIP - loi-1994-022.pdf - déjà en cours
[2026-09-05 02:35:00] OK - loi-1994-014.pdf (N/A) - téléchargé (0.1 Mo)
[2026-09-05 02:35:00] OK - loi-1994-022.pdf (N/A) - téléchargé (0.0 Mo)
[2026-09-05 02:35:00] OK - loi-1994-015.pdf (N/A) - téléchargé (0.4 Mo)
[2026-09-05 02:35:00] OK - loi-94-015.pdf (N/A) - téléchargé (0.5 Mo)
[2026-09-05 02:35:00] ERROR - loi-94-019.pdf (N/A) - échec (code: 0)
[2026-09-05 02:35:00] ERROR - loi-94-020.pdf (N/A) - échec (code: 0)
[2026-09-05 02:35:00] OK - loi-1994-020.pdf (N/A) - téléchargé (0.5 Mo)
[2026-09-05 02:35:01] OK - loi-1994-019.pdf (N/A) - téléchargé (0.1 Mo)
[2026-09-05 02:35:01] OK - loi-94-024.pdf (N/A) - téléchargé (0.1 Mo)
[2026-09-05 02:35:01] OK - loi-94-023.pdf (N/A) - téléchargé (0.1 Mo)
[2026-09-05 02:35:01] OK - loi-1994-021.pdf (N/A) - téléchargé (0.1 Mo)
[2026-09-05 02:35:01] OK - loi-94-025.pdf (N/A) - téléchargé (0.1 Mo)
[2026-09-05 02:35:01] OK - loi-94-026.pdf (N/A) - téléchargé (0.1 Mo)
[2026-09-05 02:35:01] OK - loi-1994-024.pdf (N/A) - téléchargé (0.0 Mo)
[2026-09-05 02:35:01] OK - loi-1994-026.pdf (N/A) - téléchargé (0.1 Mo)
[2026-09-05 02:35:01] OK - loi-1994-12.pdf (N/A) - téléchargé (0.0 Mo)
[2026-09-05 02:35:01] OK - loi-94-012.pdf (N/A) - téléchargé (0.1 Mo)
[2026-09-05 02:35:01] OK - loi-94-017.pdf (N/A) - téléchargé (0.1 Mo)
[2026-09-05 02:35:01] OK - loi-1994-017.pdf (N/A) - téléchargé (0.0 Mo)
[2026-09-05 02:35:01] OK - loi-1994-018.pdf (N/A) - téléchargé (0.1 Mo)
[2026-09-05 02:35:01] OK - loi-94-018.pdf (N/A) - téléchargé (0.1 Mo)
[2026-09-05 02:35:02] OK - loi-94-008.pdf (N/A) - téléchargé (0.1 Mo)
[2026-09-05 02:35:02] OK - loi-94-009.pdf (N/A) - téléchargé (0.5 Mo)
[2026-09-05 02:35:02] OK - loi-1994-008.pdf (N/A) - téléchargé (0.1 Mo)
[2026-09-05 02:35:02] OK - loi-1994-006.pdf (N/A) - téléchargé (0.0 Mo)
[2026-09-05 02:35:02] OK - loi-1994-009.pdf (N/A) - téléchargé (0.4 Mo)
[2026-09-05 02:35:02] OK - loi-94-007.pdf (N/A) - téléchargé (0.1 Mo)
[2026-09-05 02:35:02] OK - loi-94-005.pdf (N/A) - téléchargé (0.1 Mo)
[2026-09-05 02:35:02] OK - loi-94-006.pdf (N/A) - téléchargé (0.0 Mo)
[2026-09-05 02:35:02] OK - loi-1994-007.pdf (N/A) - téléchargé (0.0 Mo)
[2026-09-05 02:35:02] OK - loi-1994-005.pdf (N/A) - téléchargé (0.0 Mo)
[2026-09-05 02:35:02] OK - loi-1994-004.pdf (N/A) - téléchargé (0.0 Mo)
[2026-09-05 02:35:02] OK - loi-94-004.pdf (N/A) - téléchargé (0.0 Mo)
[2026-09-05 02:35:02] OK - loi-1997-043.pdf (N/A) - téléchargé (12.1 Mo)
[2026-09-05 02:35:02] OK - loi-94-002.pdf (N/A) - téléchargé (0.1 Mo)
[2026-09-05 02:35:03] OK - loi-1994-003.pdf (N/A) - téléchargé (0.0 Mo)
[2026-09-05 02:35:03] OK - loi-1994-002.pdf (N/A) - téléchargé (0.0 Mo)
[2026-09-05 02:35:03] OK - loi-94-001.pdf (N/A) - téléchargé (0.0 Mo)
[2026-09-05 02:35:03] OK - loi-94-003.pdf (N/A) - téléchargé (0.1 Mo)
[2026-09-05 02:35:03] OK - loi-1994-001.pdf (N/A) - téléchargé (0.0 Mo)
[2026-09-05 02:35:03] OK - loi-94-014.pdf (N/A) - téléchargé (0.1 Mo)
[2026-09-05 02:35:03] OK - loi-1993-022.pdf (N/A) - téléchargé (0.0 Mo)
[2026-09-05 02:35:03] OK - loi-1994-030.pdf (N/A) - téléchargé (0.0 Mo)
[2026-09-05 02:35:03] OK - loi-1993-020.pdf (N/A) - téléchargé (0.0 Mo)
[2026-09-05 02:35:03] OK - loi-93-023.pdf (N/A) - téléchargé (0.1 Mo)
[2026-09-05 02:35:03] SKIP - loi-93-010.pdf - déjà en cours
[2026-09-05 02:35:03] OK - loi-1993-023.pdf (N/A) - téléchargé (0.0 Mo)
[2026-09-05 02:35:03] OK - loi-93-022.pdf (N/A) - téléchargé (0.0 Mo)
[2026-09-05 02:35:03] OK - loi-93-021.pdf (N/A) - téléchargé (0.0 Mo)
[2026-09-05 02:35:04] OK - loi-93-020.pdf (N/A) - téléchargé (0.0 Mo)
[2026-09-05 02:35:04] SKIP - loi-1993-011.pdf - déjà en cours
[2026-09-05 02:35:04] OK - loi-1993-021.pdf (N/A) - téléchargé (0.0 Mo)
[2026-09-05 02:35:04] OK - loi-1994-013.pdf (N/A) - téléchargé (0.8 Mo)
[2026-09-05 02:35:04] SKIP - loi-93-009.pdf - déjà en cours
[2026-09-05 02:35:04] OK - loi-93-015.pdf (N/A) - téléchargé (0.0 Mo)
[2026-09-05 02:35:04] OK - loi-1998-034.pdf (N/A) - téléchargé (13.2 Mo)
[2026-09-05 02:35:04] OK - loi-93-016.pdf (N/A) - téléchargé (0.0 Mo)
[2026-09-05 02:35:04] OK - loi-93-014.pdf (N/A) - téléchargé (0.1 Mo)
[2026-09-05 02:35:04] OK - loi-93-019.pdf (N/A) - téléchargé (0.0 Mo)
[2026-09-05 02:35:04] OK - loi-93-017.pdf (N/A) - téléchargé (0.0 Mo)
[2026-09-05 02:35:04] OK - loi-1993-019.pdf (N/A) - téléchargé (0.0 Mo)
[2026-09-05 02:35:04] OK - loi-organique-93-018.pdf (N/A) - téléchargé (0.1 Mo)
[2026-09-05 02:35:04] ERROR - loi-93-010.pdf (N/A) - échec (code: 0)
[2026-09-05 02:35:04] OK - loi-1993-014.pdf (N/A) - téléchargé (0.0 Mo)
[2026-09-05 02:35:04] OK - loi-93-012.pdf (N/A) - téléchargé (0.0 Mo)
[2026-09-05 02:35:05] OK - loi-1993-012.pdf (N/A) - téléchargé (0.0 Mo)
[2026-09-05 02:35:05] ERROR - loi-93-009.pdf (N/A) - échec (code: 0)
[2026-09-05 02:35:05] OK - loi-1993-013-bis.pdf (N/A) - téléchargé (0.2 Mo)
[2026-09-05 02:35:05] OK - loi-1993-011.pdf (N/A) - téléchargé (0.1 Mo)
[2026-09-05 02:35:05] OK - loi-1992-020.pdf (N/A) - téléchargé (0.0 Mo)
[2026-09-05 02:35:05] OK - loi-1993-018.pdf (N/A) - téléchargé (0.1 Mo)
[2026-09-05 02:35:05] OK - loi-93-005.pdf (N/A) - téléchargé (0.1 Mo)
[2026-09-05 02:35:05] OK - loi-1993-010.pdf (N/A) - téléchargé (1.4 Mo)
[2026-09-05 02:35:05] OK - loi-93-008.pdf (N/A) - téléchargé (0.1 Mo)
[2026-09-05 02:35:05] OK - loi-93-007.pdf (N/A) - téléchargé (0.1 Mo)
[2026-09-05 02:35:05] OK - loi-93-006.pdf (N/A) - téléchargé (0.1 Mo)
[2026-09-05 02:35:05] OK - loi-1993-009.pdf (N/A) - téléchargé (0.8 Mo)
[2026-09-05 02:35:05] OK - loi-1993-013.pdf (N/A) - téléchargé (0.2 Mo)
[2026-09-05 02:35:05] OK - loi-1993-005.pdf (N/A) - téléchargé (0.1 Mo)
[2026-09-05 02:35:06] OK - loi-1993-008.pdf (N/A) - téléchargé (0.0 Mo)
[2026-09-05 02:35:06] OK - loi-93-004.pdf (N/A) - téléchargé (0.1 Mo)
[2026-09-05 02:35:06] OK - loi-1993-004.pdf (N/A) - téléchargé (0.0 Mo)
[2026-09-05 02:35:06] OK - loi-93-003.pdf (N/A) - téléchargé (0.1 Mo)
[2026-09-05 02:35:06] OK - loi-93-002.pdf (N/A) - téléchargé (0.1 Mo)
[2026-09-05 02:35:06] OK - loi-1993-003.pdf (N/A) - téléchargé (0.0 Mo)
[2026-09-05 02:35:06] OK - loi-92-033.pdf (N/A) - téléchargé (0.1 Mo)
[2026-09-05 02:35:06] OK - loi-1993-002.pdf (N/A) - téléchargé (0.1 Mo)
[2026-09-05 02:35:06] OK - loi-1992-035.pdf (N/A) - téléchargé (0.0 Mo)
[2026-09-05 02:35:06] OK - loi-92-034.pdf (N/A) - téléchargé (0.1 Mo)
[2026-09-05 02:35:06] OK - loi-92-035.pdf (N/A) - téléchargé (0.2 Mo)
[2026-09-05 02:35:06] OK - loi-93-001.pdf (N/A) - téléchargé (0.9 Mo)
[2026-09-05 02:35:06] OK - loi-1992-033.pdf (N/A) - téléchargé (0.0 Mo)
[2026-09-05 02:35:06] OK - loi-1992-034.pdf (N/A) - téléchargé (0.1 Mo)
[2026-09-05 02:35:07] OK - loi-92-032.pdf (N/A) - téléchargé (0.2 Mo)
[2026-09-05 02:35:07] OK - loi-1992-032.pdf (N/A) - téléchargé (0.0 Mo)
[2026-09-05 02:35:07] OK - loi-92-030.pdf (N/A) - téléchargé (0.2 Mo)
[2026-09-05 02:35:07] OK - loi-1992-031.pdf (N/A) - téléchargé (0.0 Mo)
[2026-09-05 02:35:07] OK - loi-92-031.pdf (N/A) - téléchargé (0.2 Mo)
[2026-09-05 02:35:07] OK - loi-1992-030.pdf (N/A) - téléchargé (0.0 Mo)
[2026-09-05 02:35:07] OK - loi-92-029.pdf (N/A) - téléchargé (1.2 Mo)
[2026-09-05 02:35:07] OK - loi-92-024.pdf (N/A) - téléchargé (0.2 Mo)
[2026-09-05 02:35:08] OK - loi-92-022.pdf (N/A) - téléchargé (0.3 Mo)
[2026-09-05 02:35:08] OK - loi-92-026.pdf (N/A) - téléchargé (0.2 Mo)
[2026-09-05 02:35:08] OK - loi-1992-022.pdf (N/A) - téléchargé (0.1 Mo)
[2026-09-05 02:35:08] OK - loi-92-025.pdf (N/A) - téléchargé (0.2 Mo)
[2026-09-05 02:35:08] OK - loi-organique-92-021.pdf (N/A) - téléchargé (0.8 Mo)
[2026-09-05 02:35:08] OK - loi-92-027.pdf (N/A) - téléchargé (0.2 Mo)
[2026-09-05 02:35:08] OK - loi-92-023.pdf (N/A) - téléchargé (0.3 Mo)
[2026-09-05 02:35:08] OK - loi-92-028.pdf (N/A) - téléchargé (0.2 Mo)
[2026-09-05 02:35:08] OK - loi-1992-021.pdf (N/A) - téléchargé (0.7 Mo)
[2026-09-05 02:35:08] OK - loi-1992-024.pdf (N/A) - téléchargé (0.0 Mo)
[2026-09-05 02:35:08] OK - loi-1992-029.pdf (N/A) - téléchargé (0.9 Mo)
[2026-09-05 02:35:08] OK - loi-1992-025.pdf (N/A) - téléchargé (0.1 Mo)
[2026-09-05 02:35:08] OK - loi-1992-026.pdf (N/A) - téléchargé (0.0 Mo)
[2026-09-05 02:35:08] OK - loi-1992-023.pdf (N/A) - téléchargé (0.2 Mo)
[2026-09-05 02:35:08] OK - loi-1992-028.pdf (N/A) - téléchargé (0.0 Mo)
[2026-09-05 02:35:08] OK - loi-1992-027.pdf (N/A) - téléchargé (0.0 Mo)
[2026-09-05 02:35:08] OK - loi-1997-029.pdf (N/A) - téléchargé (15.3 Mo)
[2026-09-05 02:35:09] OK - loi-92-010.pdf (N/A) - téléchargé (0.2 Mo)
[2026-09-05 02:35:09] OK - loi-1992-010.pdf (N/A) - téléchargé (0.2 Mo)
[2026-09-05 02:35:09] OK - loi-92-014.pdf (N/A) - téléchargé (0.0 Mo)
[2026-09-05 02:35:09] OK - loi-92-013.pdf (N/A) - téléchargé (0.1 Mo)
[2026-09-05 02:35:09] OK - loi-92-012.pdf (N/A) - téléchargé (0.1 Mo)
[2026-09-05 02:35:09] OK - loi-92-015.pdf (N/A) - téléchargé (0.1 Mo)
[2026-09-05 02:35:09] OK - loi-92-020.pdf (N/A) - téléchargé (0.1 Mo)
[2026-09-05 02:35:09] OK - loi-92-018.pdf (N/A) - téléchargé (0.1 Mo)
[2026-09-05 02:35:09] OK - loi-92-016.pdf (N/A) - téléchargé (0.1 Mo)
[2026-09-05 02:35:09] OK - loi-92-017.pdf (N/A) - téléchargé (0.2 Mo)
[2026-09-05 02:35:09] OK - loi-92-019.pdf (N/A) - téléchargé (0.1 Mo)
[2026-09-05 02:35:09] OK - loi-1992-012.pdf (N/A) - téléchargé (0.0 Mo)
[2026-09-05 02:35:09] OK - loi-1992-013.pdf (N/A) - téléchargé (0.0 Mo)
[2026-09-05 02:35:09] OK - loi-1992-018.pdf (N/A) - téléchargé (0.0 Mo)
[2026-09-05 02:35:09] OK - loi-1992-014.pdf (N/A) - téléchargé (0.0 Mo)
[2026-09-05 02:35:09] OK - loi-1992-015.pdf (N/A) - téléchargé (0.0 Mo)
[2026-09-05 02:35:10] OK - loi-1992-016.pdf (N/A) - téléchargé (0.0 Mo)
[2026-09-05 02:35:10] OK - loi-1992-017.pdf (N/A) - téléchargé (0.0 Mo)
[2026-09-05 02:35:10] ERROR - loi-92-008.pdf (N/A) - échec (code: 0)
[2026-09-05 02:35:10] OK - loi-1992-019.pdf (N/A) - téléchargé (0.0 Mo)
[2026-09-05 02:35:10] OK - loi-92-009.pdf (N/A) - téléchargé (0.1 Mo)
[2026-09-05 02:35:10] OK - loi-1992-009.pdf (N/A) - téléchargé (0.1 Mo)
[2026-09-05 02:35:10] OK - loi-1992-006.pdf (N/A) - téléchargé (0.0 Mo)
[2026-09-05 02:35:10] OK - loi-92-006.pdf (N/A) - téléchargé (0.1 Mo)
[2026-09-05 02:35:10] OK - loi-92-005.pdf (N/A) - téléchargé (0.1 Mo)
[2026-09-05 02:35:10] OK - loi-1992-005.pdf (N/A) - téléchargé (0.0 Mo)
[2026-09-05 02:35:10] SKIP - loi-97-035.pdf - déjà en cours
[2026-09-05 02:35:10] OK - loi-1992-001.pdf (N/A) - téléchargé (0.0 Mo)
[2026-09-05 02:35:11] OK - loi-91-009-bis.pdf (N/A) - téléchargé (0.1 Mo)
[2026-09-05 02:35:11] OK - loi-91-010-bis.pdf (N/A) - téléchargé (0.1 Mo)
[2026-09-05 02:35:11] OK - loi-92-001.pdf (N/A) - téléchargé (0.0 Mo)
[2026-09-05 02:35:11] OK - loi-91-010.pdf (N/A) - téléchargé (0.1 Mo)
[2026-09-05 02:35:11] OK - loi-92-004.pdf (N/A) - téléchargé (0.2 Mo)
[2026-09-05 02:35:11] OK - loi-91-011-bis.pdf (N/A) - téléchargé (0.1 Mo)
[2026-09-05 02:35:11] OK - loi-1992-008.pdf (N/A) - téléchargé (0.7 Mo)
[2026-09-05 02:35:11] OK - loi-1992-003.pdf (N/A) - téléchargé (0.3 Mo)
[2026-09-05 02:35:11] OK - loi-1991-009-bis.pdf (N/A) - téléchargé (0.1 Mo)
[2026-09-05 02:35:11] OK - loi-1993-001.pdf (N/A) - téléchargé (0.6 Mo)
[2026-09-05 02:35:11] OK - loi-1991-010.pdf (N/A) - téléchargé (0.0 Mo)
[2026-09-05 02:35:11] OK - loi-1992-08.pdf (N/A) - téléchargé (1.6 Mo)
[2026-09-05 02:35:11] OK - loi-92-003.pdf (N/A) - téléchargé (0.6 Mo)
[2026-09-05 02:35:11] OK - loi-97-035.pdf (N/A) - téléchargé (0.0 Mo)
[2026-09-05 02:35:11] OK - loi-1991-011.pdf (N/A) - téléchargé (0.1 Mo)
[2026-09-05 02:35:11] OK - loi-91-008-bis.pdf (N/A) - téléchargé (0.1 Mo)
[2026-09-05 02:35:11] OK - loi-91-004-bis.pdf (N/A) - téléchargé (0.1 Mo)
[2026-09-05 02:35:11] OK - loi-1991-004-bis.pdf (N/A) - téléchargé (0.0 Mo)
[2026-09-05 02:35:12] OK - loi-1991-008-bis.pdf (N/A) - téléchargé (0.5 Mo)
[2026-09-05 02:35:12] OK - loi-91-002-bis.pdf (N/A) - téléchargé (0.1 Mo)
[2026-09-05 02:35:12] OK - loi-1991-002-bis.pdf (N/A) - téléchargé (0.0 Mo)
[2026-09-05 02:35:12] OK - loi-91-003-bis.pdf (N/A) - téléchargé (0.1 Mo)
[2026-09-05 02:35:12] OK - loi-1991-003-bis.pdf (N/A) - téléchargé (0.0 Mo)
[2026-09-05 02:35:12] OK - loi-91-013.pdf (N/A) - téléchargé (0.0 Mo)
[2026-09-05 02:35:12] OK - loi-1991-013.pdf (N/A) - téléchargé (0.0 Mo)
[2026-09-05 02:35:12] OK - loi-1991-001-bis.pdf (N/A) - téléchargé (0.0 Mo)
[2026-09-05 02:35:12] OK - loi-91-015.pdf (N/A) - téléchargé (0.2 Mo)
[2026-09-05 02:35:12] OK - loi-91-012.pdf (N/A) - téléchargé (0.1 Mo)
[2026-09-05 02:35:12] OK - loi-91-001-bis.pdf (N/A) - téléchargé (0.1 Mo)
[2026-09-05 02:35:12] OK - loi-1991-015.pdf (N/A) - téléchargé (0.0 Mo)
[2026-09-05 02:35:12] OK - loi-1991-011-bis.pdf (N/A) - téléchargé (0.1 Mo)
[2026-09-05 02:35:12] OK - loi-1991-012.pdf (N/A) - téléchargé (0.1 Mo)
[2026-09-05 02:35:12] OK - loi-91-007.pdf (N/A) - téléchargé (0.3 Mo)
[2026-09-05 02:35:13] OK - loi-91-006.pdf (N/A) - téléchargé (0.6 Mo)
[2026-09-05 02:35:13] OK - loi-91-008.pdf (N/A) - téléchargé (0.5 Mo)
[2026-09-05 02:35:13] OK - loi-1991-006.pdf (N/A) - téléchargé (0.4 Mo)
[2026-09-05 02:35:13] OK - loi-1991-005.pdf (N/A) - téléchargé (0.0 Mo)
[2026-09-05 02:35:13] OK - loi-91-005.pdf (N/A) - téléchargé (0.0 Mo)
[2026-09-05 02:35:13] OK - loi-organique-91-001.pdf (N/A) - téléchargé (0.1 Mo)
[2026-09-05 02:35:13] OK - loi-1991-008.pdf (N/A) - téléchargé (0.4 Mo)
[2026-09-05 02:35:13] OK - loi-1991-003.pdf (N/A) - téléchargé (0.0 Mo)
[2026-09-05 02:35:13] OK - loi-91-003.pdf (N/A) - téléchargé (0.0 Mo)
[2026-09-05 02:35:14] OK - loi-91-002.pdf (N/A) - téléchargé (0.1 Mo)
[2026-09-05 02:35:14] OK - loi-1991-002.pdf (N/A) - téléchargé (0.1 Mo)
[2026-09-05 02:35:14] OK - loi-1997-025.pdf (N/A) - téléchargé (20.4 Mo)
[2026-09-05 02:35:14] OK - loi-1991-001.pdf (N/A) - téléchargé (0.0 Mo)
[2026-09-05 02:35:14] OK - loi-1991-007.pdf (N/A) - téléchargé (2.2 Mo)
[2026-09-05 02:35:14] OK - loi-90-036.pdf (N/A) - téléchargé (0.2 Mo)
[2026-09-05 02:35:14] OK - loi-1991-004.pdf (N/A) - téléchargé (0.5 Mo)
[2026-09-05 02:35:14] OK - loi-91-004.pdf (N/A) - téléchargé (1.3 Mo)
[2026-09-05 02:35:15] OK - loi-90-035.pdf (N/A) - téléchargé (0.8 Mo)
[2026-09-05 02:35:15] OK - loi-1990-035.pdf (N/A) - téléchargé (0.3 Mo)
[2026-09-05 02:35:15] OK - loi-1990-37.pdf (N/A) - téléchargé (0.2 Mo)
[2026-09-05 02:35:15] OK - loi-90-037.pdf (N/A) - téléchargé (0.9 Mo)
[2026-09-05 02:35:15] OK - loi-1990-033.pdf (N/A) - téléchargé (0.2 Mo)
[2026-09-05 02:35:15] OK - loi-1990-034.pdf (N/A) - téléchargé (0.8 Mo)
[2026-09-05 02:35:15] OK - loi-1990-031.pdf (N/A) - téléchargé (0.1 Mo)
[2026-09-05 02:35:15] OK - loi-1990-36.pdf (N/A) - téléchargé (0.2 Mo)
[2026-09-05 02:35:15] OK - loi-90-031.pdf (N/A) - téléchargé (0.1 Mo)
[2026-09-05 02:35:16] OK - loi-1990-029.pdf (N/A) - téléchargé (0.1 Mo)
[2026-09-05 02:35:16] OK - loi-1990-030.pdf (N/A) - téléchargé (0.1 Mo)
[2026-09-05 02:35:16] OK - loi-90-029.pdf (N/A) - téléchargé (0.1 Mo)
[2026-09-05 02:35:16] OK - loi-90-028.pdf (N/A) - téléchargé (0.2 Mo)
[2026-09-05 02:35:16] OK - loi-90-034.pdf (N/A) - téléchargé (2.4 Mo)
[2026-09-05 02:35:16] OK - loi-90-024.pdf (N/A) - téléchargé (0.1 Mo)
[2026-09-05 02:35:16] OK - loi-1990-024.pdf (N/A) - téléchargé (0.1 Mo)
[2026-09-05 02:35:17] OK - loi-1990-026.pdf (N/A) - téléchargé (0.1 Mo)
[2026-09-05 02:35:17] OK - loi-90-026.pdf (N/A) - téléchargé (0.2 Mo)
[2026-09-05 02:35:17] OK - loi-90-033.pdf (N/A) - téléchargé (0.6 Mo)
[2026-09-05 02:35:17] OK - loi-90-030.pdf (N/A) - téléchargé (0.4 Mo)
[2026-09-05 02:35:17] OK - loi-1990-028.pdf (N/A) - téléchargé (0.2 Mo)
[2026-09-05 02:35:18] OK - loi-90-009.pdf (N/A) - téléchargé (2.1 Mo)
[2026-09-05 02:35:18] OK - loi-1990-008.pdf (N/A) - téléchargé (0.3 Mo)
[2026-09-05 02:35:18] OK - loi-90-022.pdf (N/A) - téléchargé (0.4 Mo)
[2026-09-05 02:35:18] OK - loi-90-019.pdf (N/A) - téléchargé (0.0 Mo)
[2026-09-05 02:35:18] OK - loi-90-023.pdf (N/A) - téléchargé (0.4 Mo)
[2026-09-05 02:35:18] OK - loi-1990-023.pdf (N/A) - téléchargé (0.3 Mo)
[2026-09-05 02:35:19] OK - loi-1990-025.pdf (N/A) - téléchargé (0.5 Mo)
[2026-09-05 02:35:19] OK - loi-1990-020.pdf (N/A) - téléchargé (0.0 Mo)
[2026-09-05 02:35:19] OK - loi-90-32.pdf (N/A) - téléchargé (3.2 Mo)
[2026-09-05 02:35:19] OK - loi-1990-019.pdf (N/A) - téléchargé (0.1 Mo)
[2026-09-05 02:35:19] OK - loi-90-010.pdf (N/A) - téléchargé (1.5 Mo)
[2026-09-05 02:35:19] OK - loi-90-015.pdf (N/A) - téléchargé (0.0 Mo)
[2026-09-05 02:35:19] OK - loi-1990-018.pdf (N/A) - téléchargé (0.9 Mo)
[2026-09-05 02:35:19] OK - loi-1990-021.pdf (N/A) - téléchargé (0.1 Mo)
[2026-09-05 02:35:20] OK - loi-90-017.pdf (N/A) - téléchargé (0.2 Mo)
[2026-09-05 02:35:20] OK - loi-90-016.pdf (N/A) - téléchargé (0.0 Mo)
[2026-09-05 02:35:20] OK - loi-1990-015.pdf (N/A) - téléchargé (0.0 Mo)
[2026-09-05 02:35:20] OK - loi-90-021.pdf (N/A) - téléchargé (0.1 Mo)
[2026-09-05 02:35:20] OK - loi-1990-016.pdf (N/A) - téléchargé (0.0 Mo)
[2026-09-05 02:35:20] OK - loi-1990-017.pdf (N/A) - téléchargé (0.0 Mo)
[2026-09-05 02:35:20] OK - loi-90-012.pdf (N/A) - téléchargé (0.0 Mo)
[2026-09-05 02:35:20] OK - loi-1990-027.pdf (N/A) - téléchargé (0.3 Mo)
[2026-09-05 02:35:20] OK - loi-1990-012.pdf (N/A) - téléchargé (0.0 Mo)
[2026-09-05 02:35:20] OK - loi-90-013.pdf (N/A) - téléchargé (0.1 Mo)
[2026-09-05 02:35:20] OK - loi-90-027.pdf (N/A) - téléchargé (0.4 Mo)
[2026-09-05 02:35:20] OK - loi-1990-013.pdf (N/A) - téléchargé (0.1 Mo)
[2026-09-05 02:35:20] OK - loi-90-020.pdf (N/A) - téléchargé (0.0 Mo)
[2026-09-05 02:35:21] OK - loi-1990-022.pdf (N/A) - téléchargé (0.3 Mo)
[2026-09-05 02:35:21] OK - loi-1990-014.pdf (N/A) - téléchargé (0.1 Mo)
[2026-09-05 02:35:21] OK - loi-90-008.pdf (N/A) - téléchargé (0.3 Mo)
[2026-09-05 02:35:21] OK - loi-90-003.pdf (N/A) - téléchargé (0.1 Mo)
[2026-09-05 02:35:21] OK - loi-1990-011.pdf (N/A) - téléchargé (0.5 Mo)
[2026-09-05 02:35:21] OK - loi-1990-010.pdf (N/A) - téléchargé (0.3 Mo)
[2026-09-05 02:35:21] OK - loi-90-014.pdf (N/A) - téléchargé (0.7 Mo)
[2026-09-05 02:35:21] OK - loi-1990-003.pdf (N/A) - téléchargé (0.0 Mo)
[2026-09-05 02:35:21] OK - loi-1990-009-bis.pdf (N/A) - téléchargé (0.7 Mo)
[2026-09-05 02:35:22] OK - loi-90-006.pdf (N/A) - téléchargé (0.1 Mo)
[2026-09-05 02:35:22] OK - loi-90-007.pdf (N/A) - téléchargé (0.1 Mo)
[2026-09-05 02:35:22] OK - loi-90-004.pdf (N/A) - téléchargé (0.6 Mo)
[2026-09-05 02:35:22] OK - loi-90-011.pdf (N/A) - téléchargé (1.7 Mo)
[2026-09-05 02:35:22] OK - loi-1990-006.pdf (N/A) - téléchargé (0.0 Mo)
[2026-09-05 02:35:22] OK - loi-1990-004.pdf (N/A) - téléchargé (0.1 Mo)
[2026-09-05 02:35:22] OK - loi-90-005.pdf (N/A) - téléchargé (0.5 Mo)
[2026-09-05 02:35:22] OK - loi-1990-007.pdf (N/A) - téléchargé (0.0 Mo)
[2026-09-05 02:35:22] OK - loi-90-025.pdf (N/A) - téléchargé (0.9 Mo)
[2026-09-05 02:35:22] OK - loi-1991-014.pdf (N/A) - téléchargé (13.7 Mo)
[2026-09-05 02:35:22] OK - loi-90-001.pdf (N/A) - téléchargé (0.0 Mo)
[2026-09-05 02:35:22] OK - loi-1990-001.pdf (N/A) - téléchargé (0.0 Mo)
[2026-09-05 02:35:22] OK - loi-1989-001.pdf (N/A) - téléchargé (0.0 Mo)
[2026-09-05 02:35:22] OK - loi-1989-002.pdf (N/A) - téléchargé (0.0 Mo)
[2026-09-05 02:35:23] OK - loi-90-002.pdf (N/A) - téléchargé (0.7 Mo)
[2026-09-05 02:35:23] OK - loi-1990-005.pdf (N/A) - téléchargé (3.6 Mo)
[2026-09-05 02:35:23] OK - loi-1990-002.pdf (N/A) - téléchargé (0.6 Mo)
[2026-09-05 02:35:23] OK - loi-1989-009.pdf (N/A) - téléchargé (0.0 Mo)
[2026-09-05 02:35:23] OK - loi-1989-003.pdf (N/A) - téléchargé (0.2 Mo)
[2026-09-05 02:35:23] OK - loi-1989-005.pdf (N/A) - téléchargé (0.0 Mo)
[2026-09-05 02:35:23] OK - loi-1989-008.pdf (N/A) - téléchargé (0.0 Mo)
[2026-09-05 02:35:23] OK - loi-1989-006-bis.pdf (N/A) - téléchargé (0.1 Mo)
[2026-09-05 02:35:23] OK - loi-1989-007.pdf (N/A) - téléchargé (0.0 Mo)
[2026-09-05 02:35:23] OK - loi-1990-009.pdf (N/A) - téléchargé (0.6 Mo)
[2026-09-05 02:35:23] OK - loi-1989-004.pdf (N/A) - téléchargé (0.2 Mo)
[2026-09-05 02:35:23] OK - loi-1989-010.pdf (N/A) - téléchargé (0.0 Mo)
[2026-09-05 02:35:24] OK - loi-1989-012.pdf (N/A) - téléchargé (0.1 Mo)
[2026-09-05 02:35:24] OK - loi-1989-013.pdf (N/A) - téléchargé (0.0 Mo)
[2026-09-05 02:35:24] OK - loi-1989-015.pdf (N/A) - téléchargé (0.1 Mo)
[2026-09-05 02:35:24] OK - loi-1989-011.pdf (N/A) - téléchargé (0.2 Mo)
[2026-09-05 02:35:24] OK - loi-1989-014.pdf (N/A) - téléchargé (0.1 Mo)
[2026-09-05 02:35:24] OK - loi-1989-017.pdf (N/A) - téléchargé (0.0 Mo)
[2026-09-05 02:35:24] OK - loi-1989-016.pdf (N/A) - téléchargé (0.0 Mo)
[2026-09-05 02:35:24] OK - loi-1989-20-bis.pdf (N/A) - téléchargé (0.0 Mo)
[2026-09-05 02:35:24] OK - loi-1990-032.pdf (N/A) - téléchargé (3.9 Mo)
[2026-09-05 02:35:24] OK - loi-1988-009.pdf (N/A) - téléchargé (0.0 Mo)
[2026-09-05 02:35:24] OK - loi-1989-020.pdf (N/A) - téléchargé (0.0 Mo)
[2026-09-05 02:35:24] OK - loi-1988-010.pdf (N/A) - téléchargé (0.0 Mo)
[2026-09-05 02:35:24] OK - loi-1989-018.pdf (N/A) - téléchargé (0.1 Mo)
[2026-09-05 02:35:25] OK - loi-1988-003.pdf (N/A) - téléchargé (0.1 Mo)
[2026-09-05 02:35:25] OK - loi-1989-006.pdf (N/A) - téléchargé (0.3 Mo)
[2026-09-05 02:35:25] OK - loi-1988-004.pdf (N/A) - téléchargé (0.0 Mo)
[2026-09-05 02:35:25] OK - loi-1988-007.pdf (N/A) - téléchargé (0.0 Mo)
[2026-09-05 02:35:25] OK - loi-90-032.pdf (N/A) - téléchargé (5.5 Mo)
[2026-09-05 02:35:25] OK - loi-1988-002.pdf (N/A) - téléchargé (0.3 Mo)
[2026-09-05 02:35:25] OK - loi-1989-019.pdf (N/A) - téléchargé (1.0 Mo)
[2026-09-05 02:35:25] OK - loi-1988-008.pdf (N/A) - téléchargé (0.1 Mo)
[2026-09-05 02:35:25] OK - loi-1988-006.pdf (N/A) - téléchargé (0.2 Mo)
[2026-09-05 02:35:25] OK - loi-1987-006.pdf (N/A) - téléchargé (0.0 Mo)
[2026-09-05 02:35:25] OK - loi-90-018.pdf (N/A) - téléchargé (1.5 Mo)
[2026-09-05 02:35:25] OK - loi-1987-010.pdf (N/A) - téléchargé (0.0 Mo)
[2026-09-05 02:35:25] OK - loi-1987-007.pdf (N/A) - téléchargé (0.2 Mo)
[2026-09-05 02:35:25] OK - loi-1987-011.pdf (N/A) - téléchargé (0.1 Mo)
[2026-09-05 02:35:25] OK - loi-1987-005.pdf (N/A) - téléchargé (0.8 Mo)
[2026-09-05 02:35:26] OK - loi-1987-009.pdf (N/A) - téléchargé (0.3 Mo)
[2026-09-05 02:35:26] OK - loi-1987-008.pdf (N/A) - téléchargé (0.4 Mo)
[2026-09-05 02:35:26] OK - loi-1987-017.pdf (N/A) - téléchargé (0.1 Mo)
[2026-09-05 02:35:26] OK - loi-1987-013.pdf (N/A) - téléchargé (0.3 Mo)
[2026-09-05 02:35:26] OK - loi-1987-018.pdf (N/A) - téléchargé (0.2 Mo)
[2026-09-05 02:35:26] OK - loi-1987-019.pdf (N/A) - téléchargé (0.2 Mo)
[2026-09-05 02:35:26] OK - loi-1987-021.pdf (N/A) - téléchargé (0.1 Mo)
[2026-09-05 02:35:26] OK - loi-1987-012.pdf (N/A) - téléchargé (0.8 Mo)
[2026-09-05 02:35:26] OK - loi-1987-004.pdf (N/A) - téléchargé (0.1 Mo)
[2026-09-05 02:35:26] OK - loi-1987-020.pdf (N/A) - téléchargé (0.2 Mo)
[2026-09-05 02:35:26] OK - loi-1987-014.pdf (N/A) - téléchargé (0.9 Mo)
[2026-09-05 02:35:27] OK - loi-1987-003.pdf (N/A) - téléchargé (0.1 Mo)
[2026-09-05 02:35:27] OK - loi-1987-015.pdf (N/A) - téléchargé (1.1 Mo)
[2026-09-05 02:35:27] OK - loi-1986-016.pdf (N/A) - téléchargé (0.0 Mo)
[2026-09-05 02:35:27] OK - loi-1986-017.pdf (N/A) - téléchargé (0.0 Mo)
[2026-09-05 02:35:27] OK - loi-1986-018.pdf (N/A) - téléchargé (0.0 Mo)
[2026-09-05 02:35:27] OK - loi-1986-015.pdf (N/A) - téléchargé (0.1 Mo)
[2026-09-05 02:35:27] OK - loi-1988-001.pdf (N/A) - téléchargé (0.5 Mo)
[2026-09-05 02:35:27] OK - loi-1986-019.pdf (N/A) - téléchargé (0.0 Mo)
[2026-09-05 02:35:27] OK - loi-1987-001.pdf (N/A) - téléchargé (0.5 Mo)
[2026-09-05 02:35:28] OK - loi-1987-006-bis.pdf (N/A) - téléchargé (7.8 Mo)
[2026-09-05 02:35:28] OK - loi-1986-004.pdf (N/A) - téléchargé (0.1 Mo)
[2026-09-05 02:35:29] OK - loi-1986-001.pdf (N/A) - téléchargé (0.4 Mo)
[2026-09-05 02:35:29] OK - loi-1986-014.pdf (N/A) - téléchargé (1.3 Mo)
[2026-09-05 02:35:29] OK - loi-1986-008.pdf (N/A) - téléchargé (0.4 Mo)
[2026-09-05 02:35:29] OK - loi-1986-003.pdf (N/A) - téléchargé (0.6 Mo)
[2026-09-05 02:35:29] OK - loi-1986-002.pdf (N/A) - téléchargé (0.3 Mo)
[2026-09-05 02:35:29] OK - loi-1985-002.pdf (N/A) - téléchargé (0.2 Mo)
[2026-09-05 02:35:29] OK - loi-1986-006.pdf (N/A) - téléchargé (0.3 Mo)
[2026-09-05 02:35:29] OK - loi-1986-005.pdf (N/A) - téléchargé (0.5 Mo)
[2026-09-05 02:35:29] OK - loi-1986-020.pdf (N/A) - téléchargé (0.6 Mo)
[2026-09-05 02:35:29] OK - loi-1985-001.pdf (N/A) - téléchargé (0.0 Mo)
[2026-09-05 02:35:30] OK - loi-1985-004.pdf (N/A) - téléchargé (0.0 Mo)
[2026-09-05 02:35:30] OK - loi-1986-012.pdf (N/A) - téléchargé (3.7 Mo)
[2026-09-05 02:35:30] OK - loi-1985-003.pdf (N/A) - téléchargé (0.1 Mo)
[2026-09-05 02:35:30] OK - loi-1984-001-bis.pdf (N/A) - téléchargé (0.1 Mo)
[2026-09-05 02:35:30] OK - loi-1986-007.pdf (N/A) - téléchargé (0.3 Mo)
[2026-09-05 02:35:30] OK - loi-1984-005.pdf (N/A) - téléchargé (0.1 Mo)
[2026-09-05 02:35:30] OK - loi-1986-009.pdf (N/A) - téléchargé (0.2 Mo)
[2026-09-05 02:35:31] OK - loi-1984-007.pdf (N/A) - téléchargé (0.2 Mo)
[2026-09-05 02:35:31] OK - loi-1984-003.pdf (N/A) - téléchargé (0.3 Mo)
[2026-09-05 02:35:31] OK - loi-1984-001.pdf (N/A) - téléchargé (0.4 Mo)
[2026-09-05 02:35:31] OK - loi-1984-008.pdf (N/A) - téléchargé (1.0 Mo)
[2026-09-05 02:35:32] OK - loi-1984-004.pdf (N/A) - téléchargé (1.0 Mo)
[2026-09-05 02:35:32] OK - loi-1983-002.pdf (N/A) - téléchargé (1.9 Mo)
[2026-09-05 02:35:33] OK - loi-1983-001.pdf (N/A) - téléchargé (0.3 Mo)
[2026-09-05 02:35:33] OK - loi-1982-003.pdf (N/A) - téléchargé (0.1 Mo)
[2026-09-05 02:35:33] OK - loi-1982-007.pdf (N/A) - téléchargé (0.1 Mo)
[2026-09-05 02:35:33] OK - loi-1982-004.pdf (N/A) - téléchargé (0.1 Mo)
[2026-09-05 02:35:33] OK - loi-1986-011.pdf (N/A) - téléchargé (0.3 Mo)
[2026-09-05 02:35:33] OK - loi-1982-002.pdf (N/A) - téléchargé (0.4 Mo)
[2026-09-05 02:35:33] OK - loi-1983-007.pdf (N/A) - téléchargé (1.2 Mo)
[2026-09-05 02:35:34] OK - loi-1983-004.pdf (N/A) - téléchargé (2.7 Mo)
[2026-09-05 02:35:34] OK - loi-1982-006.pdf (N/A) - téléchargé (1.2 Mo)
[2026-09-05 02:35:34] OK - loi-1981-011.pdf (N/A) - téléchargé (0.1 Mo)
[2026-09-05 02:35:34] OK - loi-1981-010.pdf (N/A) - téléchargé (0.2 Mo)
[2026-09-05 02:35:35] OK - loi-1981-012.pdf (N/A) - téléchargé (0.3 Mo)
[2026-09-05 02:35:35] OK - loi-1981-002.pdf (N/A) - téléchargé (0.1 Mo)
[2026-09-05 02:35:35] OK - loi-1981-003.pdf (N/A) - téléchargé (0.3 Mo)
[2026-09-05 02:35:36] OK - loi-1981-013.pdf (N/A) - téléchargé (0.4 Mo)
[2026-09-05 02:35:36] OK - loi-1983-006.pdf (N/A) - téléchargé (3.1 Mo)
[2026-09-05 02:35:36] OK - loi-1986-010.pdf (N/A) - téléchargé (0.5 Mo)
[2026-09-05 02:35:36] OK - loi-1982-005.pdf (N/A) - téléchargé (0.8 Mo)
[2026-09-05 02:35:36] OK - loi-1981-001.pdf (N/A) - téléchargé (0.6 Mo)
[2026-09-05 02:35:37] OK - loi-1981-009.pdf (N/A) - téléchargé (2.6 Mo)
[2026-09-05 02:35:37] OK - loi-1981-006.pdf (N/A) - téléchargé (0.1 Mo)
[2026-09-05 02:35:37] OK - loi-1965-33.pdf (N/A) - téléchargé (0.1 Mo)
[2026-09-05 02:35:37] OK - loi-1965-34.pdf (N/A) - téléchargé (0.1 Mo)
[2026-09-05 02:35:37] OK - loi-1981-008.pdf (N/A) - téléchargé (0.9 Mo)
[2026-09-05 02:35:37] OK - loi-1965-26.pdf (N/A) - téléchargé (0.1 Mo)
[2026-09-05 02:35:37] OK - loi-1965-27.pdf (N/A) - téléchargé (0.0 Mo)
[2026-09-05 02:35:37] OK - loi-1965-28.pdf (N/A) - téléchargé (0.0 Mo)
[2026-09-05 02:35:37] OK - loi-1965-30.pdf (N/A) - téléchargé (0.0 Mo)
[2026-09-05 02:35:38] OK - loi-1965-24.pdf (N/A) - téléchargé (0.0 Mo)
[2026-09-05 02:35:38] OK - loi-1965-23.pdf (N/A) - téléchargé (0.0 Mo)
[2026-09-05 02:35:38] OK - loi-1965-36.pdf (N/A) - téléchargé (0.3 Mo)
[2026-09-05 02:35:38] OK - loi-1965-21.pdf (N/A) - téléchargé (0.1 Mo)
[2026-09-05 02:35:38] OK - loi-1965-29.pdf (N/A) - téléchargé (0.5 Mo)
[2026-09-05 02:35:38] OK - loi-1965-09.pdf (N/A) - téléchargé (0.0 Mo)
[2026-09-05 02:35:38] OK - loi-1965-11.pdf (N/A) - téléchargé (0.0 Mo)
[2026-09-05 02:35:39] OK - loi-1981-014.pdf (N/A) - téléchargé (2.1 Mo)
[2026-09-05 02:35:39] OK - loi-1965-10.pdf (N/A) - téléchargé (0.1 Mo)
[2026-09-05 02:35:39] OK - loi-1965-07.pdf (N/A) - téléchargé (0.7 Mo)
[2026-09-05 02:35:39] OK - loi-1965-14.pdf (N/A) - téléchargé (0.0 Mo)
[2026-09-05 02:35:39] OK - loi-1965-12.pdf (N/A) - téléchargé (0.1 Mo)
[2026-09-05 02:35:39] OK - loi-1965-15.pdf (N/A) - téléchargé (0.0 Mo)
[2026-09-05 02:35:39] OK - loi-1965-16.pdf (N/A) - téléchargé (0.0 Mo)
[2026-09-05 02:35:40] OK - loi-1965-18.pdf (N/A) - téléchargé (0.0 Mo)
[2026-09-05 02:35:40] OK - loi-1965-22.pdf (N/A) - téléchargé (5.4 Mo)
[2026-09-05 02:35:40] OK - loi-1983-009.pdf (N/A) - téléchargé (4.1 Mo)
[2026-09-05 02:35:40] OK - loi-1981-005.pdf (N/A) - téléchargé (0.5 Mo)
[2026-09-05 02:35:40] OK - loi-1965-03.pdf (N/A) - téléchargé (0.1 Mo)
[2026-09-05 02:35:40] OK - loi-1965-20.pdf (N/A) - téléchargé (0.4 Mo)
[2026-09-05 02:35:41] OK - loi-1965-17.pdf (N/A) - téléchargé (0.8 Mo)
[2026-09-05 02:35:41] OK - loi-1965-19.pdf (N/A) - téléchargé (0.9 Mo)
[2026-09-05 02:35:41] OK - loi-1965-06.pdf (N/A) - téléchargé (0.7 Mo)
[2026-09-05 02:35:41] OK - loi-1964-35.pdf (N/A) - téléchargé (0.4 Mo)
[2026-09-05 02:35:41] OK - loi-1964-37.pdf (N/A) - téléchargé (0.3 Mo)
[2026-09-05 02:35:41] OK - loi-1964-36.pdf (N/A) - téléchargé (0.3 Mo)
[2026-09-05 02:35:41] OK - loi-1964-38.pdf (N/A) - téléchargé (0.5 Mo)
[2026-09-05 02:35:42] OK - loi-1964-34.pdf (N/A) - téléchargé (0.4 Mo)
[2026-09-05 02:35:42] OK - loi-1964-27.pdf (N/A) - téléchargé (0.4 Mo)
[2026-09-05 02:35:43] OK - loi-1964-30.pdf (N/A) - téléchargé (0.3 Mo)
[2026-09-05 02:35:43] OK - loi-1964-31.pdf (N/A) - téléchargé (0.3 Mo)
[2026-09-05 02:35:43] OK - loi-1964-26.pdf (N/A) - téléchargé (1.9 Mo)
[2026-09-05 02:35:43] OK - loi-1964-24.pdf (N/A) - téléchargé (0.3 Mo)
[2026-09-05 02:35:45] OK - loi-1964-22.pdf (N/A) - téléchargé (0.3 Mo)
[2026-09-05 02:35:46] OK - loi-1964-4.pdf (N/A) - téléchargé (0.3 Mo)
[2026-09-05 02:35:46] OK - loi-1964-40.pdf (N/A) - téléchargé (6.3 Mo)
[2026-09-05 02:35:47] OK - loi-1964-21.pdf (N/A) - téléchargé (0.6 Mo)
[2026-09-05 02:35:47] OK - loi-1964-19.pdf (N/A) - téléchargé (1.5 Mo)
[2026-09-05 02:35:47] OK - loi-1964-6.pdf (N/A) - téléchargé (0.3 Mo)
[2026-09-05 02:35:47] OK - loi-1964-5.pdf (N/A) - téléchargé (0.4 Mo)
[2026-09-05 02:35:47] OK - loi-1964-28.pdf (N/A) - téléchargé (3.6 Mo)
[2026-09-05 02:35:47] OK - loi-1964-32.pdf (N/A) - téléchargé (1.6 Mo)
[2026-09-05 02:35:47] OK - loi-1964-7.pdf (N/A) - téléchargé (0.3 Mo)
[2026-09-05 02:35:47] OK - loi-1964-23.pdf (N/A) - téléchargé (0.3 Mo)
[2026-09-05 02:35:48] OK - loi-1964-8.pdf (N/A) - téléchargé (0.3 Mo)
[2026-09-05 02:35:48] OK - loi-1964-9.pdf (N/A) - téléchargé (0.3 Mo)
[2026-09-05 02:35:48] OK - loi-1986-013.pdf (N/A) - téléchargé (2.8 Mo)
[2026-09-05 02:35:48] OK - loi-1964-11.pdf (N/A) - téléchargé (0.4 Mo)
[2026-09-05 02:35:48] OK - loi-1964-10.pdf (N/A) - téléchargé (0.3 Mo)
[2026-09-05 02:35:49] OK - loi-1964-12.pdf (N/A) - téléchargé (0.7 Mo)
[2026-09-05 02:35:49] OK - loi-1964-1.pdf (N/A) - téléchargé (1.5 Mo)
[2026-09-05 02:35:50] OK - loi-1964-2.pdf (N/A) - téléchargé (1.1 Mo)
[2026-09-05 02:35:50] OK - loi-1963-13.pdf (N/A) - téléchargé (0.3 Mo)
[2026-09-05 02:35:50] OK - loi-1964-18.pdf (N/A) - téléchargé (1.8 Mo)
[2026-09-05 02:35:50] OK - loi-1963-11.pdf (N/A) - téléchargé (0.4 Mo)
[2026-09-05 02:35:50] OK - loi-1962-44.pdf (N/A) - téléchargé (0.1 Mo)
[2026-09-05 02:35:50] OK - loi-1962-39.pdf (N/A) - téléchargé (0.5 Mo)
[2026-09-05 02:35:51] OK - loi-1962-42.pdf (N/A) - téléchargé (0.7 Mo)
[2026-09-05 02:35:51] OK - loi-1962-45.pdf (N/A) - téléchargé (0.1 Mo)
[2026-09-05 02:35:51] OK - loi-1963-14.pdf (N/A) - téléchargé (1.6 Mo)
[2026-09-05 02:35:51] OK - loi-1962-36.pdf (N/A) - téléchargé (0.0 Mo)
[2026-09-05 02:35:51] OK - loi-1962-47.pdf (N/A) - téléchargé (0.1 Mo)
[2026-09-05 02:35:51] OK - loi-1981-004.pdf (N/A) - téléchargé (2.9 Mo)
[2026-09-05 02:35:51] OK - loi-1962-33.pdf (N/A) - téléchargé (0.1 Mo)
[2026-09-05 02:35:52] OK - loi-1962-46.pdf (N/A) - téléchargé (0.8 Mo)
[2026-09-05 02:35:52] OK - loi-1965-35.pdf (N/A) - téléchargé (1.8 Mo)
[2026-09-05 02:35:52] OK - loi-1983-003.pdf (N/A) - téléchargé (12.7 Mo)
[2026-09-05 02:35:53] OK - loi-1962-24.pdf (N/A) - téléchargé (0.4 Mo)
[2026-09-05 02:35:53] OK - loi-1962-26.pdf (N/A) - téléchargé (0.1 Mo)
[2026-09-05 02:35:53] OK - loi-1964-14.pdf (N/A) - téléchargé (3.8 Mo)
[2026-09-05 02:35:54] OK - loi-1962-29.pdf (N/A) - téléchargé (1.7 Mo)
[2026-09-05 02:35:54] OK - loi-1962-25.pdf (N/A) - téléchargé (0.4 Mo)
[2026-09-05 02:35:54] OK - loi-1962-28.pdf (N/A) - téléchargé (0.3 Mo)
[2026-09-05 02:35:54] OK - loi-1963-6.pdf (N/A) - téléchargé (0.5 Mo)
[2026-09-05 02:35:54] OK - loi-1963-7.pdf (N/A) - téléchargé (0.3 Mo)
[2026-09-05 02:35:54] OK - loi-1962-32.pdf (N/A) - téléchargé (0.9 Mo)
[2026-09-05 02:35:55] OK - loi-1962-38.pdf (N/A) - téléchargé (3.9 Mo)
[2026-09-05 02:35:55] OK - loi-1963-8.pdf (N/A) - téléchargé (0.4 Mo)
[2026-09-05 02:35:55] OK - loi-1962-20.pdf (N/A) - téléchargé (0.1 Mo)
[2026-09-05 02:35:56] OK - loi-1963-10.pdf (N/A) - téléchargé (1.0 Mo)
[2026-09-05 02:35:56] OK - loi-1962-19.pdf (N/A) - téléchargé (0.3 Mo)
[2026-09-05 02:35:56] OK - loi-1962-16.pdf (N/A) - téléchargé (0.5 Mo)
[2026-09-05 02:35:56] OK - loi-1962-2.pdf (N/A) - téléchargé (0.1 Mo)
[2026-09-05 02:35:56] OK - loi-1962-3.pdf (N/A) - téléchargé (0.0 Mo)
[2026-09-05 02:35:56] OK - loi-1962-17.pdf (N/A) - téléchargé (1.2 Mo)
[2026-09-05 02:35:57] OK - loi-1963-9.pdf (N/A) - téléchargé (2.3 Mo)
[2026-09-05 02:35:57] OK - loi-1962-1.pdf (N/A) - téléchargé (0.0 Mo)
[2026-09-05 02:35:57] OK - loi-1988-005.pdf (N/A) - téléchargé (10.9 Mo)
[2026-09-05 02:35:57] OK - loi-1962-7.pdf (N/A) - téléchargé (0.0 Mo)
[2026-09-05 02:35:57] OK - loi-1962-6.pdf (N/A) - téléchargé (0.0 Mo)
[2026-09-05 02:35:57] OK - loi-1962-8.pdf (N/A) - téléchargé (0.1 Mo)
[2026-09-05 02:35:57] OK - loi-1962-11.pdf (N/A) - téléchargé (0.0 Mo)
[2026-09-05 02:35:57] OK - loi-1962-10.pdf (N/A) - téléchargé (0.1 Mo)
[2026-09-05 02:35:58] OK - loi-1962-4.pdf (N/A) - téléchargé (1.1 Mo)
[2026-09-05 02:35:58] OK - loi-1962-13.pdf (N/A) - téléchargé (0.2 Mo)
[2026-09-05 02:35:58] OK - loi-1962-18.pdf (N/A) - téléchargé (0.7 Mo)
[2026-09-05 02:35:58] OK - loi-1961-54.pdf (N/A) - téléchargé (0.2 Mo)
[2026-09-05 02:35:58] OK - loi-1962-14.pdf (N/A) - téléchargé (0.2 Mo)
[2026-09-05 02:35:58] OK - loi-1961-52.pdf (N/A) - téléchargé (0.5 Mo)
[2026-09-05 02:35:58] OK - loi-1961-57.pdf (N/A) - téléchargé (0.1 Mo)
[2026-09-05 02:35:58] OK - loi-1962-23.pdf (N/A) - téléchargé (2.2 Mo)
[2026-09-05 02:35:58] OK - loi-1961-56.pdf (N/A) - téléchargé (0.9 Mo)
[2026-09-05 02:35:59] OK - loi-1961-58.pdf (N/A) - téléchargé (0.2 Mo)
[2026-09-05 02:35:59] OK - loi-1961-50.pdf (N/A) - téléchargé (0.0 Mo)
[2026-09-05 02:35:59] OK - loi-1961-48.pdf (N/A) - téléchargé (0.2 Mo)
[2026-09-05 02:35:59] OK - loi-1961-49.pdf (N/A) - téléchargé (0.3 Mo)
[2026-09-05 02:35:59] OK - loi-1961-37.pdf (N/A) - téléchargé (0.0 Mo)
[2026-09-05 02:35:59] OK - loi-1961-55.pdf (N/A) - téléchargé (0.0 Mo)
[2026-09-05 02:35:59] OK - loi-1961-32.pdf (N/A) - téléchargé (0.2 Mo)
[2026-09-05 02:35:59] OK - loi-1961-20.pdf (N/A) - téléchargé (0.1 Mo)
[2026-09-05 02:35:59] OK - loi-1961-28.pdf (N/A) - téléchargé (0.0 Mo)
[2026-09-05 02:36:00] OK - loi-1961-8.pdf (N/A) - téléchargé (0.0 Mo)
[2026-09-05 02:36:00] OK - loi-1961-9.pdf (N/A) - téléchargé (0.1 Mo)
[2026-09-05 02:36:00] OK - loi-1961-7.pdf (N/A) - téléchargé (0.1 Mo)
[2026-09-05 02:36:00] OK - loi-1961-10.pdf (N/A) - téléchargé (0.1 Mo)
[2026-09-05 02:36:00] OK - loi-1961-1.pdf (N/A) - téléchargé (0.0 Mo)
[2026-09-05 02:36:00] OK - loi-1965-05.pdf (N/A) - téléchargé (0.9 Mo)
[2026-09-05 02:36:00] OK - loi-1961-2.pdf (N/A) - téléchargé (0.0 Mo)
[2026-09-05 02:36:00] OK - loi-1961-6.pdf (N/A) - téléchargé (0.0 Mo)
[2026-09-05 02:36:01] OK - loi-1961-59.pdf (N/A) - téléchargé (3.1 Mo)
[2026-09-05 02:36:01] OK - loi-1961-3.pdf (N/A) - téléchargé (0.1 Mo)
[2026-09-05 02:36:01] OK - loi-1962-30.pdf (N/A) - téléchargé (7.3 Mo)
[2026-09-05 02:36:01] OK - loi-1961-5.pdf (N/A) - téléchargé (0.4 Mo)
[2026-09-05 02:36:01] OK - loi-1960-36.pdf (N/A) - téléchargé (1.1 Mo)
[2026-09-05 02:36:02] OK - loi-1964-3.pdf (N/A) - téléchargé (8.0 Mo)
[2026-09-05 02:36:02] OK - loi-1964-16.pdf (N/A) - téléchargé (2.8 Mo)
[2026-09-05 02:36:03] OK - loi-2024-09.pdf (N/A) - téléchargé (6.7 Mo)
[2026-09-05 02:36:03] OK - loi-1983-005.pdf (N/A) - téléchargé (8.7 Mo)
[2026-09-05 02:36:05] OK - loi-1986-021.pdf (N/A) - téléchargé (9.6 Mo)
[2026-09-05 02:36:06] OK - loi-1964-17.pdf (N/A) - téléchargé (13.7 Mo)
[2026-09-05 02:36:07] OK - loi-1963-5.pdf (N/A) - téléchargé (8.9 Mo)
[2026-09-05 02:36:07] OK - loi-1964-15.pdf (N/A) - téléchargé (7.2 Mo)
[2026-09-05 02:36:08] Résumé final: 1517 OK, 20 ERROR, 88 SKIP sur 1625 total
[2026-09-05 02:48:02] OK - loi-2026-16.pdf - complété (28.5 Mo)
[2026-09-05 02:51:27] OK - loi-2025-14.pdf - complété (36.6 Mo)
[2026-09-05 02:51:48] OK - loi-2024-01.pdf - complété (65.5 Mo)
[2026-09-05 02:54:28] OK - loi-2021-15.pdf - complété (87.5 Mo)
[2026-09-05 02:54:45] OK - loi-2021-14.pdf - complété (33.8 Mo)
[2026-09-05 02:55:00] OK - loi-2020-26.pdf - complété (32.2 Mo)
[2026-09-05 03:02:16] OK - loi-2019-06.pdf - complété (106.7 Mo)
[2026-09-05 03:03:30] OK - loi-2018-31.pdf - complété (40.2 Mo)
[2026-09-05 03:05:01] OK - loi-2017-20.pdf - complété (48.9 Mo)
[2026-09-05 03:06:31] OK - loi-2014-20.pdf - complété (49.1 Mo)
[2026-09-05 03:06:52] OK - loi-2013-14.pdf - complété (41.1 Mo)
[2026-09-05 03:07:41] OK - loi-2012-15.pdf - complété (139.0 Mo)
[2026-09-05 03:07:41] OK - loi-2004-23.pdf - complété (0.0 Mo)
[2026-09-05 03:07:42] OK - loi-99-002.pdf - complété (0.0 Mo)
[2026-09-05 03:07:43] OK - loi-97-025.pdf - complété (0.0 Mo)
[2026-09-05 03:07:43] OK - loi-94-019.pdf - complété (0.0 Mo)
[2026-09-05 03:07:44] OK - loi-94-020.pdf - complété (0.0 Mo)
[2026-09-05 03:07:44] OK - loi-93-010.pdf - complété (0.0 Mo)
[2026-09-05 03:07:45] OK - loi-93-009.pdf - complété (0.0 Mo)
[2026-09-05 03:07:45] OK - loi-92-008.pdf - complété (0.0 Mo)
[2026-09-05 03:45:14] OK - loi-2022-31.pdf - doublon (1.3 Mo)
[2026-09-05 03:45:17] OK - loi-2022-29.pdf - doublon (1.7 Mo)
[2026-09-05 03:45:20] OK - loi-2020-35.pdf - doublon (0.9 Mo)
[2026-09-05 03:45:21] OK - loi-2020-12.pdf - doublon (0.5 Mo)
[2026-09-05 03:45:24] OK - loi-2017-44.pdf - doublon (3.7 Mo)
[2026-09-05 03:45:34] OK - loi-2017-40.pdf - doublon (16.9 Mo)
[2026-09-05 03:45:37] OK - loi-2017-06.pdf - doublon (4.9 Mo)
[2026-09-05 03:45:42] OK - loi-2017-08.pdf - doublon (8.3 Mo)
[2026-09-05 03:45:50] OK - loi-2016-24.pdf - doublon (18.6 Mo)
[2026-09-05 03:45:58] OK - loi-2016-14.pdf - doublon (17.0 Mo)
[2026-09-05 03:45:59] OK - loi-2015-29.pdf - doublon (0.4 Mo)
[2026-09-05 03:46:01] OK - loi-2015-12.pdf - doublon (0.4 Mo)
[2026-09-05 03:46:02] OK - loi-2013-03.pdf - doublon (0.0 Mo)
[2026-09-05 03:46:02] OK - loi-2012-38.pdf - doublon (0.1 Mo)
[2026-09-05 03:46:03] OK - loi-2012-03.pdf - doublon (0.0 Mo)
[2026-09-05 03:46:04] OK - loi-2012-7.pdf - doublon (0.4 Mo)
[2026-09-05 03:46:06] OK - loi-2012-6.pdf - doublon (0.4 Mo)
[2026-09-05 03:46:07] OK - loi-2012-8.pdf - doublon (0.4 Mo)
[2026-09-05 03:46:08] OK - loi-2012-12.pdf - doublon (0.4 Mo)
[2026-09-05 03:46:09] OK - loi-2012-4.pdf - doublon (0.4 Mo)
[2026-09-05 03:46:10] OK - loi-2012-01.pdf - doublon (0.0 Mo)
[2026-09-05 03:46:11] OK - loi-2012-02.pdf - doublon (0.0 Mo)
[2026-09-05 03:46:12] OK - loi-2010-44.pdf - doublon (1.1 Mo)
[2026-09-05 03:46:13] OK - loi-2005-26.pdf - doublon (0.2 Mo)
[2026-09-05 03:46:14] OK - loi-2010-20.pdf - doublon (0.0 Mo)
[2026-09-05 03:46:15] OK - loi-2009-01.pdf - doublon (0.2 Mo)
[2026-09-05 03:46:17] OK - loi-2005-43.pdf - doublon (1.5 Mo)
[2026-09-05 03:46:18] OK - loi-2005-31.pdf - doublon (0.5 Mo)
[2026-09-05 03:46:20] OK - loi-2005-30.pdf - doublon (1.6 Mo)
[2026-09-05 03:46:22] OK - loi-2005-42.pdf - doublon (1.3 Mo)
[2026-09-05 03:46:23] OK - loi-2005-40.pdf - doublon (0.0 Mo)
[2026-09-05 03:46:24] OK - loi-2005-41.pdf - doublon (0.2 Mo)
[2026-09-05 03:46:25] OK - loi-2005-37.pdf - doublon (0.0 Mo)
[2026-09-05 03:46:26] OK - loi-2005-38.pdf - doublon (1.1 Mo)
[2026-09-05 03:46:27] OK - loi-2005-39.pdf - doublon (0.7 Mo)
[2026-09-05 03:46:28] OK - loi-2005-36.pdf - doublon (0.2 Mo)
[2026-09-05 03:46:29] OK - loi-2005-35.pdf - doublon (0.0 Mo)
[2026-09-05 03:46:30] OK - loi-2005-34.pdf - doublon (0.0 Mo)
[2026-09-05 03:46:31] OK - loi-2005-33.pdf - doublon (0.2 Mo)
[2026-09-05 03:46:32] OK - loi-2005-16.pdf - doublon (0.6 Mo)
[2026-09-05 03:46:33] OK - loi-2005-24.pdf - doublon (0.2 Mo)
[2026-09-05 03:46:34] OK - loi-2005-32.pdf - doublon (0.0 Mo)
[2026-09-05 03:46:35] OK - loi-2005-27.pdf - doublon (0.0 Mo)
[2026-09-05 03:46:36] OK - loi-2005-28.pdf - doublon (0.0 Mo)
[2026-09-05 03:46:36] OK - loi-2005-29.pdf - doublon (0.0 Mo)
[2026-09-05 03:46:38] OK - loi-2005-14.pdf - doublon (1.9 Mo)
[2026-09-05 03:46:39] OK - loi-2005-25.pdf - doublon (0.0 Mo)
[2026-09-05 03:46:40] OK - loi-2005-22.pdf - doublon (0.0 Mo)
[2026-09-05 03:46:40] OK - loi-2005-23.pdf - doublon (0.0 Mo)
[2026-09-05 03:46:41] OK - loi-2005-18.pdf - doublon (0.0 Mo)
[2026-09-05 03:46:42] OK - loi-2005-19.pdf - doublon (0.0 Mo)
[2026-09-05 03:46:43] OK - loi-2005-20.pdf - doublon (0.0 Mo)
[2026-09-05 03:46:43] OK - loi-2005-21.pdf - doublon (0.1 Mo)
[2026-09-05 03:46:44] OK - loi-2005-17.pdf - doublon (0.0 Mo)
[2026-09-05 03:46:45] OK - loi-2005-15.pdf - doublon (0.0 Mo)
[2026-09-05 03:46:46] OK - loi-2005-07.pdf - doublon (0.1 Mo)
[2026-09-05 03:46:47] OK - loi-2005-10.pdf - doublon (0.0 Mo)
[2026-09-05 03:46:48] OK - loi-2005-11.pdf - doublon (0.0 Mo)
[2026-09-05 03:46:49] OK - loi-2005-13.pdf - doublon (0.1 Mo)
[2026-09-05 03:46:50] OK - loi-2005-09.pdf - doublon (0.0 Mo)
[2026-09-05 03:46:50] OK - loi-2005-05.pdf - doublon (0.0 Mo)
[2026-09-05 03:46:51] OK - loi-2005-06.pdf - doublon (0.0 Mo)
[2026-09-05 03:46:52] OK - loi-2005-08.pdf - doublon (0.1 Mo)
[2026-09-05 03:46:53] OK - loi-2005-02.pdf - doublon (0.0 Mo)
[2026-09-05 03:46:53] OK - loi-2005-03.pdf - doublon (0.0 Mo)
[2026-09-05 03:46:54] OK - loi-2005-04.pdf - doublon (0.0 Mo)
[2026-09-05 03:46:56] OK - loi-1998-026.pdf - doublon (0.4 Mo)
[2026-09-05 03:46:57] OK - loi-1998-003.pdf - doublon (0.4 Mo)
[2026-09-05 03:46:58] OK - loi-97-038.pdf - doublon (0.0 Mo)
[2026-09-05 03:46:59] OK - loi-97-039.pdf - doublon (0.0 Mo)
[2026-09-05 03:47:01] OK - loi-1996-21.pdf - doublon (0.5 Mo)
[2026-09-05 03:47:01] OK - loi-1996-005.pdf - doublon (0.0 Mo)
[2026-09-05 03:47:03] OK - loi-1995-13.pdf - doublon (0.4 Mo)
[2026-09-05 03:47:03] OK - loi-1995-2.pdf - doublon (0.0 Mo)
[2026-09-05 03:47:04] OK - loi-1995-1.pdf - doublon (0.0 Mo)
[2026-09-05 03:47:05] OK - loi-1995-4.pdf - doublon (0.0 Mo)
[2026-09-05 03:47:05] OK - loi-94-013.pdf - doublon (0.0 Mo)
[2026-09-05 03:47:08] OK - loi-1994-021.pdf - doublon (0.1 Mo)
[2026-09-05 03:47:09] OK - loi-1994-019.pdf - doublon (0.1 Mo)
[2026-09-05 03:47:10] OK - loi-1994-020.pdf - doublon (0.5 Mo)
[2026-09-05 03:47:11] OK - loi-1994-022.pdf - doublon (0.0 Mo)
[2026-09-05 03:47:12] OK - loi-1993-011.pdf - doublon (0.1 Mo)
[2026-09-05 03:47:14] OK - loi-97-035.pdf - doublon (0.0 Mo)
